t,Q_num,Q_exact,Q_error,tau_num,tau_exact,tau_error
0.0,0.0,1.7109754533829183e-09,1.7109754533829183e-09,0.0,0.0010132097255838083,0.0010132097255838083
0.0010000000000000002,0.001932133333333334,0.0019524233569023495,2.029002356901551e-05,0.023760000000000003,0.03568248232305536,0.011922482323055358
0.0020000000000000005,0.0038352058311111126,0.0038654329321587614,3.022710104764884e-05,0.04023315911111113,0.050462650440403226,0.010229491329292094
0.003000000000000001,0.0057151955109736325,0.005752784510704942,3.758899973130975e-05,0.05296104978204445,0.061803872323710395,0.008842822541665941
0.004000000000000001,0.007575674976314864,0.0076193868552205555,4.371187890569138e-05,0.06351621999019806,0.07136496464611092,0.007848744655912857
0.005000000000000001,0.009419003760158515,0.009468076959464503,4.907319930598855e-05,0.07267252953695641,0.07978845608028645,0.007115926543330042
0.006000000000000001,0.011246865602606975,0.01130076900442088,5.390340181390604e-05,0.08085121468094086,0.08740387444736628,0.006552659766425412
0.007000000000000001,0.013060533203871651,0.013118868239042623,5.8335035170971675e-05,0.0883032329217513,0.09440697438826291,0.006103741466511617
0.008000000000000002,0.014861010427368756,0.014923463457271207,6.245302990245082e-05,0.09518980888653217,0.10092530088080634,0.005735491994274172
0.009000000000000003,0.016649114825795022,0.016715430636369807,6.63158105747852e-05,0.10162098216888754,0.10704744696916631,0.005426464800278766
0.010000000000000004,0.018425528803518172,0.018495494443872502,6.996564035433028e-05,0.10767554076827765,0.11283791670955118,0.005162375941273528
0.011000000000000005,0.020190833117637898,0.020264267386673532,7.343426903563474e-05,0.11341208182990399,0.11834540545406387,0.00493332362415988
0.012000000000000005,0.02194552981924452,0.022022276085641043,7.674626639652196e-05,0.11887553820916795,0.12360774464742061,0.004732206438252659
0.013000000000000006,0.02369005855161128,0.023769979659371835,7.992110776055411e-05,0.12410123610886577,0.12865501965161366,0.004553783542747894
0.014000000000000007,0.02542480848689482,0.025507783026833323,8.297453993850318e-05,0.12911753106525473,0.13351162356249088,0.004394092497236157
0.015000000000000008,0.027150127294539514,0.02723604680422914,8.591950968962758e-05,0.13394758487065514,0.13819765978853418,0.004250074917879043
0.016000000000000007,0.02886632802713169,0.02895509484176568,8.876681463398928e-05,0.1386106015040364,0.14272992929222164,0.004119327788185245
0.017000000000000008,0.030573694506632727,0.03066522007835016,9.152557171743236e-05,0.14312271010673028,0.1471226436021926,0.003999933495462321
0.01800000000000001,0.032272485606222645,0.032366689168290795,9.420356206815e-05,0.14749761055772864,0.15138795132120958,0.0038903407634809373
0.01900000000000001,0.03396293870274052,0.03405974619264431,9.680748990379545e-05,0.15174705509088834,0.15553633450087515,0.003789279409986801
0.02000000000000001,0.035645272495422695,0.035744615675717954,9.934318029525963e-05,0.1558812140232962,0.15957691216057315,0.003695698137276965
0.02100000000000001,0.03731968933302084,0.03742150506557866,0.00010181573255781812,0.1599089578800345,0.16351767622932512,0.003608718349290607
0.022000000000000013,0.038986377154298854,0.03909060679516127,0.00010422964086241604,0.16383807810078482,0.16736567743768016,0.0035275993368953373
0.023000000000000013,0.04064551112074331,0.040752100010981056,0.00010658889023774237,0.16767546188717733,0.17112717355495807,0.0034517116677807436
0.024000000000000014,0.042297255001528464,0.042406152035368405,0.00010889703383994143,0.17142723230371304,0.17480774889473255,0.003380516591019511
0.025000000000000015,0.04394176235705756,0.044052919612823975,0.00011115725576641561,0.1750988617013863,0.1784124116152771,0.0033135499138907953
0.026000000000000016,0.04557917755723961,0.045692549979831944,0.0001133724225923366,0.17869526441126646,0.18194567365868922,0.0032504092474227586
0.027000000000000017,0.047209636663031976,0.04732518178903914,0.00011554512600716466,0.18222087315145524,0.185411616971131,0.0031907438196757676
0.028000000000000018,0.04883326819398201,0.04895094591234288,0.00011767771836086738,0.18567970250884128,0.18881394877652596,0.003134246267684687
0.02900000000000002,0.05045019380004627,0.05056996614255688,0.00011977234251060731,0.18907540206777948,0.19215604803731715,0.0030806459695376653
0.03000000000000002,0.052060528852507365,0.05218235980955318,0.00012183095704581398,0.19241130117470104,0.19544100476116807,0.0030297035864670363
0.03100000000000002,0.053664382966097365,0.05378823832383422,0.00012385535773685313,0.19569044689178186,0.19867165345562016,0.0029812065638382956
0.03200000000000002,0.05526186046229306,0.05538770765817101,0.00012584719587795112,0.19891563636343848,0.20185060176161268,0.0029349653981741997
0.03300000000000002,0.056853060782039014,0.056980868776093645,0.0001278079940546309,0.20208944456802908,0.2049802550887772,0.0028908105207481327
0.03400000000000002,0.05843807885478118,0.05856781801454683,0.00012973915976564887,0.20521424823346007,0.20806283791440278,0.0028485896809427036
0.035000000000000024,0.06001700542958269,0.06014864742682874,0.0001316419972460514,0.20829224654486675,0.21110041228223492,0.002808165737368168
0.036000000000000025,0.0615899273731877,0.061723445090959825,0.00013351771777212612,0.2113254791545905,0.21409489393832615,0.0027694147837356575
0.037000000000000026,0.06315692793915789,0.06329229538783955,0.00013536744868165862,0.2143158419115404,0.2170480664626961,0.002732224551155682
0.03800000000000003,0.06471808701159341,0.06485527925289122,0.00013719224129780938,0.21726510065296065,0.21996159369290647,0.0026964930399458187
0.03900000000000003,0.06627348132644317,0.06641247440436092,0.00013899307791774562,0.22017490334231943,0.22283703068530722,0.002662127342987791
0.04000000000000003,0.06782318467298587,0.06796395555098138,0.00014077087799550803,0.22304679078924625,0.2256758334189841,0.0026290426297378433
0.04100000000000003,0.0693672680777094,0.06950979458133981,0.0001425265036304052,0.22588220614870294,0.22847936741429944,0.0025971612655965037
0.04200000000000003,0.0709057999725171,0.07105006073697147,0.00014426076445436808,0.22868250336498747,0.2312489154108261,0.0025664120458386286
0.04300000000000003,0.07243884634893805,0.07258482077093432,0.0001459744219962783,0.23144895470027396,0.2339856842271761,0.0025367295269021484
0.04400000000000003,0.07396647089980346,0.0741141390933942,0.00014766819359074423,0.23418275746606412,0.236690810906808,0.002508053440743868
0.04500000000000003,0.07548873514966986,0.07563807790555623,0.00014934275588636414,0.23688504005825647,0.23936536823860013,0.0024803281803436605
0.046000000000000034,0.07700569857511207,0.077156697323118,0.00015099874800593438,0.23955686738185109,0.24201036972821574,0.0024535023463646555
0.047000000000000035,0.07851741871587645,0.07867005549027169,0.00015263677439524004,0.24219924573903184,0.24462677408559136,0.0024275283465595154
0.048000000000000036,0.08002395127776765,0.08017820868516952,0.0001542574074018671,0.24481312724406942,0.24721548928489812,0.0024023620408286928
0.04900000000000004,0.08152535022804352,0.08168121141765401,0.00015586118961048723,0.24739941381981495,0.2497773762457187,0.00237796242590374
0.05000000000000004,0.08302166788400478,0.08317911651996952,0.00015744863596474368,0.2499589608232184,0.25231325217775474,0.002354291354536353
0.05100000000000004,0.08451295499539165,0.08467197523109093,0.00015902023569928925,0.2524925803410808,0.25482389362589974,0.0023313132848189477
0.05200000000000004,0.08599926082113313,0.08615983727523184,0.00016057645409871257,0.2550010441919487,0.2573100392478388,0.0023089950558901062
0.05300000000000004,0.08748063320093719,0.08764275093504452,0.00016211773410733377,0.2574850866655276,0.2597723923523337,0.0022873056868060737
0.05400000000000004,0.08895711862215934,0.08912076311995902,0.00016364449779968093,0.2599454070271088,0.2622116232229133,0.002266216195804527
0.05500000000000004,0.09042876228234281,0.09059391943007339,0.00016515714773057688,0.2623826718111632,0.2646283712487239,0.0022456994375607
0.05600000000000004,0.09189560814778444,0.09206226421595672,0.00016665606817227452,0.26479751692537706,0.2670232468817368,0.0022257299563597233
0.057000000000000044,0.0933576990084447,0.09352584063469885,0.00016814162625414242,0.2671905495839106,0.26939683343728626,0.002206283853375679
0.058000000000000045,0.09481507652949128,0.09498469070250229,0.00016961417301100679,0.26956235008650253,0.27174968875298894,0.0021873386664864047
0.059000000000000045,0.0962677812997364,0.09643885534408594,0.0001710740443495451,0.2719134734581624,0.27408234671940707,0.0021688732612446526
0.060000000000000046,0.09771585287720529,0.09788837443914758,0.00017252156194229318,0.2742444509625551,0.2763953186943617,0.0021508677318065605
0.06100000000000005,0.09915932983205057,0.09933328686610265,0.00017395703405208296,0.2765557915007509,0.27868909481150667,0.0021333033107557853
0.06200000000000005,0.10059824978700868,0.10077363054330606,0.0001753807562973747,0.278847982905759,0.2809641451926558,0.002116162286896761
0.06300000000000004,0.10203264945557641,0.10220944246793665,0.00017679301236023237,0.2811214931421628,0.28322092107235824,0.0020994279301954633
0.06400000000000004,0.10346256467807069,0.10364075875271495,0.00017819407464425563,0.28337677141920325,0.285459855842349,0.0020830844231457535
0.06500000000000004,0.1048880304557204,0.10506761466060564,0.00017958420488524418,0.28561424922480666,0.2876813660227251,0.0020671167979184335
0.06600000000000004,0.10630908098292674,0.1064900446376461,0.00018096365471935438,0.28783434128729396,0.2898858521660191,0.002051510878725127
0.06700000000000005,0.10772574967781684,0.10790808234402942,0.0001823326662125785,0.2900374464708409,0.29207369969973596,0.0020362532288950574
0.06800000000000005,0.10913806921120568,0.10932176068355907,0.00018369147235339223,0.2922239486101683,0.29424527971237746,0.002021331102209145
0.06900000000000005,0.11054607153407173,0.11073111183158461,0.00018504029751288675,0.29439421728941023,0.2964009496875062,0.002006732398095956
0.07000000000000005,0.1119497879036431,0.11213616726151804,0.00018637935787493842,0.29654860856964094,0.29854105418997146,0.0019924456203305185
0.07100000000000005,0.11334924890818446,0.11353695777002165,0.0001877088618371936,0.29868746566912274,0.3006659255080358,0.001978459838913038
0.07200000000000005,0.11474448449056612,0.11493351350095342,0.00018902901038729547,0.30081111959996215,0.30277588425480517,0.001964764654843021
0.07300000000000005,0.1161355239706929,0.11632586396814702,0.000190339997454117,0.30291988976452644,0.3048712399320581,0.0019513501675316736
0.07400000000000005,0.11752239606686213,0.11771403807710112,0.00019164201023899596,0.3050140845146743,0.3069522914592931,0.00193820694461877
0.07500000000000005,0.11890512891611668,0.11909806414564024,0.00019293522952355813,0.30709400167658313,0.3090193276705705,0.0019253259939873701
0.07600000000000005,0.12028375009365375,0.12047796992361513,0.00019421982996138676,0.3091599290437133,0.3110726277815027,0.0019126987377893756
0.07700000000000005,0.12165828663134476,0.12185378261169538,0.000195495980350624,0.3112121448402328,0.31311246182854235,0.0019003169883095583
0.07800000000000006,0.12302876503541921,0.12322552887931026,0.00019676384389105683,0.31325091815702755,0.315139091082546,0.001888172925518461
0.07900000000000006,0.12439521130336069,0.1245932348817861,0.0001980235784254103,0.3152765093622449,0.31715276843841766,0.0018762590761727815
0.08000000000000006,0.1257576509400601,0.12595692627672758,0.00019927533666747044,0.31728917048815813,0.3191537387824977,0.0018645682943395636
0.08100000000000006,0.12711610897326803,0.12731662823968473,0.00020051926641670437,0.3192891455959925,0.321142239339222,0.0018530937432295058
0.08200000000000006,0.12847060996838536,0.12867236547914623,0.00020175551076087594,0.3212766711202229,0.3231184999984594,0.0018418288782364733
0.08300000000000006,0.12982117804262922,0.13002416225089658,0.00020298420826736496,0.3232519761937326,0.3250827436248202,0.001830767431087621
0.08400000000000006,0.13116783687860697,0.13137204237177091,0.0002042054931639392,0.32521528295511204,0.32703518635013396,0.0018199033950219157
0.08500000000000006,0.13251060973733192,0.1327160292328419,0.00020541949550997862,0.32716680683928145,0.3289760378501965,0.0018092310109150689
0.08600000000000006,0.13384951947070856,0.134056145812067,0.0002066263413584568,0.3291067568525247,0.33090550160680726,0.001798744754282544
0.08700000000000006,0.135184588533517,0.13539241468642607,0.00020782615290906858,0.33103533583294514,0.33282377515603956,0.0017884393230944151
0.08800000000000006,0.1365158389949213,0.13672485804357537,0.00020901904865405774,0.33295274069727354,0.33473105032361616,0.0017783096263426224
0.08900000000000007,0.13784329254952687,0.1380534976930431,0.00021020514351621777,0.3348591626748946,0.336627513448203,0.001768350773308447
0.09000000000000007,0.1391669705280098,0.13937835507698954,0.0002113845489797317,0.3367547875298893,0.3385133455933638,0.0017585580634745246
0.09100000000000007,0.14048689390733926,0.1406994512805542,0.0002125573732149333,0.3386397957718377,0.3403887227488824,0.0017489269770446514
0.09200000000000007,0.14180308332061364,0.142016807041811,0.00021372372119735084,0.34051436285607123,0.34225381602209093,0.0017394531660197
0.09300000000000007,0.14311555906652912,0.14333044276134893,0.00021488369481981184,0.34237865937401346,0.3441087918198129,0.0017301324457994482
0.09400000000000007,0.14442434111849858,0.14464037851149897,0.0002160373930003845,0.34423285123420716,0.34595381202147557,0.0017209607872684107
0.09500000000000007,0.14572944913343777,0.14594663404522243,0.00021718491178465693,0.3460770998345807,0.3477890341439179,0.001711934309337193
0.09600000000000007,0.14703090246023442,0.14724922880467844,0.00021832634444401977,0.34791156222647,0.3496146114983768,0.001703049271906787
0.09700000000000007,0.1483287201479151,0.14854818192948377,0.00021946178156867502,0.34973639127087713,0.3514306933401069,0.0016943020692297694
0.09800000000000007,0.14962292095352409,0.1498435122646812,0.00022059131115712005,0.35155173578741566,0.35323742501105676,0.0016856892236410959
0.09900000000000007,0.15091352334972744,0.15113523836842915,0.00022171501870171806,0.3533577406963588,0.3550349480759942,0.0016772073796353926
0.10000000000000007,0.15220054553215462,0.15242337851942472,0.00022283298727010514,0.35515454715418515,0.3568234004524542,0.0016688532982690463
0.10100000000000008,0.1534840054264895,0.15370795072407317,0.0002239452975836831,0.3569422926829838,0.3586029165348503,0.0016606238518665495
0.10200000000000008,0.1547639206953222,0.15498897272341491,0.00022505202809272595,0.3587211112940634,0.3603736273130753,0.001652516019011896
0.10300000000000008,0.15604030874477154,0.15626646199982042,0.00022615325504887762,0.36049113360608465,0.36213566048589135,0.001644526879806707
0.10400000000000008,0.1573131867308893,0.15754043578346247,0.00022724905257318073,0.36225248695801276,0.363889140569395,0.0016366536113822105
0.10500000000000008,0.15858257156585415,0.15881091105857806,0.0002283394927239113,0.3640052955171759,0.3656341890008197,0.0016288934836437563
0.10600000000000008,0.15984847992396564,0.1600779045695247,0.0002294246455590565,0.36574968038268635,0.367370924237928,0.0016212438552416497
0.10700000000000008,0.16111092824744572,0.1613414328266447,0.00023050457919898681,0.36748575968447617,0.3690994618542231,0.0016137021697469334
0.10800000000000008,0.1623699327520562,0.1626015121119413,0.00023157935988510348,0.36921364867817585,0.3708199146302024,0.0016062659520265643
0.10900000000000008,0.16362550943253967,0.16385815848457594,0.00023264905203626562,0.37093345983605325,0.37253239264085575,0.0015989328048024998
0.11000000000000008,0.16487767406789114,0.1651113877861959,0.00023371371830477328,0.3726453029342186,0.37423700333960475,0.0015917004053861428
0.11100000000000008,0.166126442226467,0.16636121564609577,0.00023477341962876985,0.3743492851362856,0.37593385163886234,0.001584566502576712
0.11200000000000009,0.16737182927093805,0.16760765748622125,0.00023582821528320141,0.3760455110736697,0.37762303998738506,0.0015775289137153758
0.11300000000000009,0.1686138503630928,0.1688507285260223,0.00023687816292949915,0.37773408292269334,0.37930466844457844,0.001570585521885104
0.11400000000000009,0.16985252046849636,0.1700904437871595,0.00023792331866315242,0.37941510047865684,0.3809788347519074,0.0015637342732505721
0.11500000000000009,0.17108785436101143,0.1713268180980713,0.0002389637370598663,0.3810886612270265,0.3826456344015528,0.0015569731745262994
0.11600000000000009,0.17231986662718557,0.17255986609840535,0.00023999947121977616,0.38275486041188034,0.38430516070245047,0.001550300290570128
0.11700000000000009,0.17354857167051074,0.17378960224332207,0.00024103057281132934,0.38441379110174534,0.38595750484383856,0.0015437137420932223
0.11800000000000009,0.1747739837155593,0.1750160408076714,0.00024205709211211346,0.3860655442529523,0.38760275595643157,0.0015372117034792576
0.11900000000000009,0.1759961168120016,0.17623919589005163,0.00024307907805001805,0.3877102087706266,0.38924100117133575,0.0015307924007091356
0.12000000000000009,0.1772149848385086,0.17745908141675043,0.0002440965782418425,0.38934787156742645,0.39087232567681085,0.0015244541093843988
0.1210000000000001,0.17843060150654472,0.17867571114557648,0.0002451096390317653,0.39097861762013475,0.3924968127729786,0.0015181951528438486
0.1220000000000001,0.17964298036405435,0.17988909866958197,0.0002461183055276206,0.39260253002420464,0.39411454392457307,0.0015120139003684252
0.1230000000000001,0.18085213479904555,0.1810992574206825,0.00024712262163695264,0.39421969004635227,0.3957255988118235,0.0015059087654712422
0.1240000000000001,0.1820580780430752,0.18230620067317685,0.0002481226301016548,0.39583017717528635,0.3973300553795518,0.001499878204265448
0.12500000000000008,0.18326082317463843,0.18350994154716965,0.0002491183725312207,0.39743406917065877,0.3989279898845681,0.001493920713909358
0.12600000000000008,0.1844603831224661,0.18471049301190182,0.0002501098894357179,0.3990314421103157,0.40051947694143664,0.0014880348311209213
0.12700000000000009,0.1856567706687331,0.18590786788899039,0.0002510972202572903,0.4006223704359248,0.40210458956668643,0.0014822191307616306
0.12800000000000009,0.1868499984521806,0.18710207885558172,0.0002520804034011337,0.40220692699705046,0.40368339922153407,0.0014764722244836048
0.1290000000000001,0.18804007897115552,0.1882931384474203,0.00025305947626477754,0.40378518309374256,0.4052559758531811,0.0014707927594385661
0.1300000000000001,0.18922702458656898,0.18948105906183713,0.0002540344752681445,0.40535720851770624,0.4068223879347507,0.0014651794170444377
0.1310000000000001,0.19041084752477772,0.1906658529606585,0.0002550054358807785,0.40692307159211044,0.4083827025039152,0.0014596309118047324
0.1320000000000001,0.19159155988038978,0.19184753227303972,0.00025597239264993354,0.4084828392100934,0.4099369852002782,0.0014541459901848408
0.1330000000000001,0.19276917361899765,0.19302610899822464,0.00025693537922699683,0.41003657687202133,0.4114853003015535,0.0014487234295321727
0.1340000000000001,0.19394370057984092,0.19420159500823428,0.0002578944283933571,0.4115843487215496,0.41302771075859784,0.001443362037048257
0.1350000000000001,0.1951151524784005,0.19537400205048647,0.00025884957208596737,0.41312621758053797,0.4145642782293401,0.001438060648802142
0.1360000000000001,0.19628354090892713,0.19654334175034857,0.000259800841421437,0.4146622449828641,0.4160950631116518,0.001432818128787705
0.1370000000000001,0.19744887734690533,0.19770962561362573,0.00026074826672040086,0.4161924912071825,0.4176201245752035,0.0014276333680209863
0.1380000000000001,0.19861117315145574,0.19887286502898613,0.00026169187753039,0.4177170153086682,0.4191395205923445,0.0014225052836762675
0.1390000000000001,0.19977043956767698,0.2000330712703254,0.00026263170264842484,0.4192358751497877,0.42065330796804573,0.0014174328182580131
0.1400000000000001,0.20092668772892922,0.2011902554990724,0.00026356777014319155,0.4207491274301327,0.42216154236894077,0.0014124149388080598
0.1410000000000001,0.20207992865906116,0.2023444287664378,0.0002645001073766362,0.4222568277153566,0.4236642783515017,0.0014074506361451133
0.1420000000000001,0.20323017327458198,0.20349560201560604,0.00026542874102405967,0.4237590304652435,0.42516156938937955,0.0014025389241360542
0.1430000000000001,0.20437743238678024,0.20464378608387557,0.00026635369709532286,0.42525578906094696,0.4266534678999446,0.0013976788389976624
0.1440000000000001,0.20552171670379055,0.20578899170474432,0.0002672750009537761,0.42674715583142686,0.42814002527005196,0.0013928694386250995
0.1450000000000001,0.20666303683261056,0.2069312295099463,0.0002681926773357435,0.4282331820791159,0.4296212918810653,0.0013881098019493665
0.1460000000000001,0.2078014032810685,0.20807051003143806,0.0002691067503695632,0.4297139181048432,0.4310973171331621,0.0013833990283188546
0.1470000000000001,0.20893682645974396,0.20920684370333711,0.00027001724359315693,0.4311894132320419,0.43256814946894906,0.001378736236907152
0.1480000000000001,0.2100693166838421,0.21034024086381417,0.00027092417997207074,0.4326597158302685,0.43403383639641,0.0013741205661415012
0.1490000000000001,0.21119888417502325,0.2114707117569401,0.0002718275819168503,0.4341248733380557,0.43549442451121323,0.0013695511731575127
0.1500000000000001,0.21232553906318907,0.21259826653448846,0.0002727274712993888,0.43558493228512535,0.4369499595183961,0.0013650272332707547
0.1510000000000001,0.21344929138822633,0.21372291525769574,0.00027362386946941375,0.43703993831398125,0.438400486253452,0.0013605479394707687
0.1520000000000001,0.21457015110170946,0.21484466789897996,0.00027451679727050204,0.43848993620090554,0.43984604870284094,0.0013561125019354026
0.1530000000000001,0.21568812806856313,0.2159635343436186,0.00027540627505545645,0.43993496987637803,0.4412866900239387,0.0013517201475606866
0.1540000000000001,0.21680323206868585,0.217079524391387,0.0002762923227011549,0.4413750824449378,0.4427224525644485,0.0013473701195106935
0.1550000000000001,0.21791547279853596,0.2181926477581594,0.0002771749596234552,0.4428103162045079,0.4441533778812901,0.00134306167678222
0.1560000000000001,0.21902485987268008,0.2193029140774712,0.0002780542047911283,0.4442407126651986,0.44557950675898517,0.001338794093786566
0.1570000000000001,0.2201314028253064,0.2204103329020465,0.00027893007674009707,0.4456663125676079,0.44700087922755444,0.0013345666599465233
0.1580000000000001,0.2212351111117028,0.22151491370528908,0.0002798025935862869,0.44708715590063564,0.4484175345799421,0.0013303786793064654
0.1590000000000001,0.2223359941097004,0.22261666588274004,0.0002806717730396424,0.44850328191882655,0.4498295113889857,0.001326229470159146
0.16000000000000011,0.22343406112108483,0.22371559875350058,0.000281537632415757,0.44991472915925873,0.4512368475239398,0.0013221183646810464
0.16100000000000012,0.22452932137297488,0.2248117215616242,0.00028240018864933436,0.4513215354579893,0.4526395801665758,0.0013180447085864855
0.16200000000000012,0.22562178401916932,0.22590504347747467,0.00028325945830534605,0.4527237379660755,0.4540377458268627,0.0013140078607871697
0.16300000000000012,0.2267114581414636,0.22699557359905506,0.00028411545759146617,0.4541213731651796,0.4554313803582485,0.0013100071930688961
0.16400000000000012,0.2277983527509368,0.22808332095330583,0.00028496820236903475,0.4555144768827749,0.45682051897255077,0.0013060420897758607
0.16500000000000012,0.22888247678920876,0.22916829449737283,0.0002858177081640767,0.4569030843069624,0.4582051962544685,0.0013021119475060683
0.16600000000000012,0.22996383912966967,0.23025050311984835,0.0002866639901786816,0.4582872300009109,0.4595854461757297,0.0012982161748188448
0.16700000000000012,0.23104244857868167,0.23132995564198236,0.0002875070633006904,0.4596669479169325,0.4609613021088812,0.0012943541919486767
0.16800000000000012,0.23211831387675333,0.23240666081886766,0.0002883469421143259,0.4610422714102032,0.4623327968407339,0.001290525430530709
0.16900000000000012,0.23319144369968836,0.2334806273405984,0.00028918364091004567,0.4624132332521405,0.46369996258547447,0.001286729333333958
0.17000000000000012,0.23426184665970812,0.2345518638334021,0.0002900171736939794,0.46377986564344675,0.46506283099745094,0.001282965354004184
0.17100000000000012,0.23532953130654963,0.23562037886074716,0.00029084755419753194,0.4651422002268296,0.46642143318364254,0.0012792329568129257
0.17200000000000013,0.236394506128539,0.23668618092442528,0.0002916747958862931,0.4665002680994077,0.46777579971582334,0.0012755316164156372
0.17300000000000013,0.23745677955364097,0.23774927846560961,0.00029249891196864164,0.4678540998248113,0.4691259606424282,0.0012718608176168766
0.17400000000000013,0.23851635995048565,0.23880967986589033,0.00029331991540468283,0.46920372544498584,0.47047194550012916,0.001268220055143321
0.17500000000000013,0.2395732556293721,0.23986739344828673,0.0002941378189146304,0.47054917449170874,0.47181378332513046,0.001264608833421721
0.17600000000000013,0.24062747484325037,0.24092242747823653,0.000294952634986162,0.47189047599782474,0.47315150266419015,0.0012610266663654057
0.17700000000000013,0.24167902578868175,0.24197479016456475,0.0002957643758829953,0.47322765850821014,0.4744851315853763,0.0012574730771661713
0.17800000000000013,0.24272791660677773,0.24302448966043014,0.00029657305365241027,0.4745607500904722,0.47581469768856427,0.0012539475980920534
0.17900000000000013,0.24377415538411903,0.2440715340642512,0.00029737868013215984,0.47588977834539126,0.4771402281156825,0.001250449770291262
0.18000000000000013,0.2448177501536542,0.24511593142061236,0.0002981812669581585,0.47721477041711297,0.47846174956071413,0.001246979143601168
0.18100000000000013,0.2458587088955786,0.2461576897211498,0.000298980825571199,0.47853575300309675,0.47977928827946037,0.0012435352763636165
0.18200000000000013,0.24689703953819464,0.24719681690541806,0.0002997773672234194,0.4798527523638277,0.48109287009907187,0.001240117735244184
0.18300000000000013,0.24793274995875308,0.2482333208617385,0.00030057090298540867,0.48116579433229817,0.4824025204273549,0.001236726095056706
0.18400000000000014,0.24896584798427634,0.24926720942802882,0.0003013614437524792,0.4824749043232651,0.48370826426185887,0.0012333599385937477
0.18500000000000014,0.2499963413923638,0.2502984903926141,0.00030214900025030134,0.4837801073422889,0.4850101261987482,0.0012300188564593473
0.18600000000000014,0.25102423791198014,0.25132717149502143,0.00030293358304128715,0.48508142799455994,0.48630813044146864,0.0012267024469087007
0.18700000000000014,0.2520495452242262,0.25235326042675654,0.00030371520253036355,0.48637889049351823,0.48760230080920763,0.0012234103156893994
0.18800000000000014,0.2530722709630938,0.2533767648320643,0.00030449386897046793,0.4876725186692711,0.488892660745161,0.0012201420758899406
0.18900000000000014,0.25409242271620414,0.2543976923086723,0.0003052695924681825,0.48896233597681515,0.49017923332460395,0.0012168973477887923
0.19000000000000014,0.2551100080255303,0.25541605040851895,0.00030604238298864717,0.490248365504067,0.49146204126277643,0.0012136757587094538
0.19100000000000014,0.25612503438810486,0.25643184663846574,0.00030681225036088833,0.4915306299797065,0.4927411069225856,0.001210476942879124
0.19200000000000014,0.2571375092567117,0.2574450884609945,0.00030757920428281516,0.4928091517808406,0.4940164523221296,0.0012073005412889803
0.19300000000000014,0.25814744004056334,0.2584557832948896,0.00030834325432627097,0.49408395294048785,0.4952880991420489,0.0012041462015610627
0.19400000000000014,0.2591548341059646,0.2594639385159054,0.0003091044099407525,0.49535505515489203,0.4965560687327069,0.00120101357781488
0.19500000000000015,0.26015969877696093,0.26046956145741984,0.0003098626804589055,0.49662247979066754,0.49782038212120727,0.0011979023305397352
0.19600000000000015,0.26116204133597426,0.26147265941107467,0.0003106180751004106,0.4978862478917799,0.4990810600182493,0.0011948121264694356
0.19700000000000015,0.2621618690244244,0.26247323962740043,0.00031137060297603547,0.4991463801863674,0.5003381228248267,0.001191742638459281
0.19800000000000015,0.2631591890433382,0.2634713093164305,0.00031212027309229784,0.5004028970934065,0.5015915906387737,0.0011886935453672143
0.19900000000000015,0.26415400855394533,0.26446687564829996,0.00031286709435462967,0.5016558187292253,0.5028414832611613,0.001185664531936026
0.20000000000000015,0.26514633467826154,0.2654599457538335,0.00031361107557198453,0.5029051649138687,0.5040878202025486,0.0011826552886798902
0.20100000000000015,0.2661361744996603,0.26645052672512004,0.0003143522254597242,0.5041509551773193,0.5053306206890924,0.0011796655117730648
0.20200000000000015,0.26712353506343167,0.26743862561607584,0.0003150905526441705,0.505393208765576,0.5065699036685163,0.0011766949029402562
0.20300000000000015,0.2681084233773301,0.2684242494429948,0.00031582606566471494,0.5066319446465973,0.5078056878159474,0.0011737431693500389
0.20400000000000015,0.2690908464121102,0.2694074051850887,0.00031655877297853685,0.5078671815161077,0.5090379915396188,0.0011708100235111596
0.20500000000000015,0.27007081110205217,0.2703880997850152,0.00031728868296304613,0.5090989378032744,0.5102668329864446,0.0011678951831701756
0.20600000000000016,0.27104832434547566,0.2713663401493946,0.00031801580391893625,0.5103272316762564,0.511492230047469,0.0011649983712126444
0.20700000000000016,0.2720233930052431,0.2723421331493167,0.00031874014407362594,0.5115520810476276,0.5127142003631917,0.0011621193155640919
0.20800000000000016,0.2729960239092526,0.2733154856208366,0.0003194617115839793,0.5127735035796795,0.513932761328775,0.0011592577490954215
0.20900000000000016,0.27396622385092106,0.27428640436545987,0.0003201805145388037,0.5139915166896036,0.5151479300991336,0.0011564134095299883
0.21000000000000016,0.27493399958965636,0.2752548961506187,0.0003208965609623471,0.5152061375545578,0.5163597235939098,0.0011535860393520059
0.21100000000000016,0.27589935785132125,0.2762209677101369,0.0003216098588156302,0.5164173831166213,0.5175681585023372,0.001150775385715841
0.21200000000000016,0.27686230532868605,0.2771846257446863,0.0003223204160002213,0.517625270087636,0.5187732512879961,0.001147981200360082
0.21300000000000016,0.2778228486818731,0.27814587692223347,0.0003230282403603457,0.5188298149539426,0.5199750181934633,0.001145203239520609
0.21400000000000016,0.27878099453879246,0.279104727878477,0.000323733339684551,0.5200310339810086,0.5211734752448556,0.0011424412638469938
0.21500000000000016,0.27973674949556704,0.2800611852172762,0.0003244357217091487,0.5212289432179549,0.5223686382562752,0.001139695038320343
0.21600000000000016,0.28069012011695105,0.2810152555110699,0.0003251353941188251,0.5224235585019819,0.5235605228341542,0.0011369643321723633
0.21700000000000016,0.28164111293673844,0.28196694530128874,0.00032583236455030473,0.523614895462696,0.5247491443815026,0.0011342489188065352
0.21800000000000017,0.2825897344581637,0.2829162610987573,0.00032652664059357184,0.5248029695263411,0.5259345181020617,0.00113154857572062
0.21900000000000017,0.28353599115429434,0.2838632093840884,0.00032721822979403514,0.5259877959199363,0.527116659004367,0.0011288630844307201
0.22000000000000017,0.2844798894684155,0.2848077966080696,0.00032790713965408225,0.5271693896753212,0.5282955819057185,0.0011261922303972272
0.22100000000000017,0.2854214358144067,0.2857500291920421,0.0003285933776354111,0.5283477656331128,0.5294713014360646,0.0011235358029517695
0.22200000000000017,0.28636063657711097,0.28668991352827117,0.0003292769511601956,0.5295229384465744,0.5306438320418002,0.0011208935952258248
0.22300000000000017,0.2872974981126965,0.28762745598030975,0.00032995786761325085,0.5306949225853989,0.5318131879894793,0.001118265404080443
0.22400000000000017,0.28823202674901116,0.2885626628833546,0.00033063613434342054,0.5318637323394088,0.5329793833694465,0.0011156510300377454
0.22500000000000017,0.28916422878592973,0.28949554054459486,0.0003313117586651315,0.5330293818221751,0.534142432099389,0.0011130502772139783
0.22600000000000017,0.29009411049569434,0.2904260952435542,0.0003319847478598925,0.5341918849745563,0.5353023479278092,0.0011104629532528998
0.22700000000000017,0.2910216781232479,0.2913543332324259,0.0003326551091779595,0.5353512555681591,0.5364591444374204,0.0011078888692612754
0.22800000000000017,0.2919469378865612,0.2922802607364001,0.0003333228498389462,0.5365075072087236,0.5376128350484688,0.0011053278397451516
0.22900000000000018,0.29286989597695273,0.2932038839539869,0.00033398797703415584,0.5376606533394342,0.5387634330219818,0.0011027796825475722
0.23000000000000018,0.29379055855940334,0.29412520905733053,0.00033465049792719137,0.5388107072441568,0.5399109514629458,0.0011002442187889594
0.23100000000000018,0.2947089317728635,0.29504424219251874,0.00033531041965523256,0.539957682050607,0.5410554033234112,0.001097721272804164
0.23200000000000018,0.29562502173055527,0.2959609894798858,0.00033596774933053464,0.5411015907334471,0.5421968014055332,0.0010952106720860666
0.23300000000000018,0.29653883452026775,0.29687545701430884,0.00033662249404109446,0.5422424461173161,0.5433351583645429,0.0010927122472268458
0.23400000000000018,0.297450376204647,0.2977876508654991,0.0003372746608520938,0.5433802608797931,0.5444704867116553,0.001090225831862246
0.23500000000000018,0.2983596528214803,0.2986975770782871,0.0003379242568067875,0.5445150475542966,0.5456027988169112,0.0010877512626146224
0.23600000000000018,0.2992666703839748,0.2996052416729019,0.0003385712889271142,0.5456468185329195,0.5467321069119587,0.0010852883790392065
0.23700000000000018,0.30017143488103026,0.3005106506452458,0.000339215764215528,0.546775586069203,0.5478584230927742,0.0010828370235712592
0.23800000000000018,0.3010739522775073,0.30141380996716205,0.0003398576896547767,0.5479013622808495,0.5489817593223218,0.0010803970414723363
0.23900000000000018,0.30197422851448963,0.30231472558669953,0.0003404970722098999,0.5490241591523768,0.5501021274331562,0.00107796828077944
0.24000000000000019,0.3028722695095416,0.30321340342836944,0.0003411339188278406,0.5501439885377146,0.551219539129968,0.0010755505922533937
0.2410000000000002,0.30376808115696063,0.30410984939339997,0.00034176823643933263,0.551260862162743,0.5523340059920746,0.0010731438293316575
0.2420000000000002,0.30466166932802496,0.30500406935998403,0.000342400031959067,0.5523747916277777,0.5534455394758548,0.001070747848077147
0.2430000000000002,0.30555303987123605,0.30589606918352225,0.0003430293122861916,0.5534857884100012,0.5545541509171317,0.0010683625071304936
0.2440000000000002,0.30644219861255695,0.3067858546968628,0.0003436560843058656,0.554593863865839,0.5556598515335038,0.0010659876676648583
0.2450000000000002,0.30732915135564576,0.3076734317105346,0.00034428035488881514,0.5556990292332858,0.5567626524266245,0.0010636231933386364
0.2460000000000002,0.3082139038820847,0.3085588060129774,0.00034490213089272137,0.5568012956341822,0.5578625645844318,0.0010612689502496053
0.2470000000000002,0.3090964619516047,0.30944198337076695,0.00034552141916227574,0.5579006740764393,0.5589595988833314,0.0010589248068920698
0.2480000000000002,0.3099768313023058,0.3103229695288363,0.0003461382265305124,0.558997175456218,0.5600537660903296,0.001056590634111676
0.2490000000000002,0.3108550176508732,0.3112017702106915,0.00034675255981830855,0.5600908105600586,0.5611450768651223,0.001054266305063667
0.25000000000000017,0.31173102669278974,0.3120783911186253,0.00034736442583555016,0.5611815900669664,0.5622335417621369,0.0010519516951704722
0.25100000000000017,0.31260486410254346,0.3129528379339251,0.0003479738313816316,0.5622695245504505,0.5633191712325308,0.0010496466820802963
0.25200000000000017,0.31347653553383203,0.3138251163170775,0.0003485807832454557,0.5633546244805201,0.5644019756261461,0.001047351145626041
0.25300000000000017,0.31434604661976306,0.3146952319079692,0.00034918528820615524,0.5644369002256355,0.5654819651934228,0.0010450649677872237
0.25400000000000017,0.31521340297305034,0.31556319032608393,0.00034978735303359265,0.5655163620546197,0.5665591500872689,0.0010427880326491223
0.25500000000000017,0.3160786101862071,0.3164289971706956,0.00035038698448852656,0.5665930201385266,0.5676335403648919,0.001040520226365249
0.25600000000000017,0.31694167383173477,0.31729265802105766,0.00035098418932288933,0.56766688455247,0.5687051459895891,0.001038261437119048
0.2570000000000002,0.3178025994623094,0.31815417843658983,0.00035157897428045315,0.5687379652774124,0.5697739768325002,0.0010360115550878124
0.2580000000000002,0.31866139261096316,0.3190135639570598,0.00035217134609666356,0.5698062722019157,0.5708400426743214,0.001033770472405715
0.2590000000000002,0.3195180587912638,0.3198708201027633,0.0003527613114994721,0.5708718151238549,0.5719033532069829,0.0010315380831280585
0.2600000000000002,0.3203726034974902,0.3207259523746995,0.00035334887720928077,0.5719346037520934,0.5729639180352903,0.0010293142831969693
0.2610000000000002,0.32122503220480425,0.32157896625474364,0.00035393404993938615,0.5729946477081236,0.5740217466785291,0.0010270989704055378
0.2620000000000002,0.32207535036942103,0.3224298672058166,0.00035451683639559084,0.5740519565276716,0.5750768485720371,0.0010248920443655107
0.2630000000000002,0.3229235634287739,0.3232786606720515,0.0003550972432776467,0.5751065396622675,0.5761292330687415,0.0010226934064739845
0.2640000000000002,0.3237696768016783,0.3241253520789565,0.00035567527727820014,0.5761584064807819,0.5771789094406609,0.0010205029598789883
0.2650000000000002,0.32461369588849176,0.3249699468335753,0.00035625094508351385,0.57720756627093,0.5782258868803807,0.001018320609450729
0.2660000000000002,0.3254556260712711,0.325812450324645,0.00035682425337391077,0.5782540282407427,0.5792701745024891,0.0010161462617463979
0.2670000000000002,0.32629547271392645,0.3266528679227501,0.00035739520882366316,0.5792978015200068,0.5803117813449894,0.001013979824982636
0.2680000000000002,0.32713324116237397,0.3274912049804746,0.00035796381810065947,0.5803388951616737,0.5813507163706767,0.0010118212090030054
0.2690000000000002,0.3279689367446834,0.32832746683255104,0.00035853008786762564,0.5813773181432387,0.5823869884684879,0.0010096703252492345
0.2700000000000002,0.3288025647712255,0.32916165879600673,0.00035909402478123686,0.5824130793680901,0.5834206064548224,0.0010075270867323516
0.2710000000000002,0.3296341305348149,0.3299937861703077,0.0003596556354928393,0.5834461876668299,0.5844515790748324,0.0010053914080024873
0.2720000000000002,0.3304636393108519,0.3308238542375,0.00036021492664811694,0.5844766517985663,0.5854799150036887,0.00100326320512234
0.2730000000000002,0.3312910963574606,0.331651868262348,0.0003607719048873692,0.5855044804521785,0.5865056228478167,0.0010011423956381993
0.2740000000000002,0.3321165069156254,0.3324778334924711,0.000361326576845733,0.5865296822475541,0.5875287111461076,0.0009990288985535223
0.2750000000000002,0.33293987620932447,0.33330175515847765,0.00036187894915318264,0.5875522657368006,0.5885491883711034,0.0009969226343027326
0.2760000000000002,0.3337612094456618,0.3341236384740959,0.00036242902843408586,0.5885722394054314,0.5895670629301549,0.000994823524723576
0.2770000000000002,0.3345805118149958,0.334943488636304,0.00036297682130820297,0.5895896116735255,0.5905823431665578,0.0009927314930322506
0.2780000000000002,0.3353977884910667,0.3357613108254565,0.00036352233438979864,0.5906043908968641,0.5915950373606621,0.000990646463797984
0.2790000000000002,0.3362130446311211,0.33657711020540926,0.00036406557428814157,0.5916165853680407,0.5926051537309589,0.000988568362918163
0.2800000000000002,0.33702628537603463,0.33739089192364213,0.00036460654760750444,0.59262620331755,0.5936127004351445,0.0009864971175944648
0.2810000000000002,0.33783751585043253,0.3382026611113795,0.0003651452609469419,0.5936332529148522,0.5946176855711606,0.0009844326563083206
0.2820000000000002,0.33864674116280824,0.3390124228837088,0.00036568172090056805,0.5946377422694158,0.5956201171782126,0.0009823749087968237
0.2830000000000002,0.33945396640563963,0.339820182339697,0.00036621593405739006,0.5956396794317363,0.5966200032377679,0.0009803238060315245
0.2840000000000002,0.34025919665550375,0.34062594456250506,0.000366747907001308,0.5966390723943361,0.59761735167453,0.0009782792801938944
0.2850000000000002,0.34106243697318916,0.34142971461950034,0.00036727764631117044,0.597635929092741,0.5986121703573947,0.0009762412646536767
0.2860000000000002,0.3418636924038069,0.3422314975623675,0.0003678051585606079,0.5986302574064367,0.5996044671003841,0.0009742096939473477
0.2870000000000002,0.34266296797689916,0.34303129842721747,0.00036833045031831047,0.5996220651598053,0.6005942496635622,0.0009721845037569121
0.2880000000000002,0.34346026870654656,0.343829122234694,0.000368853528147417,0.6006113601230426,0.6015815257539299,0.0009701656308872542
0.2890000000000002,0.3442555995914732,0.34462497399007924,0.00036937439860601495,0.6015981500130541,0.6025663030263012,0.0009681530132471527
0.2900000000000002,0.3450489656151502,0.34541885868339733,0.0003698930682471402,0.6025824424943338,0.6035485890841623,0.0009661465898285204
0.2910000000000002,0.3458403717458979,0.3462107812895158,0.0003704095436179444,0.6035642451798245,0.6045283914805099,0.000964146300685309
0.2920000000000002,0.3466298229369856,0.3470007467682463,0.0003709238312607499,0.6045435656317585,0.6055057177186746,0.0009621520869160793
0.2930000000000002,0.34741732412673054,0.3477887600644426,0.0003714359377120502,0.6055204113624822,0.6064805752531244,0.0009601638906421295
0.2940000000000002,0.3482028802385948,0.3485748261080977,0.00037194586950289876,0.6064947898352625,0.6074529714902533,0.0009581816549908417
0.2950000000000002,0.3489864961812805,0.3493589498144393,0.000372453633158798,0.6074667084650761,0.6084229137891525,0.0009562053240763646
0.2960000000000002,0.3497681768488241,0.3501411360840238,0.0003729592351996991,0.6084361746193833,0.6093904094623637,0.000954234842980406
0.2970000000000002,0.3505479271206885,0.35092138980282817,0.00037346268213966916,0.6094031956188841,0.6103554657766203,0.0009522701577361348
0.2980000000000002,0.35132575186185433,0.3516997158423412,0.00037396398048689106,0.6103677787382599,0.6113180899535685,0.0009503112153086413
0.2990000000000002,0.35210165592290915,0.352476119059653,0.00037446313674383003,0.6113299312068977,0.6122782891704776,0.0009483579635798378
0.3000000000000002,0.35287564414013584,0.35325060429754274,0.0003749601574069006,0.6122896602096021,0.6132360705609315,0.0009464103513294742
0.3010000000000002,0.3536477213355993,0.3540231763845656,0.0003754550489663,0.6132469728872892,0.6141914412155092,0.0009444683282199273
0.3020000000000002,0.35441789231723186,0.35479384013513815,0.00037594781790628584,0.6142018763376683,0.6151444081824475,0.0009425318447792153
0.3030000000000002,0.3551861618789174,0.3555626003496222,0.00037643847070484293,0.6151543776159085,0.6160949784682934,0.0009406008523848985
0.3040000000000002,0.3559525348005743,0.3563294618144078,0.0003769270138334613,0.616104483735291,0.6170431590385397,0.0009386753032486483
0.3050000000000002,0.3567170158482369,0.3570944293019942,0.0003774134537573026,0.6170522016678489,0.6179889568182502,0.0009367551504012583
0.3060000000000002,0.3574796097741358,0.3578575075710708,0.0003778977969350339,0.6179975383449924,0.6189323786926684,0.0009348403476759914
0.3070000000000002,0.3582403213167771,0.3586187013665955,0.00037838004981843865,0.6189405006581223,0.6198734315078174,0.000932930849695035
0.3080000000000002,0.35899915520102027,0.35937801541987324,0.00037886021885297216,0.6198810954592301,0.6208121220710843,0.0009310266118541799
0.3090000000000002,0.35975611613815517,0.36013545444863215,0.0003793383104769843,0.6208193295614848,0.621748457151794,0.0009291275903092755
0.3100000000000002,0.3605112088259774,0.3608910231570991,0.00037981433112166396,0.6217552097398095,0.6226824434817704,0.0009272337419609089
0.3110000000000002,0.3612644379488631,0.3616447262360747,0.00038028828721159424,0.622688742731444,0.6236140877558857,0.0009253450244416372
0.3120000000000002,0.36201580817784207,0.3623965683630064,0.0003807601851643083,0.6236199352364982,0.6245433966325997,0.0009234613961015548
0.3130000000000002,0.36276532417067076,0.3631465542020601,0.00038123003138934575,0.6245487939184908,0.6254703767344861,0.0009215828159953032
0.3140000000000002,0.3635129905719031,0.3638946884041927,0.00038169783228958476,0.6254753254048796,0.626395034648749,0.0009197092438694154
0.3150000000000002,0.364258812012961,0.36464097560722125,0.00038216359426024304,0.6263995362875802,0.6273173769277292,0.0009178406401489925
0.3160000000000002,0.36500279311220385,0.3653854204358926,0.00038262732368876673,0.627321433123473,0.6282374100893982,0.0009159769659251582
0.3170000000000002,0.36574493847499645,0.3661280275019517,0.00038308902695527447,0.6282410224349013,0.6291551406178436,0.0009141181829422917
0.3180000000000002,0.3664852526937772,0.36686880140420886,0.00038354871043166927,0.6291583107101586,0.6300705749637445,0.000912264253585926
0.31900000000000023,0.36722374034812355,0.36760774672860586,0.0003840063804823046,0.6300733044039639,0.6309837195448363,0.0009104151408724226
0.32000000000000023,0.3679604060048184,0.36834486804828187,0.0003844620434634849,0.6309860099379317,0.6318945807463661,0.0009085708084343169
0.32100000000000023,0.36869525421791416,0.3690801699236373,0.0003849157057231323,0.6318964337010277,0.6328031649215393,0.0009067312205116584
0.32200000000000023,0.3694282895287968,0.36981365690239815,0.0003853673736013419,0.632804582050018,0.6337094783919568,0.000904896341938799
0.32300000000000023,0.3701595164662488,0.37054533351967833,0.0003858170534295491,0.6337104613099088,0.6346135274480427,0.0009030661381338456
0.32400000000000023,0.3708889395465108,0.3712752042980417,0.0003862647515309181,0.6346140777743762,0.6355153183494641,0.0009012405750878916
0.32500000000000023,0.37161656327334347,0.3720032737475634,0.0003867104742199534,0.6355154377061875,0.6364148573255423,0.0008994196193548021
0.32600000000000023,0.37234239213808695,0.37272954636588956,0.0003871542278026108,0.6364145473376145,0.6373121505756546,0.0008976032380401122
0.32700000000000023,0.37306643061972145,0.3734540266382975,0.0003875960185760752,0.6373114128708388,0.6382072042696287,0.0008957913987899246
0.32800000000000024,0.37378868318492536,0.37417671903775407,0.00038803585282870534,0.6382060404783468,0.6391000245481298,0.000893984069782916
0.32900000000000024,0.3745091542881338,0.37489762802497345,0.00038847373683964515,0.6390984363033194,0.6399906175230378,0.0008921812197183465
0.33000000000000024,0.3752278483715954,0.3756167580484747,0.0003889096768793232,0.6399886064600115,0.640878989277819,0.0008903828178074003
0.33100000000000024,0.37594476986542946,0.376334113544638,0.0003893436792085647,0.6408765570341253,0.6417651458678895,0.0008885888337641923
0.33200000000000024,0.37665992318768116,0.3770496989377605,0.0003897757500793686,0.6417622940831759,0.64264909332097,0.0008867992377941114
0.33300000000000024,0.37737331274437724,0.37776351864011126,0.0003902058957340193,0.642645823636849,0.6435308376374361,0.0008850140005871587
0.33400000000000024,0.3780849429295803,0.3784755770519857,0.00039063412240541995,0.6435271516973514,0.644410384790659,0.0008832330933076227
0.33500000000000024,0.37879481812544225,0.3791858785617591,0.00039106043631687015,0.6444062842397554,0.6452877407273405,0.0008814564875850861
0.33600000000000024,0.37950294270225804,0.37989442754593994,0.0003914848436818996,0.6452832272123351,0.6461629113678414,0.0008796841555063217
0.33700000000000024,0.38020932101851734,0.3806012283692217,0.0003919073507043791,0.6461579865368967,0.6470359026065033,0.0008779160696066324
0.33800000000000024,0.38091395742095735,0.3813062853845354,0.0003923279635780763,0.6470305681091023,0.647906720311963,0.0008761522028606361
0.33900000000000025,0.3816168562446129,0.3820096029331,0.00039274668848710004,0.6479009777987871,0.6487753703274622,0.0008743925286751608
0.34000000000000025,0.3823180218128678,0.3827111853444729,0.00039316353160512296,0.6487692214502688,0.6496418584711497,0.0008726370208809175
0.34100000000000025,0.3830174584375047,0.38341103693660045,0.00039357849909577025,0.6496353048826548,0.650506190536378,0.0008708856537232856
0.34200000000000025,0.3837151704187541,0.3841091620158667,0.00039399159711261955,0.650499233890138,0.651368372291995,0.0008691384018569837
0.34300000000000025,0.3844111620453437,0.38480556487714196,0.0003944028317982573,0.6513610142422915,0.6522284094826275,0.0008673952403359664
0.34400000000000025,0.38510543759454635,0.38550024980383174,0.00039481220928538896,0.6522206516843548,0.653086307828962,0.0008656561446072075
0.34500000000000025,0.38579800133222775,0.38619322106792375,0.0003952197356960063,0.6530781519375146,0.6539420730280181,0.0008639210905034833
0.34600000000000025,0.38648885751289364,0.3868844829300349,0.0003956254171412765,0.6539335206991814,0.6547957107534166,0.0008621900542351568
0.34700000000000025,0.38717801037973654,0.3875740396394584,0.0003960292597218751,0.6547867636432592,0.6556472266556432,0.0008604630123840717
0.34800000000000025,0.3878654641646817,0.3882618954342089,0.00039643126952720875,0.6556378864204107,0.6564966263623064,0.0008587399418957808
0.34900000000000025,0.3885512230884326,0.3889480545410691,0.00039683145263652575,0.6564868946583166,0.6573439154783909,0.0008570208200743279
0.35000000000000026,0.3892352913605164,0.3896325211756335,0.0003972298151171394,0.657333793961932,0.6581890995865043,0.0008553056245722557
0.35100000000000026,0.38991767317932813,0.3903152995423542,0.00039762636302609344,0.658178589913734,0.6590321842471223,0.0008535943333882745
0.35200000000000026,0.3905983727321751,0.3909963938345838,0.0003980211024086633,0.6590212880739676,0.6598731749988255,0.0008518869248578254
0.35300000000000026,0.3912773941953205,0.3916758082346197,0.0003984140392992441,0.6598618939808866,0.6607120773585342,0.0008501833776476397
0.35400000000000026,0.3919547417340261,0.3923535469137469,0.0003988051797207959,0.6607004131509886,0.6615488968217372,0.0008484836707486343
0.35500000000000026,0.3926304195025958,0.3930296140322805,0.0003991945296846766,0.6615368510792452,0.6623836388627176,0.0008467877834723581
0.35600000000000026,0.3933044316444172,0.3937040137396082,0.00039958209519103116,0.66237121323933,0.6632163089347719,0.0008450956954418887
0.35700000000000026,0.3939767822920038,0.3943767501742319,0.00039996788222812496,0.6632035050838399,0.6640469124704277,0.0008434073865878355
0.35800000000000026,0.39464747556703617,0.39504782746380895,0.00040035189677278815,0.6640337320445129,0.6648754548816551,0.0008417228371422336
0.35900000000000026,0.39531651558040304,0.39571724972519334,0.00040073414479030456,0.6648618995324427,0.6657019415600754,0.0008400420276327702
0.36000000000000026,0.3959839064322422,0.3963850210644758,0.00040111463223363453,0.6656880129382875,0.6665263778771646,0.000838364938877123
0.36100000000000027,0.3966496522119799,0.39705114557702414,0.0004014933650442476,0.6665120776324764,0.6673487691844542,0.0008366915519777418
0.36200000000000027,0.39731375699837124,0.39771562734752286,0.0004018703491516229,0.6673340989654105,0.6681691208137269,0.0008350218483164085
0.36300000000000027,0.39797622485953943,0.3983784704500126,0.00040224559047319364,0.6681540822676624,0.6689874380772107,0.0008333558095483529
0.36400000000000027,0.3986370598530147,0.3990396789479289,0.0004026190949142361,0.6689720328501676,0.6698037262677666,0.0008316934175990331
0.36500000000000027,0.39929626602577273,0.39969925689414065,0.0004029908683679251,0.6697879560044184,0.6706179906590752,0.0008300346546568083
0.36600000000000027,0.3999538474142732,0.4003572083309886,0.00040336091671538954,0.6706018570026492,0.6714302365058179,0.0008283795031687191
0.36700000000000027,0.40060980804449764,0.40101353729032274,0.00040372924582510183,0.671413741098019,0.6722404690438561,0.0008267279458371579
0.36800000000000027,0.4012641519319868,0.4016682477935404,0.00040409586155359944,0.6722236135247941,0.6730486934904062,0.0008250799656120966
0.36900000000000027,0.4019168830818779,0.40232134385162255,0.0004044607697446523,0.6730314794985226,0.6738549150442124,0.0008234355456897546
0.3700000000000003,0.40256800548894145,0.4029728294651713,0.0004048239762298733,0.6738373442162084,0.6746591388857139,0.0008217946695054934
0.3710000000000003,0.4032175231376177,0.403622708624446,0.0004051854868282745,0.6746412128564825,0.6754613701772131,0.0008201573207305968
0.3720000000000003,0.40386544000205316,0.4042709853093992,0.00040554530734604466,0.6754430905797689,0.6762616140630355,0.0008185234832666088
0.3730000000000003,0.40451176004613587,0.4049176634897129,0.0004059034435770492,0.6762429825284485,0.6770598756696916,0.0008168931412431135
0.3740000000000003,0.4051564872235315,0.4055627471248336,0.00040625990130210843,0.6770408938270217,0.6778561601060327,0.0008152662790109622
0.3750000000000003,0.405799625477718,0.4062062401640077,0.0004066146862897191,0.677836829582264,0.6786504724634045,0.0008136428811404972
0.3760000000000003,0.4064411787420209,0.40684814654631624,0.00040696780429533286,0.6786307948833834,0.6794428178157993,0.0008120229324158901
0.3770000000000003,0.40708115093964814,0.40748847020070955,0.0004073192610614118,0.6794227948021723,0.6802332012200031,0.0008104064178308112
0.3780000000000003,0.4077195459837236,0.40812721504604155,0.000407669062317928,0.6802128343931555,0.6810216277157418,0.0008087933225863209
0.3790000000000003,0.4083563677773221,0.40876438499110335,0.0004080172137812532,0.681000918693739,0.6818081023258241,0.0008071836320850956
0.3800000000000003,0.4089916202135023,0.4093999839346576,0.0004083637211552693,0.6817870527243537,0.682592630056283,0.0008055773319293191
0.3810000000000003,0.4096253071753405,0.4100340157654714,0.00040870859013086847,0.6825712414885968,0.6833752158965117,0.0008039744079149092
0.3820000000000003,0.41025743253596403,0.41066648436234937,0.00040905182638534265,0.6833534899733709,0.6841558648194008,0.0008023748460299629
0.3830000000000003,0.41088800015858395,0.4112973935941672,0.0004093934355832718,0.6841338031490207,0.6849345817814708,0.0008007786324500943
0.3840000000000003,0.4115170138965275,0.41192674731990353,0.00040973342337602414,0.6849121859694679,0.6857113717230022,0.0007991857535343261
0.3850000000000003,0.41214447759327105,0.4125545493886725,0.00041007179540142324,0.6856886433723419,0.6864862395681657,0.0007975961958237576
0.3860000000000003,0.41277039508247176,0.41318080363975596,0.000410408557284192,0.6864631802791107,0.6872591902251461,0.0007960099460354586
0.3870000000000003,0.4133947701879995,0.4138055139026355,0.0004107437146359527,0.6872358015952066,0.6880302285862678,0.0007944269910612478
0.3880000000000003,0.4140176067239687,0.4144286839970234,0.0004110772730546719,0.6880065122101527,0.6887993595281161,0.0007928473179633633
0.3890000000000003,0.4146389084947697,0.41505031773289486,0.00041140923812515995,0.6887753169976846,0.6895665879116566,0.0007912709139720198
0.3900000000000003,0.41525867929509974,0.41567041891051837,0.000411739615418627,0.6895422208158721,0.6903319185823535,0.000789697766481412
0.3910000000000003,0.4158769229099941,0.41628899132048686,0.00041206841049273857,0.690307228507237,0.6910953563702844,0.0007881278630473831
0.3920000000000003,0.4164936431148567,0.4169060387437488,0.0004123956288921149,0.6910703448988703,0.6918569060902543,0.0007865611913839832
0.3930000000000003,0.41710884367549045,0.41752156495163784,0.0004127212761473875,0.6918315748025464,0.6926165725419072,0.0007849977393608043
0.3940000000000003,0.4177225283481276,0.4181355737059034,0.00041304535777575424,0.6925909230148362,0.6933743605098355,0.0007834374949993173
0.3950000000000003,0.4183347008794599,0.4187480687587409,0.0004133678792809792,0.6933483943172175,0.6941302747636889,0.000781880446471428
0.3960000000000003,0.41894536500666824,0.41935905385282113,0.00041368884615289314,0.6941039934761836,0.6948843200582789,0.0007803265820953698
0.3970000000000003,0.41955452445745217,0.4199685327213202,0.00041400826386800427,0.6948577252433509,0.6956365011336844,0.0007787758903334829
0.3980000000000003,0.42016218295005947,0.4205765090879486,0.00041432613788910944,0.6956095943555638,0.6963868227153536,0.0007772283597897722
0.3990000000000003,0.4207683441933152,0.42118298666698034,0.00041464247366512774,0.6963596055349982,0.6971352895142052,0.0007756839792070203
0.4000000000000003,0.4213730118866511,0.4217879691632823,0.0004149572766312115,0.6971077634892631,0.697881906226727,0.0007741427374639009
0.4010000000000003,0.4219761897201337,0.4223914602723426,0.00041527055220891285,0.6978540729115009,0.6986266775350739,0.0007726046235729811
0.4020000000000003,0.4225778813744932,0.42299346368029916,0.00041558230580596156,0.6985985384804857,0.6993696081071639,0.0007710696266781669
0.4030000000000003,0.42317809052115213,0.42359398306396856,0.00041589254281643173,0.6993411648607202,0.7001107025967717,0.0007695377360514843
0.4040000000000003,0.4237768208222533,0.4241930220908736,0.0004162012686202976,0.7000819567025309,0.7008499656436226,0.0007680089410916358
0.4050000000000003,0.4243740759306879,0.42479058441927176,0.0004165084885838777,0.7008209186421612,0.7015874018734828,0.0007664832313215575
0.4060000000000003,0.42496985949012334,0.4253866736981828,0.00041681420805944613,0.7015580553018644,0.7023230158982501,0.0007649605963856443
0.4070000000000003,0.42556417513503075,0.42598129356741643,0.0004171184323856769,0.7022933712899944,0.7030568123160417,0.0007634410260473068
0.4080000000000003,0.4261570264907129,0.42657444765760005,0.00041742116688714415,0.7030268712010934,0.7037887957112815,0.0007619245101880834
0.4090000000000003,0.426748417173331,0.4271661395902055,0.00041772241687448863,0.7037585596159814,0.7045189706547855,0.0007604110388040874
0.4100000000000003,0.4273383507899323,0.42775637297757685,0.0004180221876445289,0.7044884411018424,0.7052473417038463,0.000758900602003898
0.4110000000000003,0.42792683093847683,0.42834515142295687,0.0004183204844800392,0.7052165202123086,0.7059739134023161,0.0007573931900074493
0.4120000000000003,0.42851386120786417,0.4289324785205141,0.000418617312649916,0.7059428014875446,0.7066986902806879,0.0007558887931432556
0.4130000000000003,0.4290994451779601,0.4295183578553691,0.0004189126774090113,0.7066672894543292,0.7074216768561762,0.0007543874018469676
0.4140000000000003,0.42968358641962345,0.43010279300362164,0.00041920658399818844,0.7073899886261381,0.7081428776327964,0.0007528890066582639
0.4150000000000003,0.43026628849473186,0.4306857875323763,0.00041949903764443297,0.708110903503222,0.7088622971014423,0.0007513935982202957
0.4160000000000003,0.43084755495620863,0.431267344999769,0.000419790043560353,0.7088300385726861,0.7095799397399629,0.0007499011672768008
0.4170000000000003,0.4314273893480478,0.431847468954993,0.00042007960694517843,0.7095473983085677,0.7102958100132385,0.0007484117046707706
0.4180000000000003,0.43200579520534116,0.4324261629383246,0.0004203677329834288,0.7102629871719115,0.7110099123732541,0.0007469252013425631
0.4190000000000003,0.432582776054303,0.4330034304811491,0.0004206544268460788,0.710976809610846,0.7117222512591738,0.0007454416483277937
0.4200000000000003,0.43315833541229637,0.4335792751059861,0.00042093969368972584,0.7116888700606562,0.7124328310974124,0.0007439610367562244
0.4210000000000003,0.43373247678785803,0.43415370032651507,0.000421223538657034,0.712399172943858,0.7131416563017066,0.0007424833578485446
0.4220000000000003,0.4343052036807241,0.43472670964760085,0.00042150596687673403,0.7131077226702685,0.7138487312731856,0.0007410086029171481
0.4230000000000003,0.4348765195818549,0.43529830656531826,0.00042178698346334587,0.7138145236370774,0.7145540604004393,0.0007395367633619143
0.4240000000000003,0.4354464279734602,0.43586849456697757,0.0004220665935173451,0.7145195802289168,0.7152576480595876,0.0007380678306707633
0.4250000000000003,0.4360149323290241,0.4364372771311492,0.0004223448021251075,0.71522289681793,0.7159594986143458,0.0007366017964157701
0.4260000000000003,0.4365820361133296,0.4370046577276886,0.00042262161435902,0.7159244777638382,0.7166596164160929,0.0007351386522547187
0.4270000000000003,0.43714774278248325,0.43757063981776045,0.00042289703527720324,0.7166243274140088,0.7173580058039344,0.0007336783899255517
0.4280000000000003,0.43771205578393985,0.43813522685386386,0.000423171069924011,0.7173224501035195,0.7180546711047686,0.0007322210012491448
0.4290000000000003,0.43827497855652653,0.43869842227985595,0.0004234437233294197,0.7180188501552248,0.7187496166333488,0.0007307664781239787
0.4300000000000003,0.43883651453046707,0.4392602295309766,0.00042371500050952804,0.7187135318798189,0.7194428466923461,0.0007293148125272486
0.4310000000000003,0.4393966671274061,0.4398206520338723,0.00042398490646616827,0.7194064995758986,0.7201343655724113,0.0007278659965126444
0.43200000000000033,0.43995543976043294,0.44037969320662024,0.0004242534461872949,0.7200977575300255,0.7208241775522346,0.0007264200222091288
0.43300000000000033,0.4405128358341056,0.44093735645875204,0.0004245206246464295,0.7207873100167881,0.7215122868986071,0.0007249768818190505
0.43400000000000033,0.44106885874447427,0.4414936451912778,0.00042478644680354893,0.7214751612988612,0.7221986978664785,0.0007235365676172556
0.43500000000000033,0.4416235118791052,0.44204856279670945,0.00042505091760425273,0.7221613156270663,0.722883414699016,0.0007220990719496445
0.43600000000000033,0.44217679861710424,0.4426021126590841,0.000425314041979874,0.7228457772404296,0.723566441627662,0.0007206643872323948
0.43700000000000033,0.44272872232913996,0.44315429815398794,0.00042557582484797907,0.7235285503662409,0.7242477828721905,0.0007192325059496296
0.43800000000000033,0.44327928637746694,0.4437051226485791,0.0004258362711121455,0.7242096392201105,0.7249274426407631,0.0007178034206526407
0.43900000000000033,0.44382849411594927,0.4442545895016109,0.00042609538566162897,0.7248890480060252,0.7256054251299846,0.0007163771239594441
0.44000000000000034,0.44437634889008343,0.44480270206345507,0.0004263531733716408,0.7255667809164044,0.7262817345249573,0.0007149536085528929
0.44100000000000034,0.4449228540370209,0.44534946367612455,0.0004266096391036256,0.7262428421321557,0.7269563749993345,0.0007135328671787899
0.44200000000000034,0.44546801288559157,0.44589487767329633,0.00042686478770476155,0.7269172358227278,0.7276293507153745,0.0007121148926466647
0.44300000000000034,0.44601182875632617,0.44643894738033435,0.00042711862400818257,0.7275899661461656,0.728300665823992,0.0007106996778264429
0.44400000000000034,0.44655430496147874,0.446981676114312,0.0004273711528332558,0.7282610372491616,0.7289703244648111,0.0007092872156495567
0.44500000000000034,0.44709544480504937,0.44752306718403445,0.00042762237898508193,0.7289304532671096,0.7296383307662154,0.0007078774991058356
0.44600000000000034,0.4476352515828068,0.44806312389006175,0.0004278723072549395,0.7295982183241552,0.7303046888453988,0.0007064705212436184
0.44700000000000034,0.44817372858231036,0.44860184952473015,0.00042812094241978516,0.7302643365332474,0.7309694028084159,0.000705066275168531
0.44800000000000034,0.4487108790829323,0.4491392473721753,0.0004283682892430307,0.7309288119961883,0.7316324767502305,0.0007036647540421548
0.44900000000000034,0.44924670635588,0.4496753207083538,0.00042861435247382174,0.7315916488036831,0.7322939147547646,0.000702265951081471
0.45000000000000034,0.4497812136642181,0.4502100728010655,0.00042885913684742594,0.7322528510353894,0.7329537208949473,0.0007008698595578622
0.45100000000000035,0.45031440426288993,0.4507435069099754,0.0004291026470854553,0.7329124227599648,0.7336118992327603,0.0006994764727954461
0.45200000000000035,0.45084628139874017,0.4512756262866351,0.0004293448878949224,0.7335703680351158,0.7342684538192868,0.0006980857841710764
0.45300000000000035,0.45137684831053576,0.45180643417450533,0.00042958586396957266,0.7342266909076445,0.734923388694757,0.0006966977871125657
0.45400000000000035,0.451906108228988,0.45233593380897696,0.00042982557998894055,0.7348813954134955,0.7355767078885944,0.0006953124750989081
0.45500000000000035,0.452434064376774,0.4528641284173927,0.00043006404061868286,0.7355344855778023,0.7362284154194603,0.0006939298416579476
0.45600000000000035,0.4529607199685583,0.4533910212190689,0.00043030125051057855,0.7361859654149325,0.7368785152952992,0.0006925498803667107
0.45700000000000035,0.45348607821101383,0.4539166154253164,0.0004305372143025843,0.7368358389285335,0.7375270115133833,0.0006911725848497419
0.45800000000000035,0.45401014230284364,0.45444091423946253,0.00043077193661889,0.7374841101115762,0.7381739080603552,0.0006897979487789918
0.45900000000000035,0.4545329154348019,0.45496392085687143,0.0004310054220695303,0.7381307829464004,0.7388192089122728,0.0006884259658723746
0.46000000000000035,0.45505440078971493,0.45548563846496626,0.00043123767525132806,0.7387758614047575,0.7394629180346508,0.0006870566298933234
0.46100000000000035,0.4555746015425025,0.4560060702432491,0.0004314687007465623,0.739419349447853,0.7401050393825033,0.0006856899346502354
0.46200000000000035,0.4560935208601985,0.4565252193633227,0.00043169850312418934,0.7400612510263916,0.7407455769003859,0.0006843258739942515
0.46300000000000036,0.4566111619019718,0.45704308898891116,0.00043192708693934323,0.7407015700806161,0.7413845345224375,0.0006829644418213654
0.46400000000000036,0.45712752781914745,0.4575596822758807,0.0004321544567332247,0.7413403105403519,0.7420219161724199,0.0006816056320679831
0.46500000000000036,0.45764262175522674,0.4580750023722603,0.00043238061703354536,0.7419774763250464,0.7426577257637597,0.000680249438713254
0.46600000000000036,0.45815644684590817,0.4585890524182625,0.0004326055723543054,0.7426130713438106,0.7432919671995882,0.0006788958557776281
0.46700000000000036,0.45866900621910806,0.45910183554630357,0.00043282932719551637,0.74324709949546,0.7439246443727806,0.000677544877320635
0.46800000000000036,0.4591803029949808,0.45961335488102445,0.000433051886043645,0.7438795646685532,0.7445557611659951,0.0006761964974418833
0.46900000000000036,0.45969034028593925,0.46012361353931097,0.0004332732533717243,0.7445104707414325,0.7451853214517125,0.0006748507102799506
0.47000000000000036,0.4601991211966753,0.46063261463031413,0.00043349343363885406,0.7451398215822624,0.7458133290922743,0.0006735075100118282
0.47100000000000036,0.46070664882417967,0.4611403612554702,0.00043371243129053383,0.7457676210490694,0.7464397879399204,0.0006721668908510336
0.47200000000000036,0.46121292625776233,0.4616468565085214,0.00043393025075905145,0.7463938729897788,0.7470647018368276,0.0006708288470488322
0.47300000000000036,0.46171795657907255,0.46215210347553515,0.00043414689646259497,0.7470185812422537,0.7476880746151464,0.0006694933728926822
0.47400000000000037,0.46222174286211876,0.46265610523492484,0.00043436237280608525,0.7476417496343325,0.748309910097038,0.0006681604627054583
0.47500000000000037,0.4627242881732887,0.46315886485746954,0.00043457668418084294,0.7482633819838658,0.7489302120947109,0.000666830110845118
0.47600000000000037,0.4632255955713691,0.46366038540633375,0.00043478983496464396,0.7488834820987524,0.749548984410457,0.0006655023117045911
0.47700000000000037,0.4637256681075653,0.4641606699370872,0.00043500182952188604,0.7495020537769783,0.7501662308366884,0.0006641770597101138
0.47800000000000037,0.46422450882552146,0.4646597214977247,0.00043521267220325566,0.75011910080665,0.7507819551559713,0.0006628543493213401
0.47900000000000037,0.46472212076133945,0.46515754312868585,0.00043542236734639417,0.7507346269660321,0.751396161141063,0.0006615341750308978
0.48000000000000037,0.46521850694359934,0.46565413786287435,0.00043563091927500963,0.7513486360235813,0.7520088525549454,0.0006602165313641661
0.48100000000000037,0.46571367039337785,0.46614950872567784,0.00043583833229998703,0.751961131737983,0.7526200331508603,0.0006589014128773885
0.4820000000000004,0.4662076141242689,0.4666436587349871,0.000436044610718167,0.7525721178581858,0.7532297066723436,0.0006575888141577835
0.4830000000000004,0.4667003411424018,0.46713659090121534,0.0004362497588135672,0.7531815981234343,0.753837876853259,0.0006562787298246553
0.4840000000000004,0.4671918544464614,0.46762830822731805,0.0004364537808566604,0.753789576263306,0.7544445474178318,0.0006549711545258408
0.4850000000000004,0.467682157027707,0.46811881370881153,0.00043665668110454137,0.7543960559977423,0.7550497220806824,0.0006536660829401519
0.4860000000000004,0.46817125186999153,0.4686081103337928,0.0004368584638012596,0.755001041037084,0.7556534045468591,0.0006523635097751557
0.4870000000000004,0.46865914194978064,0.46909620108295796,0.0004370591331773199,0.7556045350821041,0.7562555985118707,0.0006510634297666185
0.4880000000000004,0.46914583023617157,0.4695830889296219,0.0004372586934503486,0.7562065418240401,0.7568563076617196,0.0006497658376795057
0.4890000000000004,0.46963131969091243,0.4700687768397367,0.0004374571488242607,0.7568070649446276,0.7574555356729337,0.0006484707283060942
0.4900000000000004,0.4701156132684208,0.47055326777191103,0.00043765450349025903,0.7574061081161318,0.7580532862125975,0.0006471780964656393
0.4910000000000004,0.47059871391580266,0.4710365646774287,0.0004378507616260574,0.7580036750013799,0.7586495629383856,0.0006458879370057069
0.4920000000000004,0.47108062457287136,0.47151867050026763,0.0004380459273962689,0.7585997692537939,0.7592443694985924,0.00064460024479851
0.4930000000000004,0.4715613481721658,0.47199958817711857,0.0004382400049527946,0.7591943945174198,0.7598377095321638,0.000643315014744017
0.4940000000000004,0.4720408876389697,0.4724793206374035,0.0004384329984338242,0.7597875544269622,0.7604295866687288,0.0006420322417666213
0.4950000000000004,0.47251924589132965,0.4729578708032946,0.0004386249119649466,0.7603792526078124,0.761020004528629,0.0006407519208165846
0.4960000000000004,0.47299642584007395,0.4734352415897325,0.00043881574965853876,0.7609694926760805,0.7616089667229495,0.0006394740468690374
0.4970000000000004,0.4734724303888309,0.47391143590444507,0.0004390055156141548,0.7615582782386261,0.7621964768535497,0.0006381986149236463
0.4980000000000004,0.4739472624340475,0.4743864566479654,0.000439194213917915,0.7621456128930881,0.762782538513092,0.0006369256200038365
0.4990000000000004,0.4744209248650073,0.4748603067136508,0.00043938184864350527,0.7627315002279147,0.763367155285072,0.0006356550571573472
0.5000000000000003,0.47489342056384887,0.4753329889877004,0.00043956842385151074,0.7633159438223944,0.7639503307438489,0.0006343869214544551
0.5010000000000003,0.4753647524055844,0.4758045063491739,0.0004397539435894715,0.763898947246684,0.7645320684546733,0.0006331212079893067
0.5020000000000003,0.4758349232581172,0.4762748616700094,0.0004399384118921601,0.7644805140618383,0.7651123719737166,0.000631857911878364
0.5030000000000003,0.47630393598226045,0.47674405781504187,0.0004401218327814149,0.7650606478198405,0.7656912448481007,0.0006305970282601825
0.5040000000000003,0.4767717934317546,0.47721209764202116,0.0004403042102665844,0.7656393520636301,0.7662686906159257,0.000629338552295633
0.5050000000000003,0.4772384984532859,0.47767898400162956,0.00044048554834363873,0.7662166303271314,0.7668447128062982,0.0006280824791667916
0.5060000000000003,0.47770405388650417,0.4781447197375006,0.00044066585099644673,0.7667924861352826,0.7674193149393602,0.000626828804077606
0.5070000000000003,0.47816846256404044,0.47860930768623605,0.00044084512219561,0.767366923004064,0.7679925005263165,0.0006255775222525628
0.5080000000000003,0.47863172731152503,0.4790727506774244,0.0004410233658993512,0.7679399444405257,0.7685642730694628,0.0006243286289371319
0.5090000000000003,0.47909385094760537,0.4795350515336583,0.00044120058605290335,0.7685115539428161,0.7691346360622132,0.0006230821193971003
0.5100000000000003,0.47955483628396334,0.47999621307055257,0.0004413767865892315,0.7690817550002089,0.7697035929891274,0.0006218379889184611
0.5110000000000003,0.48001468612533316,0.48045623809676163,0.0004415519714284777,0.7696505510931315,0.7702711473259377,0.000620596232806192
0.5120000000000003,0.4804734032695193,0.48091512941399744,0.0004417261444781273,0.7702179456931912,0.770837302539577,0.0006193568463858101
0.5130000000000003,0.48093099050741345,0.4813728898170465,0.0004418993096330648,0.7707839422632026,0.771402062088205,0.0006181198250024833
0.5140000000000003,0.48138745062301225,0.48182952209378815,0.0004420714707759066,0.7713485442572166,0.7719654294212344,0.0006168851640178108
0.5150000000000003,0.4818427863934349,0.4822850290252113,0.00044224263177639056,0.7719117551205429,0.7725274079793579,0.0006156528588150412
0.5160000000000003,0.4822970005889402,0.4827394133854324,0.00044241279649220866,0.7724735782897809,0.7730880011945751,0.0006144229047941874
0.5170000000000003,0.48275009597294427,0.4831926779417125,0.00044258196876822975,0.7730340171928437,0.7736472124902171,0.000613195297373359
0.5180000000000003,0.4832020753020375,0.48364482545447457,0.00044275015243705473,0.7735930752489846,0.774205045280974,0.0006119700319894283
0.5190000000000003,0.4836529413260021,0.484095858677321,0.00044291735131890553,0.774150755868824,0.7747615029729199,0.0006107471040959211
0.5200000000000004,0.48410269678782875,0.48454578035705026,0.00044308356922151404,0.7747070624543739,0.7753165889635388,0.0006095265091649038
0.5210000000000004,0.4845513444237344,0.48499459323367494,0.00044324880994056626,0.7752619983990657,0.7758703066417497,0.0006083082426839859
0.5220000000000004,0.48499888696317894,0.4854423000404378,0.0004434130772588696,0.7758155670877734,0.7764226593879325,0.0006070923001590955
0.5230000000000004,0.485445327128882,0.48588890350382974,0.0004435763749477406,0.7763677718968406,0.776973650573953,0.0006058786771123703
0.5240000000000004,0.4858906676368407,0.48633440634360636,0.00044373870676567284,0.7769186161941051,0.7775232835631873,0.0006046673690822679
0.5250000000000004,0.48633491119634575,0.4867788112728047,0.00044390007645894736,0.7774681033389245,0.7780715617105479,0.0006034583716234554
0.5260000000000004,0.4867780605099987,0.4872221209977609,0.00044406048776218787,0.7780162366822004,0.7786184883625072,0.000602251680306809
0.5270000000000004,0.487220118273729,0.4876643382181261,0.000444219944397084,0.7785630195664036,0.7791640668571225,0.0006010472907188591
0.5280000000000004,0.4876610871768101,0.488105465626884,0.0004443784500738901,0.779108455325599,0.7797083005240607,0.0005998451984616793
0.5290000000000004,0.4881009699018769,0.4885455059103673,0.00044453600849037045,0.7796525472854698,0.7802511926846224,0.0005986453991525531
0.5300000000000004,0.48853976912494196,0.48898446174827426,0.000444692623332299,0.7801952987633413,0.7807927466517663,0.0005974478884250845
0.5310000000000004,0.4889774875154123,0.4894223358136858,0.0004448482982735147,0.7807367130682065,0.7813329657301324,0.0005962526619259778
0.5320000000000004,0.48941412773610615,0.48985913077308185,0.00044500303697569965,0.7812767935007489,0.7818718532160667,0.0005950597153178139
0.5330000000000004,0.4898496924432689,0.4902948492863577,0.0004451568430887676,0.7818155433533669,0.7824094123976447,0.0005938690442778283
0.5340000000000004,0.4902841842865904,0.4907294940068408,0.0004453097202504197,0.7823529659101975,0.782945646554695,0.0005926806444974675
0.5350000000000004,0.49071760590922087,0.49116306758130723,0.0004454616720863669,0.7828890644471407,0.7834805589588226,0.0005914945116819448
0.5360000000000004,0.4911499599477871,0.4915955726499983,0.00044561270221121774,0.7834238422318816,0.7840141528734327,0.0005903106415511283
0.5370000000000004,0.49158124903240963,0.4920270118466362,0.00044576281422659125,0.7839573025239147,0.7845464315537533,0.0005891290298385421
0.5380000000000004,0.49201147578671817,0.4924573877984412,0.0004459120117230597,0.7844894485745677,0.7850773982468591,0.0005879496722913657
0.5390000000000004,0.4924406428278683,0.49288670312614746,0.0004460602982791495,0.7850202836270234,0.7856070561916937,0.0005867725646703237
0.5400000000000004,0.4928687527665576,0.4933149604440192,0.0004462076774615631,0.7855498109163436,0.7861354086190929,0.000585597702749352
0.5410000000000004,0.4932958082070419,0.4937421623598674,0.00044635415282551216,0.7860780336694917,0.7866624587518075,0.0005844250823158204
0.5420000000000004,0.493721811747151,0.4941683114750652,0.0004464997279141625,0.7866049551053557,0.7871882098045255,0.0005832546991698662
0.5430000000000004,0.4941467659783055,0.4945934103845647,0.0004466444062592445,0.7871305784347704,0.7877126649838954,0.0005820865491249494
0.5440000000000004,0.4945706734855319,0.4950174616769126,0.00044678819138066483,0.787654906860541,0.7882358274885475,0.0005809206280065204
0.5450000000000004,0.4949935368474793,0.4954404679342663,0.00044693108678700577,0.7881779435774642,0.7887577005091174,0.0005797569316532414
0.5460000000000004,0.49541535863643527,0.4958624317324102,0.00044707309597491474,0.7886996917723516,0.7892782872282672,0.0005785954559156536
0.5470000000000004,0.49583614141834115,0.49628335564077086,0.00044721422242971487,0.7892201546240508,0.7897975908207079,0.0005774361966570662
0.5480000000000004,0.49625588775280854,0.4967032422224338,0.0004473544696252385,0.7897393353034688,0.7903156144532216,0.0005762791497527786
0.5490000000000004,0.4966746001931349,0.4971220940341586,0.00044749384102366063,0.7902572369735936,0.7908323612846831,0.0005751243110895254
0.5500000000000004,0.4970922812863192,0.49753991362639494,0.00044763234007572095,0.7907738627895148,0.7913478344660819,0.0005739716765671421
0.5510000000000004,0.4975089335730779,0.49795670354329863,0.00044776997022072385,0.7912892158984476,0.7918620371405434,0.000572821242095789
0.5520000000000004,0.4979245595878602,0.498372466322747,0.000447906734886816,0.7918032994397526,0.792374972443351,0.0005716730035983941
0.5530000000000004,0.49833916185886407,0.49878720449635455,0.00044804263749048667,0.7923161165449584,0.7928866435019668,0.0005705269570084326
0.5540000000000004,0.49875274290805177,0.49920092058948873,0.00044817768143695647,0.7928276703377827,0.7933970534360536,0.0005693830982709258
0.5550000000000004,0.4991653052511652,0.49961361712128527,0.0004483118701200661,0.7933379639341539,0.7939062053574963,0.0005682414233424415
0.5560000000000004,0.49957685139774144,0.5000252966046643,0.00044844520692288725,0.7938470004422321,0.7944141023704224,0.0005671019281903167
0.5570000000000004,0.49998738385112873,0.5004359615463448,0.00044857769521611246,0.7943547829624301,0.7949207475712233,0.0005659646087932124
0.5580000000000004,0.5003969051085009,0.5008456144468614,0.00044870933836049787,0.7948613145874351,0.7954261440485754,0.000564829461140226
0.5590000000000004,0.5008054176608737,0.5012542578005788,0.0004488401397050312,0.7953665984022293,0.795930294883461,0.000563696481231668
0.5600000000000004,0.5012129239931197,0.5016618940957068,0.000448970102587154,0.7958706374841115,0.7964332031491888,0.0005625656650772859
0.5610000000000004,0.5016194265839833,0.5020685258143174,0.0004490992303340935,0.7963734349027153,0.7969348719114147,0.0005614370086993725
0.5620000000000004,0.5020249279060969,0.502474155432358,0.00044922752626108675,0.7968749937200339,0.7974353042281627,0.0005603105081287696
0.5630000000000004,0.5024294304259951,0.502878785419668,0.00044935499367293463,0.7973753169904375,0.7979345031498452,0.000559186159407643
0.5640000000000004,0.5028329366041303,0.5032824182399933,0.0004494816358630027,0.7978744077606951,0.7984324717192827,0.0005580639585875957
0.5650000000000004,0.503235448894888,0.503685056351002,0.00044960745611399844,0.7983722690699944,0.7989292129717255,0.0005569439017311106
0.5660000000000004,0.5036369697466018,0.5040867022042991,0.00044973245769730497,0.7988689039499627,0.799424729934873,0.0005558259849103298
0.5670000000000004,0.5040375016015681,0.5044873582454418,0.0004498566438736473,0.7993643154246871,0.7999190256288942,0.000554710204207054
0.5680000000000004,0.5044370468960617,0.5048870269139544,0.0004499800178926483,0.7998585065107336,0.8004121030664474,0.0005535965557137423
0.5690000000000004,0.5048356080603501,0.5052857106433434,0.00045010258299327255,0.8003514802171698,0.8009039652527007,0.0005524850355308475
0.5700000000000004,0.5052331875187093,0.5056834118611124,0.00045022434240316045,0.8008432395455815,0.8013946151853517,0.0005513756397702574
0.5710000000000004,0.5056297876894374,0.5060801329887773,0.00045034529933984935,0.8013337874900952,0.8018840558546473,0.0005502683645520756
0.5720000000000004,0.5060254109848712,0.5064758764418807,0.0004504654570095523,0.8018231270373962,0.8023722902434032,0.0005491632060069529
0.5730000000000004,0.5064200598113993,0.506870644630007,0.00045058481860771327,0.8023112611667502,0.8028593213270243,0.0005480601602740887
0.5740000000000004,0.5068137365694778,0.5072644399567972,0.00045070338731934,0.8027981928500216,0.8033451520735233,0.0005469592235016751
0.5750000000000004,0.5072064436536451,0.5076572648199638,0.0004508211663186712,0.8032839250516933,0.8038297854435413,0.0005458603918480076
0.5760000000000004,0.5075981834525359,0.508049121611305,0.0004509381587690653,0.8037684607288862,0.8043132243903663,0.0005447636614801521
0.5770000000000004,0.5079889583488968,0.5084400127167202,0.00045105436782344466,0.8042518028313796,0.8047954718599531,0.0005436690285735013
0.5780000000000004,0.5083787707196,0.508829940516224,0.0004511697966239625,0.8047339543016292,0.8052765307909426,0.0005425764893134399
0.5790000000000004,0.5087676229356586,0.5092189073839611,0.000451284448302558,0.8052149180747867,0.8057564041146804,0.0005414860398936794
0.5800000000000004,0.5091555173622404,0.5096069156882206,0.00045139832598017904,0.8056946970787205,0.8062350947552366,0.0005403976765160357
0.5810000000000004,0.5095424563586834,0.509993967791451,0.00045151143276755956,0.8061732942340327,0.806712605629425,0.0005393113953923168
0.5820000000000004,0.5099284422785095,0.5103800660502739,0.0004516237717643312,0.806650712454079,0.8071889396468211,0.0005382271927421023
0.5830000000000004,0.5103134774694389,0.5107652128154999,0.00045173534606102184,0.8071269546449886,0.8076640997097826,0.0005371450647939646
0.5840000000000004,0.5106975642734048,0.5111494104321409,0.0004518461587360578,0.807602023705682,0.8081380887134663,0.0005360650077842477
0.5850000000000004,0.511080705026568,0.5115326612394266,0.00045195621285865073,0.8080759225278897,0.8086109095458485,0.0005349870179587324
0.5860000000000004,0.5114629020593303,0.5119149675708177,0.00045206551148735397,0.8085486539961724,0.8090825650877432,0.00053391109157086
0.5870000000000004,0.5118441576963499,0.5122963317540201,0.0004521740576701738,0.8090202209879382,0.8095530582128203,0.0005328372248820656
0.5880000000000004,0.5122244742565549,0.5126767561109997,0.0004522818544447915,0.8094906263734621,0.810022391787625,0.000531765414162888
0.5890000000000004,0.5126038540531574,0.5130562429579966,0.0004523889048391183,0.8099598730159039,0.8104905686715957,0.0005306956556918596
0.5900000000000004,0.5129822993936686,0.5134347946055389,0.0004524952118702963,0.810427963771328,0.8109575917170824,0.0005296279457543962
0.5910000000000004,0.5133598125799117,0.513812413358457,0.0004526007785452535,0.8108949014887201,0.8114234637693656,0.0005285622806454615
0.5920000000000004,0.513736395908037,0.5141891015158979,0.00045270560786092595,0.8113606890100069,0.811888187666674,0.0005274986566671247
0.5930000000000004,0.5141120516685349,0.5145648613713393,0.0004528097028043687,0.8118253291700737,0.8123517662402034,0.0005264370701297816
0.5940000000000004,0.5144867821462515,0.5149396952126033,0.00045291306635175665,0.8122888247967832,0.8128142023141344,0.0005253775173511555
0.5950000000000004,0.5148605896204009,0.5153136053218709,0.00045301570146993875,0.8127511787109934,0.8132754987056506,0.0005243199946571853
0.5960000000000004,0.5152334763645803,0.5156865939756954,0.00045311761111510584,0.8132123937265756,0.8137356582249569,0.0005232644983812484
0.5970000000000004,0.5156054446467829,0.5160586634450168,0.0004532187982339009,0.8136724726504321,0.8141946836752971,0.0005222110248650491
0.5980000000000004,0.5159764967294133,0.5164298159951758,0.0004533192657625307,0.8141314182825151,0.8146525778529721,0.0005211595704569527
0.5990000000000004,0.5163466348692995,0.516800053885927,0.0004534190166274321,0.8145892334158442,0.815109343547358,0.0005201101315137624
0.6000000000000004,0.5167158613177083,0.5171693793714535,0.0004535180537451611,0.8150459208365242,0.8155649835409231,0.0005190627043989426
0.6010000000000004,0.5170841783203577,0.51753779470038,0.00045361638002228144,0.8155014833237629,0.8160195006092468,0.0005180172854838405
0.6020000000000004,0.5174515881174321,0.5179053021157872,0.00045371399835514303,0.8159559236498889,0.8164728975210362,0.0005169738711473526
0.6030000000000004,0.5178180929435945,0.5182719038552256,0.0004538109116311029,0.8164092445803687,0.8169251770381447,0.000515932457776036
0.6040000000000004,0.5181836950280014,0.5186376021507276,0.0004539071227261937,0.8168614488738261,0.8173763419155886,0.0005148930417625541
0.6050000000000004,0.5185483965943156,0.519002399228824,0.00045400263450834366,0.8173125392820574,0.8178263949015654,0.000513855619508008
0.6060000000000004,0.5189121998607198,0.5193662973105546,0.0004540974498348227,0.8177625185500506,0.8182753387374708,0.0005128201874202709
0.6070000000000004,0.5192751070399313,0.5197292986114842,0.0004541915715529088,0.8182113894160018,0.8187231761579165,0.0005117867419146549
0.6080000000000004,0.5196371203392138,0.5200914053417146,0.0004542850025007761,0.8186591546113342,0.8191699098907469,0.0005107552794126891
0.6090000000000004,0.5199982419603923,0.5204526197058988,0.0004543777455064957,0.8191058168607129,0.8196155426570574,0.0005097257963444513
0.6100000000000004,0.5203584740998657,0.5208129439032543,0.0004544698033885908,0.8195513788820644,0.8200600771712103,0.0005086982891459035
0.6110000000000004,0.5207178189486208,0.5211723801275767,0.0004545611789559256,0.8199958433865934,0.8205035161408535,0.0005076727542601134
0.6120000000000004,0.5210762786922449,0.5215309305672532,0.00045465187500826065,0.8204392130787983,0.8209458622669362,0.0005066491881379198
0.6130000000000004,0.5214338555109403,0.521888597405275,0.00045474189433469814,0.820881490656491,0.8213871182437267,0.000505627587235713
0.6140000000000004,0.5217905515795366,0.5222453828192526,0.0004548312397160137,0.8213226788108113,0.8218272867588295,0.0005046079480182097
0.6150000000000004,0.5221463690675043,0.5226012889814268,0.0004549199139224358,0.8217627802262458,0.8222663704932021,0.0005035902669562331
0.6160000000000004,0.5225013101389686,0.5229563180586838,0.00045500791971520016,0.8222017975806445,0.8227043721211714,0.0005025745405269344
0.6170000000000004,0.5228553769527213,0.5233104722125678,0.0004550952598464386,0.8226397335452365,0.8231412943104517,0.0005015607652152365
0.6180000000000004,0.5232085716622357,0.5236637535992936,0.00045518193705795795,0.823076590784648,0.8235771397221601,0.0005005489375120575
0.6190000000000004,0.523560896415678,0.5240161643697611,0.00045526795408301624,0.8235123719569196,0.8240119110108345,0.0004995390539148659
0.6200000000000004,0.523912353355922,0.5243677066695668,0.0004553533136447685,0.8239470797135208,0.8244456108244493,0.0004985311109285684
0.6210000000000004,0.5242629446205609,0.5247183826390187,0.00045543801845782106,0.8243807166993691,0.8248782418044331,0.0004975251050640672
0.6220000000000004,0.5246126723419213,0.5250681944131481,0.00045552207122678823,0.824813285552845,0.8253098065856842,0.0004965210328391478
0.6230000000000004,0.5249615386470756,0.5254171441217228,0.0004556054746471805,0.8252447889058101,0.8257403077965876,0.0004955188907774799
0.6240000000000004,0.5253095456578553,0.5257652338892607,0.0004556882314054045,0.8256752293836217,0.8261697480590317,0.0004945186754099495
0.6250000000000004,0.5256566954908635,0.5261124658350419,0.00045577034417843,0.8261046096051508,0.8265981299884245,0.0004935203832737711
0.6260000000000004,0.5260029902574885,0.5264588420731228,0.00045585181563423394,0.826532932182798,0.82702545619371,0.0004925240109120432
0.6270000000000004,0.5263484320639165,0.526804364712348,0.00045593264843157844,0.8269601997225093,0.8274517292773848,0.0004915295548754139
0.6280000000000004,0.5266930230111437,0.5271490358563635,0.0004560128452197887,0.8273864148237939,0.8278769518355138,0.0004905370117198604
0.6290000000000004,0.5270367651949903,0.5274928576036297,0.00045609240863941913,0.8278115800797394,0.8283011264577469,0.000489546378007466
0.6300000000000004,0.5273796607061125,0.5278358320474341,0.0004561713413215873,0.8282356980770273,0.8287242557273353,0.0004885576503079747
0.6310000000000004,0.5277217116300151,0.5281779612759041,0.0004562496458889731,0.8286587713959511,0.8291463422211475,0.0004875708251963484
0.6320000000000005,0.5280629200470651,0.5285192473720196,0.00045632732495448636,0.8290808026104309,0.8295673885096848,0.0004865858992538774
0.6330000000000005,0.5284032880325036,0.528859692413626,0.00045640438112237725,0.8295017942880301,0.8299873971570985,0.0004856028690684022
0.6340000000000005,0.5287428176564588,0.5291992984734467,0.0004564808169879031,0.8299217489899711,0.830406370721205,0.00048462173123398067
0.6350000000000005,0.5290815109839584,0.5295380676190955,0.0004565566351371064,0.8303406692711519,0.8308243117535021,0.00048364248235022167
0.6360000000000005,0.5294193700749426,0.5298760019130901,0.000456631838147592,0.830758557680161,0.8312412227991849,0.00048266511902383957
0.6370000000000005,0.5297563969842759,0.5302131034128638,0.0004567064285878608,0.8311754167592947,0.8316571063971613,0.00048168963786654473
0.6380000000000005,0.5300925937617609,0.5305493741707781,0.00045678040901719896,0.8315912490445718,0.8320719650800688,0.00048071603549693087
0.6390000000000005,0.5304279624521493,0.5308848162341359,0.0004568537819865659,0.8320060570657493,0.8324858013742888,0.00047974430853958694
0.6400000000000005,0.5307625050951554,0.5312194316451933,0.00045692655003781724,0.8324198433463388,0.8328986177999635,0.000478774453624764
0.6410000000000005,0.5310962237254684,0.5315532224411723,0.0004569987157039268,0.8328326104036228,0.8333104168710115,0.00047780646738870836
0.6420000000000005,0.5314291203727645,0.5318861906542737,0.0004570702815092087,0.8332443607486679,0.8337212010951426,0.00047684034647466067
0.6430000000000005,0.5317611970617193,0.5322183383116885,0.00045714124996920624,0.8336550968863439,0.8341309729738741,0.0004758760875301915
0.6440000000000005,0.5320924558120202,0.5325496674356114,0.0004572116235911361,0.8340648213153364,0.834539735002546,0.00047491368720953275
0.6450000000000005,0.5324228986383792,0.5328801800432521,0.00045728140487288904,0.8344735365281636,0.834947489670337,0.0004739531421734666
0.6460000000000005,0.5327525275505443,0.5332098781468484,0.0004573505963041402,0.8348812450111918,0.8353542394602795,0.00047299444908777133
0.6470000000000005,0.5330813445533122,0.5335387637536781,0.000457419200365905,0.8352879492446503,0.835759986849275,0.0004720376046246644
0.6480000000000005,0.533409351646541,0.5338668388660713,0.000457487219530317,0.8356936517026481,0.8361647343081094,0.00047108260546135927
0.6490000000000005,0.5337365508251616,0.5341941054814225,0.00045755465626096115,0.836098354853187,0.8365684843014689,0.0004701294482819529
0.6500000000000005,0.53406294407919,0.5345205655922032,0.00045762151301320664,0.8365020611581793,0.8369712392879546,0.00046917812977531614
0.6510000000000005,0.5343885333937397,0.5348462211859735,0.000457687792233763,0.8369047730734609,0.8373730017200983,0.00046822864663742525
0.6520000000000005,0.5347133207490338,0.5351710742453947,0.000457753496360902,0.8373064930488086,0.8377737740443768,0.0004672809955682533
0.6530000000000005,0.5350373081204169,0.5354951267482408,0.0004578186278239027,0.8377072235279533,0.8381735587012283,0.00046633517327498986
0.6540000000000005,0.5353604974783674,0.5358183806674116,0.0004578831890441615,0.8381069669485967,0.8385723581250669,0.0004653911764702645
0.6550000000000005,0.535682890788509,0.5361408379709435,0.00045794718243452603,0.8385057257424258,0.8389701747442969,0.0004644490018711478
0.6560000000000005,0.536004490011623,0.5364625006220224,0.0004580106103994064,0.8389035023351271,0.8393670109813293,0.0004635086462021487
0.6570000000000005,0.5363252971036603,0.5367833705789953,0.00045807347533499687,0.8393002991464034,0.8397628692525956,0.00046257010619221717
0.6580000000000005,0.5366453140157534,0.537103449795382,0.0004581357796286101,0.8396961185899868,0.8401577519685633,0.0004616333785765203
0.6590000000000005,0.536964542694228,0.5374227402198881,0.00045819752566012006,0.8400909630736556,0.8405516615337509,0.00046069846009533233
0.6600000000000005,0.537282985080615,0.5377412437964151,0.00045825871580007504,0.840484834999247,0.8409446003467421,0.00045976534749514464
0.6610000000000005,0.5376006431116621,0.538058962464074,0.0004583193524119178,0.8408777367626743,0.8413365708002015,0.0004588340375272226
0.6620000000000005,0.5379175187193463,0.538375898157196,0.0004583794378496542,0.8412696707539393,0.8417275752808886,0.000457904526949271
0.6630000000000005,0.5382336138308847,0.5386920528053448,0.00045843897446007364,0.8416606393571491,0.8421176161696731,0.00045697681252399036
0.6640000000000005,0.5385489303687472,0.5390074283333285,0.00045849796458130587,0.8420506449505292,0.8425066958415489,0.0004560508910197436
0.6650000000000005,0.5388634702506672,0.5393220266612103,0.0004585564105431539,0.8424396899064397,0.8428948166656498,0.0004551267592101116
0.6660000000000005,0.539177235389654,0.539635849704322,0.0004586143146679822,0.8428277765913883,0.8432819810052634,0.00045420441387511445
0.6670000000000005,0.5394902276940048,0.5399488993732738,0.0004586716792690515,0.8432149073660469,0.8436681912178454,0.00045328385179854713
0.6680000000000005,0.539802449067315,0.5402611775739674,0.00045872850665240605,0.843601084585264,0.844053449655035,0.0004523650697710879
0.6690000000000005,0.540113901408491,0.5405726862076067,0.0004587847991156524,0.8439863105980802,0.8444377586626688,0.0004514480645886332
0.6700000000000005,0.5404245866117615,0.5408834271707097,0.00045884055894818143,0.8443705877477432,0.8448211205807951,0.0004505328330518532
0.6710000000000005,0.5407345065666885,0.5411934023551201,0.0004588957884316125,0.8447539183717219,0.8452035377436891,0.0004496193719671915
0.6720000000000005,0.5410436631581794,0.5415026136480192,0.00045895048983979336,0.8451363048017192,0.8455850124798664,0.0004487076781471977
0.6730000000000005,0.5413520582664983,0.5418110629319365,0.0004590046654381341,0.8455177493636898,0.8459655471120979,0.0004477977484080853
0.6740000000000005,0.5416596937672773,0.542118752084762,0.00045905831748471737,0.8458982543778507,0.846345143957424,0.0004468895795732841
0.6750000000000005,0.5419665715315283,0.5424256829797571,0.00045911144822885497,0.8462778221586986,0.8467238053271685,0.00044598316846988784
0.6760000000000005,0.5422726934256539,0.5427318574855665,0.0004591640599126423,0.8466564550150218,0.8471015335269536,0.0004450785119317624
0.6770000000000005,0.542578061311459,0.5430372774662292,0.0004592161547701812,0.8470341552499159,0.8474783308567131,0.0004441756067972147
0.6780000000000005,0.5428826770461623,0.54334194478119,0.0004592677350276908,0.8474109251607975,0.8478541996107074,0.00044327444990988063
0.6790000000000005,0.5431865424824072,0.543645861285311,0.00045931880290384086,0.8477867670394179,0.8482291420775372,0.00044237503811928036
0.6800000000000005,0.5434896594682739,0.5439490288288825,0.0004593693606086413,0.8481616831718781,0.8486031605401575,0.0004414773682793749
0.6810000000000005,0.5437920298472892,0.5442514492576348,0.0004594194103455518,0.8485356758386415,0.848976257275892,0.0004405814372504535
0.6820000000000005,0.5440936554584397,0.544553124412749,0.00045946895430926116,0.8489087473145497,0.8493484345564465,0.0004396872418968023
0.6830000000000005,0.5443945381361808,0.5448540561308683,0.0004595179946875749,0.8492808998688353,0.8497196946479237,0.0004387947790884805
0.6840000000000005,0.5446946797104496,0.5451542462441096,0.0004595665336599719,0.8496521357651354,0.8500900398108363,0.0004379040457008765
0.6850000000000005,0.5449940820066754,0.545453696580074,0.00045961457339860345,0.8500224572615068,0.8504594723001216,0.0004370150386148186
0.6860000000000005,0.5452927468457909,0.5457524089618585,0.0004596621160676273,0.8503918666104391,0.8508279943651547,0.0004361277547155762
0.6870000000000005,0.5455906760442428,0.5460503852080669,0.00045970916382409577,0.8507603660588686,0.8511956082497626,0.00043524219089396965
0.6880000000000005,0.5458878714140034,0.5463476271328207,0.0004597557188172896,0.851127957848192,0.8515623161922383,0.0004343583440463705
0.6890000000000005,0.5461843347625821,0.5466441365457707,0.000459801783188607,0.8514946442142807,0.851928120425354,0.0004334762110733692
0.6900000000000005,0.546480067893035,0.5469399152521073,0.0004598473590722296,0.8518604273874931,0.852293023176375,0.0004325957888818843
0.6910000000000005,0.5467750726039773,0.547234965052572,0.0004598924485946787,0.8522253095926907,0.8526570266670735,0.00043171707438283136
0.6920000000000005,0.547069350689593,0.5475292877434681,0.00045993705387514794,0.8525892930492492,0.8530201331137425,0.000430840064493232
0.6930000000000005,0.547362903939647,0.5478228851166722,0.0004599811770251705,0.8529523799710743,0.8533823447272081,0.0004299647561337716
0.6940000000000005,0.5476557341394954,0.5481157589596444,0.0004600248201489521,0.8533145725666128,0.8537436637128449,0.00042909114623213007
0.6950000000000005,0.5479478430700961,0.5484079110554394,0.0004600679853432599,0.853675873038869,0.8541040922705885,0.0004282192317194289
0.6960000000000005,0.5482392325080203,0.5486993431827175,0.00046011067469720057,0.854036283585416,0.8544636325949487,0.00042734900953278476
0.6970000000000005,0.5485299042254628,0.5489900571157557,0.0004601528902928864,0.8543958063984098,0.8548222868750238,0.00042648047661397737
0.6980000000000005,0.5488198599902527,0.5492800546244577,0.0004601946342049912,0.8547544436646034,0.8551800572945134,0.0004256136299100044
0.6990000000000005,0.5491091015658651,0.5495693374743658,0.0004602359085006391,0.8551121975653594,0.8555369460317321,0.00042474846637274855
0.7000000000000005,0.5493976307114308,0.5498579074266703,0.00046027671523951597,0.8554690702766634,0.8558929552596225,0.0004238849829590885
0.7010000000000005,0.5496854491817468,0.5501457662382215,0.0004603170564747572,0.8558250639691379,0.856248087145769,0.000423023176631121
0.7020000000000005,0.5499725587272886,0.5504329156615401,0.0004603569342515046,0.8561801808080555,0.856602343852411,0.0004221630443554947
0.7030000000000005,0.5502589610942189,0.5507193574448268,0.0004603963506079056,0.8565344229533509,0.8569557275364554,0.00042130458310452035
0.7040000000000005,0.5505446580243997,0.5510050933319747,0.0004604353075750023,0.8568877925596364,0.857308240349491,0.0004204477898546166
0.7050000000000005,0.5508296512554021,0.5512901250625786,0.0004604738071765091,0.8572402917762126,0.857659884437801,0.0004195926615883083
0.7060000000000005,0.5511139425205169,0.551574454371946,0.00046051185142903517,0.8575919227470837,0.8580106619423759,0.0004187391952921171
0.7070000000000005,0.5513975335487658,0.5518580829911076,0.0004605494423418621,0.8579426876109697,0.858360574998927,0.0004178873879573386
0.7080000000000005,0.5516804260649111,0.5521410126468286,0.00046058658191749924,0.8582925885013184,0.8587096257378998,0.0004170372365813746
0.7090000000000005,0.5519626217894665,0.5524232450616174,0.00046062327215090626,0.8586416275463208,0.8590578162844864,0.00041618873816562374
0.7100000000000005,0.5522441224387084,0.5527047819537386,0.0004606595150302706,0.858989806868922,0.8594051487586386,0.0004153418897165917
0.7110000000000005,0.5525249297246844,0.5529856250372214,0.00046069531253700724,0.859337128586836,0.8597516252750813,0.00041449668824533603
0.7120000000000005,0.5528050453552258,0.5532657760218704,0.0004607306666446487,0.8596835948125567,0.8600972479433254,0.0004136531307686875
0.7130000000000005,0.5530844710339569,0.5535452366132771,0.00046076557932028805,0.8600292076533725,0.86044201886768,0.0004128112143074736
0.7140000000000005,0.5533632084603052,0.5538240085128294,0.00046080005252424616,0.8603739692113779,0.860785940147266,0.000411970935888073
0.7150000000000005,0.5536412593295126,0.5541020934177219,0.0004608340882092943,0.8607178815834874,0.8611290138760286,0.0004111322925411942
0.7160000000000005,0.5539186253326449,0.5543794930209666,0.00046086768832165337,0.8610609468614479,0.8614712421427507,0.00041029528130287485
0.7170000000000005,0.5541953081566025,0.554656209011403,0.00046090085480055,0.8614031671318514,0.8618126270310649,0.00040945989921348236
0.7180000000000005,0.5544713094841306,0.5549322430737087,0.00046093358957810526,0.8617445444761476,0.8621531706194662,0.00040862614331860225
0.7190000000000005,0.5547466309938294,0.5552075968884094,0.00046096589458000103,0.8620850809706573,0.8624928749813258,0.000407794010668483
0.7200000000000005,0.5550212743601646,0.5554822721318889,0.0004609977717243696,0.8624247786865843,0.8628317421849024,0.00040696349831814693
0.7210000000000005,0.5552952412534764,0.5557562704763999,0.00046102922292345916,0.8627636396900284,0.8631697742933561,0.00040613460332761253
0.7220000000000005,0.555568533339992,0.5560295935900733,0.00046106025008130214,0.863101666041998,0.8635069733647599,0.0004053073227618942
0.7230000000000005,0.555841152281833,0.55630224313693,0.00046109085509704606,0.8634388597984229,0.863843341452113,0.0004044816536900031
0.7240000000000005,0.5561130997370275,0.5565742207768889,0.00046112103986140074,0.8637752230101666,0.8641788806033533,0.0004036575931867237
0.7250000000000005,0.5563843773595194,0.5568455281657786,0.0004611508062591918,0.8641107577230391,0.8645135928613696,0.000402835138330504
0.7260000000000005,0.5566549867991788,0.5571161669553468,0.00046118015616802843,0.8644454659778087,0.8648474802640144,0.00040201428620567636
0.7270000000000005,0.5569249297018115,0.5573861387932708,0.00046120909145930256,0.864779349810215,0.8651805448441159,0.00040119503390090294
0.7280000000000005,0.5571942077091694,0.5576554453231668,0.0004612376139974117,0.8651124112509823,0.865512788629491,0.0004003773785087317
0.7290000000000005,0.5574628224589606,0.5579240881846007,0.00046126572564009205,0.8654446523258295,0.8658442136429576,0.0003995613171281498
0.7300000000000005,0.5577307755848591,0.5581920690130976,0.0004612934282385295,0.8657760750554852,0.8661748219023464,0.00039874684686125317
0.7310000000000005,0.5579980687165147,0.5584593894401519,0.0004613207236372485,0.8661066814556981,0.8665046154205139,0.0003979339648157998
0.7320000000000005,0.5582647034795634,0.5587260510932377,0.0004613476136743344,0.8664364735372501,0.8668335962053545,0.00039712266810443264
0.7330000000000005,0.5585306814956363,0.5589920555958174,0.00046137410018110003,0.866765453305969,0.8671617662598123,0.0003963129538433474
0.7340000000000005,0.558796004382371,0.5592574045673532,0.0004614001849821969,0.8670936227627394,0.8674891275818941,0.000395504819154735
0.7350000000000005,0.5590606737534198,0.5595220996233159,0.0004614258698960594,0.8674209839035161,0.8678156821646812,0.0003946982611651162
0.7360000000000005,0.5593246912184606,0.5597861423751952,0.0004614511567345714,0.8677475387193367,0.8681414319963414,0.00039389327700467547
0.7370000000000005,0.5595880583832062,0.560049534430509,0.0004614760473027335,0.8680732891963318,0.8684663790601415,0.00039308986380970357
0.7380000000000005,0.5598507768494148,0.5603122773928141,0.0004615005433993291,0.8683982373157386,0.8687905253344592,0.00039228801872059904
0.7390000000000005,0.5601128482148982,0.560574372861715,0.00046152464681681327,0.8687223850539131,0.8691138727927954,0.00039148773888231236
0.7400000000000005,0.5603742740735329,0.5608358224328744,0.0004615483593415348,0.8690457343823419,0.8694364234037858,0.00039068902144390183
0.7410000000000005,0.56063505601527,0.5610966276980222,0.0004615716827521821,0.8693682872676531,0.8697581791312134,0.0003898918635603099
0.7420000000000005,0.5608951956261434,0.5613567902449658,0.0004615946188223363,0.8696900456716302,0.8700791419340207,0.0003890962623904759
0.7430000000000005,0.5611546944882809,0.5616163116575996,0.00046161716931869545,0.8700110115512231,0.8703993137663206,0.0003883022150975579
0.7440000000000005,0.5614135541799129,0.5618751935159145,0.0004616393360016291,0.8703311868585591,0.8707186965774093,0.00038750971885015417
0.7450000000000006,0.5616717762753825,0.5621334373960077,0.00046166112062528963,0.8706505735409572,0.8710372923117781,0.0003867187708208597
0.7460000000000006,0.5619293623451549,0.562391044870092,0.0004616825249370571,0.8709691735409377,0.8713551029091247,0.00038592936818693246
0.7470000000000006,0.5621863139558267,0.562648017506506,0.00046170355067920443,0.8712869887962347,0.8716721303043654,0.00038514150813073744
0.7480000000000006,0.5624426326701364,0.5629043568697224,0.0004617241995860111,0.8716040212398091,0.8719883764276477,0.0003843551878386364
0.7490000000000006,0.5626983200469724,0.5631600645203595,0.00046174447338709346,0.8719202727998585,0.8723038432043603,0.00038357040450176516
0.7500000000000006,0.562953377641384,0.5634151420151888,0.0004617643738048516,0.8722357453998305,0.8726185325551463,0.0003827871553158113
0.7510000000000006,0.5632078070045896,0.5636695909071455,0.0004617839025559123,0.8725504409584335,0.8729324463959147,0.0003820054374812365
0.7520000000000006,0.5634616096839871,0.5639234127453376,0.00046180306135057414,0.8728643613896482,0.8732455866378516,0.0003812252482033873
0.7530000000000006,0.5637147872231625,0.5641766090750556,0.0004618218518931405,0.8731775086027411,0.8735579551874321,0.00038044658469094106
0.7540000000000006,0.5639673411619001,0.5644291814377815,0.00046184027588147547,0.8734898845022738,0.8738695539464321,0.0003796694441582371
0.7550000000000006,0.5642192730361912,0.5646811313711988,0.0004618583350075589,0.8738014909881162,0.8741803848119397,0.0003788938238235007
0.7560000000000006,0.564470584378244,0.564932460409201,0.0004618760309569314,0.8741123299554567,0.874490449676367,0.000378119720910286
0.7570000000000006,0.5647212767164922,0.565183170081902,0.0004618933654098045,0.8744224032948157,0.8747997504274614,0.0003773471326457001
0.7580000000000006,0.5649713515756052,0.5654332619156447,0.0004619103400395064,0.8747317128920549,0.875108288948317,0.00037657605626217894
0.7590000000000006,0.5652208104764964,0.5656827374330099,0.0004619269565134809,0.8750402606283906,0.875416067117387,0.0003758064889963775
0.7600000000000006,0.5654696549363334,0.5659315981528269,0.00046194321649351,0.8753480483804045,0.8757230868084933,0.00037503842808883636
0.7610000000000006,0.5657178864685466,0.5661798455901816,0.00046195912163504715,0.8756550780200545,0.8760293498908404,0.00037427187078586943
0.7620000000000006,0.5659655065828384,0.5664274812564262,0.0004619746735877728,0.875961351414687,0.8763348582290245,0.00037350681433745425
0.7630000000000006,0.566212516785193,0.5666745066591882,0.00046198987399515,0.8762668704270482,0.8766396136830463,0.0003727432559981203
0.7640000000000006,0.566458918577885,0.5669209233023798,0.0004620047244947578,0.8765716369152955,0.876943618108322,0.0003719811930265049
0.7650000000000006,0.5667047134594883,0.5671667326862068,0.00046201922671851303,0.8768756527330074,0.8772468733556943,0.0003712206226869075
0.7660000000000006,0.5669499029248859,0.567411936307178,0.0004620333822921152,0.877178919729197,0.8775493812714441,0.0003704615422470692
0.7670000000000006,0.5671944884652788,0.5676565356581141,0.00046204719283537976,0.8774814397483222,0.8778511436973016,0.00036970394897939407
0.7680000000000006,0.5674384715681947,0.5679005322281571,0.0004620606599623489,0.8777832146302964,0.8781521624704571,0.0003689478401607271
0.7690000000000006,0.5676818537174977,0.5681439275027789,0.0004620737852811807,0.8780842462105007,0.8784524394235734,0.00036819321307268726
0.7700000000000006,0.5679246363933962,0.5683867229637907,0.0004620865703944821,0.8783845363197949,0.8787519763847955,0.00036744006500066817
0.7710000000000006,0.5681668210724533,0.5686289200893518,0.0004620990168985317,0.8786840867845273,0.8790507751777626,0.0003666883932353926
0.7720000000000006,0.5684084092275951,0.568870520353979,0.00046211112638394614,0.8789828994265482,0.8793488376216194,0.00036593819507124703
0.7730000000000006,0.5686494023281192,0.5691115252285549,0.0004621229004356797,0.879280976063219,0.8796461655310267,0.000365189467807725
0.7740000000000006,0.5688898018397044,0.5693519361803376,0.00046213434063324677,0.8795783185074246,0.8799427607161722,0.00036444220874753963
0.7750000000000006,0.5691296092244195,0.5695917546729691,0.00046214544854961126,0.8798749285675831,0.8802386249827826,0.00036369641519951035
0.7760000000000006,0.5693688259407317,0.5698309821664845,0.0004621562257528522,0.8801708080476583,0.8805337601321336,0.0003629520844752321
0.7770000000000006,0.5696074534435158,0.5700696201173208,0.00046216667380494236,0.8804659587471692,0.8808281679610614,0.000362209213892295
0.7780000000000006,0.5698454931840635,0.5703076699783255,0.00046217679426197034,0.8807603824612027,0.8811218502619734,0.0003614678007707317
0.7790000000000006,0.5700829466100914,0.5705451331987661,0.00046218658867469564,0.8810540809804226,0.8814148088228593,0.0003607278424366811
0.7800000000000006,0.57031981516575,0.5707820112243382,0.00046219605858821566,0.881347056091082,0.8817070454273019,0.0003599893362199458
0.7810000000000006,0.5705561002916332,0.571018305497175,0.0004622052055418546,0.8816393095750336,0.8819985618544883,0.00035925227945476923
0.7820000000000006,0.570791803424786,0.5712540174558551,0.0004622140310691636,0.8819308432097404,0.8822893598792201,0.0003585166694797248
0.7830000000000006,0.571026925998714,0.5714891485354127,0.0004622225366986976,0.8822216587682871,0.8825794412719246,0.00035778250363749375
0.7840000000000006,0.5712614694433918,0.5717237001673446,0.0004622307239527945,0.88251175801939,0.8828688077986655,0.00035704977927553117
0.7850000000000006,0.5714954351852721,0.5719576737796208,0.0004622385943486851,0.8828011427274086,0.8831574612211543,0.0003563184937457331
0.7860000000000006,0.5717288246472938,0.5721910707966913,0.00046224614939749387,0.8830898146523561,0.8834454032967598,0.00035558864440365934
0.7870000000000006,0.5719616392488907,0.5724238926394961,0.00046225339060546045,0.88337777554991,0.88373263577852,0.0003548602286099767
0.7880000000000006,0.5721938804060009,0.5726561407254739,0.0004622603194729402,0.8836650271714225,0.8840191604151518,0.00035413324372934873
0.7890000000000006,0.5724255495310744,0.5728878164685693,0.0004622669374949595,0.883951571263932,0.8843049789510625,0.00035340768713054693
0.7900000000000006,0.5726566480330821,0.5731189212792432,0.00046227324616110455,0.884237409570173,0.8845900931263598,0.0003526835561867836
0.7910000000000006,0.5728871773175249,0.5733494565644802,0.00046227924695529943,0.8845225438285873,0.8848745046768632,0.000351960848275934
0.7920000000000006,0.5731171387864415,0.5735794237277979,0.0004622849413563612,0.8848069757733338,0.8851582153341132,0.0003512395607794261
0.7930000000000006,0.5733465338384172,0.5738088241692544,0.0004622903308372228,0.8850907071342996,0.8854412268253834,0.0003505196910837949
0.7940000000000006,0.5735753638685923,0.5740376592854582,0.0004622954168659321,0.8853737396371104,0.8857235408736901,0.0003498012365796832
0.7950000000000006,0.573803630268671,0.5742659304695756,0.00046230020090465285,0.8856560750031414,0.8860051591978028,0.0003490841946613976
0.7960000000000006,0.5740313344269291,0.57449363911134,0.0004623046844108858,0.885937714949527,0.8862860835122554,0.0003483685627283517
0.7970000000000006,0.5742584777282236,0.5747207865970595,0.0004623088688359145,0.886218661189172,0.8865663155273558,0.0003476543381837338
0.7980000000000006,0.5744850615539996,0.5749473743096261,0.00046231275562647056,0.8864989154307614,0.8868458569491967,0.0003469415184352842
0.7990000000000006,0.5747110872823,0.5751734036285235,0.0004623163462235125,0.8867784793787714,0.887124709479666,0.0003462301008946289
0.8000000000000006,0.5749365562877737,0.5753988759298363,0.0004623196420625586,0.8870573547334796,0.8874028748164573,0.00034552008297772385
0.8010000000000006,0.5751614699416829,0.5756237925862576,0.0004623226445746864,0.887335543190975,0.8876803546530799,0.0003448114621049658
0.8020000000000006,0.575385829611913,0.5758481549670978,0.00046232535518486717,0.8876130464431683,0.8879571506788695,0.00034410423570119253
0.8030000000000006,0.5756096366629795,0.5760719644382926,0.0004623277753130761,0.887889866177803,0.888233264578998,0.0003433984011950164
0.8040000000000006,0.5758328924560374,0.5762952223624115,0.00046232990637407045,0.8881660040784642,0.8885086980344844,0.00034269395602015695
0.8050000000000006,0.5760555983488886,0.5765179300986664,0.0004623317497777224,0.8884414618245915,0.8887834527222044,0.00034199089761288715
0.8060000000000006,0.576277755695991,0.5767400890029193,0.00046233330692824204,0.8887162410914862,0.8890575303149013,0.0003412892234151421
0.8070000000000006,0.5764993658484661,0.5769617004276909,0.00046233457922484344,0.8889903435503228,0.8893309324811953,0.00034058893087252073
0.8080000000000006,0.5767204301541073,0.577182765722169,0.00046233556806163367,0.8892637708681598,0.889603660885595,0.0003398900174351738
0.8090000000000006,0.5769409499573885,0.5774032862322162,0.00046233627482761275,0.8895365247079488,0.8898757171885059,0.0003391924805571378
0.8100000000000006,0.5771609265994719,0.5776232633003784,0.0004623367009064516,0.8898086067285447,0.8901471030462417,0.0003384963176970013
0.8110000000000006,0.577380361418216,0.5778426982658931,0.0004623368476770473,0.8900800185847172,0.8904178201110343,0.00033780152631712745
0.8120000000000006,0.5775992557481844,0.5780615924646973,0.0004623367165129677,0.8903507619271595,0.890687870031043,0.0003371081038835433
0.8130000000000006,0.5778176109206533,0.5782799472294359,0.0004623363087825627,0.8906208384024978,0.8909572544503657,0.00033641604786782686
0.8140000000000006,0.57803542826362,0.5784977638894695,0.00046233562584951926,0.8908902496533029,0.8912259750090481,0.00033572535574522
0.8150000000000006,0.5782527091018104,0.5787150437708827,0.00046233466907230625,0.8911589973180996,0.8914940333430941,0.00033503602499451723
0.8160000000000006,0.5784694547566878,0.5789317881964923,0.0004623334398045076,0.8914270830313762,0.8917614310844755,0.00033434805309928706
0.8170000000000006,0.5786856665464604,0.5791479984858545,0.00046233193939415607,0.8916945084235951,0.892028169861142,0.0003336614375468727
0.8180000000000006,0.5789013457860896,0.5793636759552746,0.0004623301691849546,0.8919612751212023,0.8922942512970313,0.00033297617582905836
0.8190000000000006,0.5791164937872983,0.5795788219178135,0.0004623281305151661,0.8922273847466372,0.8925596770120792,0.000332292265441958
0.8200000000000006,0.5793311118585773,0.5797934376832962,0.00046232582471883443,0.8924928389183432,0.8928244486222283,0.00033160970388512734
0.8210000000000006,0.579545201305196,0.5800075245583198,0.0004623232531237864,0.8927576392507766,0.8930885677394397,0.0003309284886631181
0.8220000000000006,0.5797587634292074,0.5802210838462617,0.00046232041705429605,0.8930217873544172,0.8933520359717009,0.0003302486172837016
0.8230000000000006,0.5799717995294582,0.5804341168472869,0.00046231731782864216,0.8932852848357773,0.8936148549230372,0.00032957008725986725
0.8240000000000006,0.5801843109015956,0.5806466248583567,0.00046231395676110676,0.8935481332974129,0.8938770261935202,0.000328892896107269
0.8250000000000006,0.5803962988380758,0.5808586091732358,0.0004623103351600877,0.8938103343379312,0.8941385513792788,0.000328217041347556
0.8260000000000006,0.5806077646281709,0.5810700710825011,0.000462306454330208,0.894071889552003,0.8943994320725075,0.00032754252050448684
0.8270000000000006,0.5808187095579779,0.5812810118735486,0.00046230231557076173,0.8943328005303699,0.8946596698614774,0.0003268693311074822
0.8280000000000006,0.5810291349104258,0.5814914328306017,0.00046229792017582483,0.894593068859856,0.8949192663305451,0.00032619747068907134
0.8290000000000006,0.581239041965284,0.5817013352347192,0.0004622932694352544,0.8948526961233763,0.8951782230601626,0.0003255269367863356
0.8300000000000006,0.5814484319991691,0.581910720363803,0.00046228836463391154,0.8951116838999464,0.8954365416268868,0.000324857726940353
0.8310000000000006,0.5816573062855535,0.5821195894926051,0.00046228320705166137,0.8953700337646928,0.8956942236033895,0.0003241898386966424
0.8320000000000006,0.5818656660947729,0.5823279438927369,0.0004622777979640391,0.8956277472888621,0.8959512705584662,0.00032352326960416455
0.8330000000000006,0.5820735126940341,0.5825357848326755,0.000462272138641473,0.8958848260398303,0.8962076840570466,0.0003228580172163209
0.8340000000000006,0.5822808473474226,0.5827431135777723,0.00046226623034972825,0.8961412715811132,0.8964634656602035,0.00032219407909028774
0.8350000000000006,0.5824876713159102,0.5829499313902602,0.00046226007435001826,0.8963970854723747,0.8967186169251623,0.0003215314527875712
0.8360000000000006,0.582693985857363,0.5831562395292614,0.00046225367189844935,0.8966522692694371,0.8969731394053108,0.0003208701358736743
0.8370000000000006,0.5828997922265488,0.5833620392507957,0.000462247024246909,0.8969068245242907,0.8972270346502086,0.0003202101259178747
0.8380000000000006,0.5831050916751442,0.5835673318077869,0.00046224013264262176,0.8971607527851023,0.8974803042055964,0.000319551420494113
0.8390000000000006,0.5833098854517439,0.5837721184500715,0.0004622329983275941,0.8974140555962257,0.8977329496134054,0.0003188940171797716
0.8400000000000006,0.5835141748018662,0.5839764004244061,0.0004622256225399468,0.8976667344982103,0.8979849724117669,0.0003182379135565627
0.8410000000000006,0.5837179609679619,0.5841801789744745,0.0004622180065125825,0.8979187910278111,0.8982363741350216,0.0003175831072104174
0.8420000000000006,0.5839212451894217,0.5843834553408956,0.00046221015147396294,0.8981702267179978,0.8984871563137286,0.00031692959573070834
0.8430000000000006,0.5841240287025832,0.5845862307612313,0.00046220205864810904,0.8984210430979639,0.8987373204746748,0.00031627737671091616
0.8440000000000006,0.584326312740739,0.5847885064699934,0.00046219372925437874,0.8986712416931361,0.8989868681408854,0.0003156264477492954
0.8450000000000006,0.5845280985341441,0.5849902836986512,0.000462185164507134,0.8989208240251837,0.899235800831631,0.0003149768064473202
0.8460000000000006,0.5847293873100228,0.5851915636756401,0.000462176365617295,0.8991697916120286,0.8994841200624388,0.0003143284504102395
0.8470000000000006,0.5849301802925768,0.5853923476263669,0.00046216733379012,0.8994181459678525,0.8997318273451008,0.00031368137724829825
0.8480000000000006,0.585130478702993,0.5855926367732196,0.0004621580702266481,0.8996658886031081,0.8999789241876832,0.0003130355845750721
0.8490000000000006,0.5853302837594494,0.5857924323355732,0.0004621485761238109,0.8999130210245277,0.9002254120945357,0.00031239107000791133
0.8500000000000006,0.5855295966771246,0.585991735529798,0.0004621388526734327,0.9001595447351319,0.9004712925663008,0.0003117478311688293
0.8510000000000006,0.5857284186682029,0.5861905475692667,0.00046212890106378524,0.900405461234239,0.9007165670999223,0.000311105865683281
0.8520000000000006,0.5859267509418838,0.5863888696643615,0.00046211872247770014,0.9006507720174745,0.9009612371886555,0.0003104651711810513
0.8530000000000006,0.5861245947043882,0.5865867030224823,0.00046210831809412323,0.9008954785767798,0.9012053043220751,0.00030982574529536677
0.8540000000000006,0.5863219511589657,0.5867840488480528,0.00046209768908711535,0.9011395824004212,0.9014487699860851,0.0003091875856638948
0.8550000000000006,0.5865188215059023,0.5869809083425293,0.0004620868366269626,0.9013830849729995,0.9016916356629274,0.00030855068992796664
0.8560000000000006,0.5867152069425277,0.5871772827044066,0.00046207576187895505,0.9016259877754585,0.9019339028311915,0.0003079150557329102
0.8570000000000007,0.5869111086632223,0.5873731731292268,0.000462064466004497,0.9018682922850938,0.9021755729658224,0.0003072806807286055
0.8580000000000007,0.5871065278594246,0.5875685808095849,0.00046205295016021886,0.9021099999755628,0.9024166475381303,0.0003066475625674858
0.8590000000000007,0.5873014657196385,0.5877635069351373,0.0004620412154988651,0.9023511123168928,0.9026571280158,0.0003060156989072027
0.8600000000000007,0.5874959234294408,0.5879579526926086,0.0004620292631678513,0.9025916307754897,0.9028970158628986,0.0003053850874089603
0.8610000000000007,0.5876899021714875,0.5881519192657991,0.0004620170943115953,0.9028315568141483,0.9031363125398857,0.0003047557257374045
0.8620000000000007,0.5878834031255221,0.5883454078355912,0.00046200471006907495,0.9030708918920594,0.9033750195036211,0.00030412761156173307
0.8630000000000007,0.588076427468382,0.5885384195799578,0.0004619921115758263,0.9033096374648198,0.9036131382073748,0.00030350074255491855
0.8640000000000007,0.588268976374006,0.5887309556739685,0.00046197929996250053,0.9035477949844418,0.9038506701008351,0.00030287511639326414
0.8650000000000007,0.5884610510134416,0.5889230172897971,0.0004619662763555299,0.9037853658993594,0.9040876166301176,0.0003022507307581801
0.8660000000000007,0.5886526525548513,0.5891146055967291,0.00046195304187779396,0.9040223516544406,0.9043239792377742,0.00030162758333363016
0.8670000000000007,0.5888437821635211,0.5893057217611678,0.0004619395976467322,0.9042587536909937,0.9045597593628016,0.00030100567180790794
0.8680000000000007,0.589034441001866,0.5894963669466425,0.00046192594477656446,0.904494573446777,0.9047949584406505,0.0003003849938735259
0.8690000000000007,0.5892246302294384,0.5896865423138153,0.00046191208437695863,0.9047298123560068,0.9050295779032337,0.0002997655472268823
0.8700000000000007,0.5894143510029344,0.5898762490204874,0.0004618980175530307,0.9049644718493675,0.9052636191789353,0.0002991473295678171
0.8710000000000007,0.589603604476201,0.5900654882216074,0.00046188374540645505,0.9051985533540189,0.9054970836926192,0.000298530338600278
0.8720000000000007,0.5897923918002432,0.5902542610692774,0.00046186926903413195,0.9054320582936061,0.9057299728656381,0.00029791457203198757
0.8730000000000007,0.5899807141232313,0.59044256871276,0.0004618545895287429,0.9056649880882667,0.9059622881158416,0.00029730002757488716
0.8740000000000007,0.5901685725905066,0.5906304122984862,0.0004618397079796388,0.905897344154641,0.9061940308575853,0.00029668670294435984
0.8750000000000007,0.5903559683445905,0.5908177929700613,0.00046182462547084135,0.9061291279058798,0.9064252025017392,0.00029607459585934137
0.8760000000000007,0.5905429025251894,0.5910047118682726,0.0004618093430832637,0.9063603407516531,0.9066558044556963,0.00029546370404320843
0.8770000000000007,0.5907293762692027,0.5911911701310959,0.0004617938618931561,0.9065909840981581,0.9068858381233813,0.00029485402522322346
0.8780000000000007,0.5909153907107298,0.591377168893703,0.0004617781829731049,0.9068210593481288,0.9071153049052588,0.0002942455571299796
0.8790000000000007,0.5911009469810764,0.5915627092884674,0.00046176230739103374,0.9070505679008443,0.9073442061983427,0.00029363829749839976
0.8800000000000007,0.5912860462087616,0.591747792444973,0.0004617462362114244,0.9072795111521368,0.9075725433962032,0.0002930322440664046
0.8810000000000007,0.591470689519525,0.5919324194900192,0.00046172997049420683,0.9075078904944003,0.907800317888977,0.00029242739457668865
0.8820000000000007,0.5916548780363335,0.5921165915476292,0.0004617135112956472,0.9077357073165989,0.9080275310633743,0.00029182374677538814
0.8830000000000007,0.591838612879388,0.5923003097390558,0.00046169685966779284,0.9079629630042759,0.9082541843026883,0.00029122129841241406
0.8840000000000007,0.5920218951661299,0.5924835751827885,0.00046168001665858327,0.9081896589395619,0.9084802789868032,0.00029062004724123014
0.8850000000000007,0.5922047260112486,0.5926663889945609,0.00046166298331229427,0.9084157965011826,0.9087058164922024,0.00029001999101974096
0.8860000000000007,0.5923871065266877,0.5928487522873567,0.0004616457606689828,0.9086413770644686,0.9089307981919771,0.0002894211275085157
0.8870000000000007,0.5925690378216522,0.5930306661714169,0.0004616283497647089,0.9088664020013613,0.9091552254558348,0.0002888234544735635
0.8880000000000007,0.5927505210026147,0.5932121317542463,0.000461610751631536,0.9090908726804248,0.9093790996501074,0.00028822696968267003
0.8890000000000007,0.5929315571733227,0.5933931501406208,0.00046159296729808563,0.9093147904668503,0.9096024221377598,0.00028763167090950503
0.8900000000000007,0.5931121474348051,0.5935737224325932,0.0004615749977880945,0.9095381567224678,0.9098251942783976,0.0002870375559297367
0.8910000000000007,0.5932922928853783,0.593753849729501,0.00046155684412263476,0.9097609728057526,0.9100474174282763,0.00028644462252369607
0.8920000000000007,0.5934719946206544,0.593933533127972,0.00046153850731767143,0.909983240071833,0.9102690929403084,0.0002858528684754891
0.8930000000000007,0.5936512537335461,0.5941127737219318,0.00046151998838572794,0.9102049598725009,0.9104902221640732,0.00028526229157221916
0.8940000000000007,0.5938300713142743,0.5942915726026102,0.000461501288335886,0.9104261335562172,0.9107108064458231,0.0002846728896059858
0.8950000000000007,0.5940084484503749,0.5944699308585478,0.00046148240817289743,0.9106467624681222,0.9109308471284936,0.000284084660371442
0.8960000000000007,0.5941863862267049,0.5946478495756026,0.0004614633488976283,0.9108668479500427,0.9111503455517103,0.00028349760166757054
0.8970000000000007,0.5943638857254492,0.5948253298369565,0.00046144411150728093,0.9110863913405002,0.9113693030517973,0.0002829117112971291
0.8980000000000007,0.5945409480261269,0.5950023727231221,0.00046142469699517186,0.9113053939747198,0.9115877209617859,0.00028232698706609494
0.8990000000000007,0.5947175742055986,0.5951789793119494,0.00046140510635084286,0.911523857184637,0.9118056006114219,0.0002817434267848862
0.9000000000000007,0.5948937653380721,0.5953551506786321,0.00046138534055994995,0.9117417822989071,0.9120229433271745,0.00028116102826736267
0.9010000000000007,0.5950695224951097,0.5955308878957143,0.0004613654006045964,0.9119591706429128,0.9122397504322434,0.0002805797893306039
0.9020000000000007,0.5952448467456342,0.5957061920330969,0.0004613452874627777,0.9121760235387716,0.9124560232465678,0.0002799997077962413
0.9030000000000007,0.595419739155935,0.5958810641580441,0.0004613250021090476,0.9123923423053454,0.9126717630868341,0.00027942078148868177
0.9040000000000007,0.5955942007896762,0.5960555053351899,0.000461304545513741,0.9126081282582468,0.9128869712664837,0.00027884300823688424
0.9050000000000007,0.5957682327079008,0.596229516626545,0.00046128391864419527,0.9128233827098481,0.9131016490957211,0.0002782663858730272
0.9060000000000007,0.5959418359690394,0.5964030990915026,0.0004612631224631958,0.9130381069692896,0.9133157978815223,0.0002776909122327309
0.9070000000000007,0.5961150116289149,0.5965762537868453,0.00046124215793041934,0.9132523023424858,0.913529418927642,0.00027711658515616744
0.9080000000000007,0.5962877607407497,0.5967489817667514,0.00046122102600165693,0.9134659701321354,0.913742513534622,0.0002765434024866176
0.9090000000000007,0.5964600843551725,0.5969212840828012,0.00046119972762870276,0.9136791116377291,0.9139550829997994,0.00027597136207035966
0.9100000000000007,0.5966319835202236,0.597093161783984,0.0004611782637603534,0.9138917281555553,0.914167128617314,0.00027540046175866806
0.9110000000000007,0.5968034592813619,0.5972646159167031,0.00046115663534118667,0.91410382097871,0.9143786516781162,0.0002748306994061478
0.9120000000000007,0.5969745126814718,0.597435647524784,0.0004611348433121165,0.9143153913971045,0.9145896534699749,0.0002742620728704015
0.9130000000000007,0.5971451447608684,0.5976062576494793,0.0004611128886108373,0.9145264406974731,0.9148001352774858,0.00027369458001269553
0.9140000000000007,0.5973153565573046,0.5977764473294759,0.0004610907721712687,0.9147369701633801,0.9150100983820786,0.0002731282186985151
0.9150000000000007,0.5974851491059774,0.5979462176009007,0.00046106849492333346,0.9149469810752284,0.9152195440620253,0.00027256298679689817
0.9160000000000007,0.5976545234395336,0.5981155694973275,0.0004610460577938458,0.9151564747102671,0.9154284735924476,0.00027199888218054635
0.9170000000000007,0.5978234805880769,0.5982845040497826,0.00046102346170573405,0.9153654523425997,0.9156368882453246,0.0002714359027249369
0.9180000000000007,0.5979920215791736,0.5984530222867518,0.0004610007075781519,0.9155739152431905,0.9158447892895012,0.00027087404631065404
0.9190000000000007,0.5981601474378588,0.5986211252341864,0.0004609777963275885,0.9157818646798741,0.9160521779906949,0.00027031331082083554
0.9200000000000007,0.5983278591866431,0.5987888139155093,0.00046095472886620303,0.9159893019173622,0.9162590556115047,0.00026975369414250494
0.9210000000000007,0.5984951578455185,0.598956089351621,0.000460931506102491,0.9161962282172509,0.9164654234114171,0.0002691951941662385
0.9220000000000007,0.5986620444319648,0.5991229525609065,0.0004609081289417283,0.9164026448380295,0.9166712826468155,0.00026863780878605414
0.9230000000000007,0.5988285199609553,0.5992894045592412,0.00046088459828586004,0.9166085530350868,0.916876634570987,0.0002680815359001887
0.9240000000000007,0.5989945854449634,0.5994554463599965,0.0004608609150330567,0.9168139540607197,0.91708148043413,0.00026752637341020957
0.9250000000000007,0.599160241893969,0.5996210789740473,0.00046083708007826907,0.9170188491641409,0.9172858214833615,0.00026697231922057085
0.9260000000000007,0.5993254903154639,0.5997863034097763,0.0004608130943124511,0.917223239591486,0.9174896589627258,0.0002664193712398344
0.9270000000000007,0.5994903317144589,0.5999511206730822,0.00046078895862333713,0.9174271265858204,0.9176929941132013,0.0002658675273808919
0.9280000000000007,0.5996547670934886,0.6001155317673841,0.00046076467389544185,0.9176305113871487,0.9178958281727079,0.0002653167855591887
0.9290000000000007,0.5998187974526192,0.6002795376936286,0.00046074024100939415,0.9178333952324208,0.918098162376115,0.00026476714369416676
0.9300000000000007,0.5999824237894527,0.6004431394502957,0.0004607156608430474,0.9180357793555401,0.9182999979552485,0.0002642185997083768
0.9310000000000007,0.6001456470991343,0.6006063380334046,0.0004606909342702581,0.9182376649873706,0.9185013361388991,0.0002636711515284773
0.9320000000000007,0.6003084683743585,0.6007691344365199,0.0004606660621614411,0.9184390533557443,0.918702178152829,0.0002631247970846795
0.9330000000000007,0.6004708886053739,0.6009315296507579,0.00046064104538401374,0.9186399456854695,0.9189025252197796,0.0002625795343100812
0.9340000000000007,0.6006329087799905,0.6010935246647922,0.0004606158848016184,0.9188403431983367,0.9191023785594793,0.0002620353611425541
0.9350000000000007,0.6007945298835853,0.6012551204648602,0.00046059058127490005,0.9190402471131282,0.9193017393886502,0.00026149227552207943
0.9360000000000007,0.6009557528991081,0.6014163180347688,0.00046056513566072876,0.9192396586456234,0.9195006089210163,0.0002609502753928572
0.9370000000000007,0.6011165788070871,0.6015771183559001,0.0004605395488129771,0.9194385790086076,0.9196989883673105,0.0002604093587028622
0.9380000000000007,0.6012770085856365,0.6017375224072182,0.0004605138215817428,0.9196370094118784,0.9198968789352817,0.00025986952340328884
0.9390000000000007,0.6014370432104601,0.6018975311652747,0.00046048795481457017,0.9198349510622542,0.920094281829703,0.00025933076744877326
0.9400000000000007,0.6015966836548594,0.6020571456042139,0.0004604619493544515,0.9200324051635802,0.9202911982523779,0.00025879308879772633
0.9410000000000007,0.6017559308897378,0.6022163666957803,0.0004604358060424918,0.9202293729167367,0.9204876294021485,0.0002582564854117786
0.9420000000000007,0.6019147858836076,0.6023751954093233,0.00046040952571568816,0.920425855519646,0.9206835764749025,0.00025772095525655736
0.9430000000000007,0.6020732496025958,0.6025336327118033,0.00046038310920748504,0.9206218541672797,0.9208790406635804,0.00025718649630068757
0.9440000000000007,0.6022313230104496,0.6026916795677982,0.0004603565573486623,0.9208173700516668,0.921074023158183,0.00025665310651623585
0.9450000000000007,0.602389007068542,0.6028493369395086,0.0004603298709665582,0.9210124043618992,0.9212685251457784,0.0002561207838791546
0.9460000000000007,0.6025463027358786,0.6030066057867636,0.00046030305088495815,0.9212069582841405,0.9214625478105093,0.0002555895263688379
0.9470000000000007,0.6027032109691026,0.6031634870670275,0.0004602760979248721,0.9214010330016321,0.9216560923336001,0.00025505933196801056
0.9480000000000007,0.602859732722501,0.6033199817354048,0.0004602490129037573,0.921594629694702,0.9218491598933647,0.00025453019866272797
0.9490000000000007,0.6030158689480102,0.6034760907446459,0.00046022179663574025,0.9217877495407698,0.9220417516652126,0.00025400212444282033
0.9500000000000007,0.6031716205952218,0.6036318150451541,0.000460194449932283,0.9219803937143557,0.9222338688216569,0.00025347510730122647
0.9510000000000007,0.6033269886113886,0.6037871555849897,0.00046016697360118375,0.9221725633870866,0.9224255125323215,0.000252949145234882
0.9520000000000007,0.6034819739414303,0.6039421133098775,0.0004601393684471322,0.9223642597277039,0.9226166839639475,0.0002524242362436091
0.9530000000000007,0.6036365775279391,0.6040966891632108,0.0004601116352717094,0.9225554839020698,0.9228073842804008,0.00025190037833100476
0.9540000000000007,0.6037908003111855,0.6042508840860586,0.00046008377487316565,0.9227462370731749,0.922997614642679,0.0002513775695041076
0.9550000000000007,0.6039446432291239,0.6044046990171708,0.00046005578804686476,0.9229365204011459,0.923187376208919,0.00025085580777306493
0.9560000000000007,0.6040981072173986,0.6045581348929834,0.0004600276755847288,0.9231263350432509,0.9233766701344033,0.00025033509115235386
0.9570000000000007,0.6042511932093494,0.6047111926476252,0.00045999943827579326,0.9233156821539085,0.9235654975715673,0.000249815417658783
0.9580000000000007,0.6044039021360168,0.6048638732129229,0.00045997107690609607,0.9235045628846933,0.9237538596700066,0.0002492967853132688
0.9590000000000007,0.6045562349261486,0.6050161775184064,0.00045994259225778933,0.9236929783843439,0.9239417575764834,0.0002487791921395033
0.9600000000000007,0.6047081925062046,0.6051681064913156,0.00045991398511102677,0.9238809297987689,0.9241291924349344,0.00024826263616550825
0.9610000000000007,0.6048597758003627,0.6053196610566045,0.0004598852562418543,0.9240684182710547,0.9243161653864769,0.0002477471154221922
0.9620000000000007,0.6050109857305244,0.6054708421369486,0.00045985640642420833,0.924255444941472,0.9245026775694158,0.0002472326279437942
0.9630000000000007,0.6051618232163208,0.6056216506527489,0.0004598274364280286,0.924442010947483,0.9246887301192515,0.00024671917176843916
0.9640000000000007,0.6053122891751177,0.6057720875221384,0.0004597983470207012,0.9246281174237487,0.9248743241686853,0.00024620674493658345
0.9650000000000007,0.6054623845220213,0.6059221536609878,0.00045976913896650373,0.9248137655021345,0.9250594608476278,0.0002456953454933464
0.9660000000000007,0.6056121101698835,0.6060718499829101,0.00045973981302660505,0.9249989563117178,0.9252441412832045,0.0002451849714867338
0.9670000000000007,0.6057614670293083,0.6062211773992676,0.0004597103699592875,0.925183690978796,0.9254283665997638,0.0002446756209677492
0.9680000000000007,0.6059104560086566,0.606370136819176,0.0004596808105193917,0.9253679706268916,0.9256121379188829,0.00024416729199128184
0.9690000000000007,0.6060590780140517,0.606518729149511,0.0004596511354593158,0.9255517963767597,0.9257954563593751,0.00024365998261544064
0.9700000000000008,0.6062073339493852,0.6066669552949135,0.0004596213455283493,0.9257351693463952,0.9259783230372967,0.00024315369090144312
0.9710000000000008,0.6063552247163224,0.6068148161577945,0.00045959144147211806,0.9259180906510386,0.9261607390659533,0.00024264841491472566
0.9720000000000008,0.6065027512143077,0.6069623126383421,0.0004595614240343604,0.9261005614031845,0.9263427055559074,0.00024214415272283407
0.9730000000000008,0.6066499143405701,0.6071094456345248,0.00045953129395470693,0.9262825827125868,0.9265242236149841,0.00024164090239731095
0.9740000000000008,0.6067967149901283,0.6072562160420993,0.0004595010519710119,0.9264641556862655,0.9267052943482789,0.00024113866201336265
0.9750000000000008,0.606943154055797,0.6074026247546139,0.0004594706988169106,0.9266452814285143,0.9268859188581636,0.00024063742964930412
0.9760000000000008,0.6070892324281913,0.6075486726634157,0.00045944023522437316,0.9268259610409071,0.9270660982442935,0.00024013720338644795
0.9770000000000008,0.6072349509957333,0.6076943606576547,0.0004594096619213728,0.9270061956223044,0.9272458336036139,0.0002396379813095484
0.9780000000000008,0.607380310644656,0.6078396896242896,0.00045937897963355123,0.9271859862688598,0.927425126030367,0.00023913976150713445
0.9790000000000008,0.6075253122590103,0.6079846604480938,0.0004593481890835527,0.9273653340740271,0.9276039766160982,0.00023864254207106583
0.9800000000000008,0.6076699567206689,0.60812927401166,0.0004593172909910237,0.9275442401285672,0.9277823864496627,0.00023814632109553369
0.9810000000000008,0.6078142449093329,0.6082735311954056,0.00045928628607272426,0.927722705520554,0.9279603566172329,0.000237651096678837
0.9820000000000008,0.6079581777025365,0.6084174328775793,0.00045925517504286084,0.9279007313353811,0.9281378882023041,0.0002371568669230495
0.9830000000000008,0.6081017559756521,0.6085609799342643,0.0004592239586121982,0.9280783186557692,0.9283149822857018,0.0002366636299325764
0.9840000000000008,0.6082449806018964,0.6087041732393854,0.0004591926374890587,0.9282554685617718,0.9284916399455874,0.00023617138381559766
0.9850000000000008,0.6083878524523352,0.6088470136647138,0.0004591612123786559,0.9284321821307824,0.9286678622574659,0.0002356801266835129
0.9860000000000008,0.6085303723958888,0.6089895020798722,0.000459129683983428,0.9286084604375405,0.9288436502941914,0.00023518985665083036
0.9870000000000008,0.6086725412993368,0.6091316393523404,0.00045909805300359263,0.9287843045541383,0.9290190051259745,0.0002347005718361661
0.9880000000000008,0.6088143600273246,0.6092734263474598,0.0004590663201352596,0.9289597155500279,0.929193927820388,0.0002342122703601346
0.9890000000000008,0.6089558294423674,0.6094148639284404,0.00045903448607298447,0.9291346944920266,0.9293684194423741,0.00023372495034756913
0.9900000000000008,0.6090969504048558,0.6095559529563637,0.00045900255150788105,0.9293092424443244,0.9295424810542507,0.00023323860992630063
0.9910000000000008,0.6092377237730618,0.6096966942901901,0.0004589705171282876,0.9294833604684901,0.9297161137157175,0.00023275324722737967
0.9920000000000008,0.6093781504031429,0.609837088786763,0.0004589383836201,0.9296570496234776,0.9298893184838626,0.00023226886038496541
0.9930000000000008,0.6095182311491478,0.6099771373008138,0.00045890615166599424,0.9298303109656323,0.9300620964131694,0.00023178544753710284
0.9940000000000008,0.609657966863022,0.6101168406849683,0.0004588738219463151,0.9300031455486981,0.9302344485555224,0.0002313030068242794
0.9950000000000008,0.6097973583946119,0.6102561997897502,0.0004588413951382986,0.9301755544238235,0.9304063759602141,0.0002308215363906463
0.9960000000000008,0.6099364065916715,0.6103952154635879,0.0004588088719164052,0.9303475386395672,0.930577879673951,0.00023034103438379638
0.9970000000000008,0.6100751122998659,0.6105338885528189,0.00045877625295298596,0.930519099241906,0.9307489607408603,0.00022986149895432018
0.9980000000000008,0.6102134763627778,0.6106722199016946,0.0004587435389168393,0.9306902372742398,0.9309196202024957,0.00022938292825591677
0.9990000000000008,0.6103514996219117,0.6108102103523864,0.00045871073047465405,0.9308609537773993,0.9310898590978447,0.0002289053204453939
1.0000000000000007,0.6104891829166996,0.6109478607449897,0.0004586778282901216,0.9310312497896501,0.9312596784633338,0.00022842867368366715
