t,Q_num,Q_exact,Q_error,tau_num,tau_exact,tau_error
0.0,0.0,1.7109754533829183e-09,1.7109754533829183e-09,0.0,0.0010132097255838083,0.0010132097255838083
0.0010000000000000002,0.0019193774225170152,0.0019524233569023495,3.304593438533429e-05,0.021172177814626814,0.03568248232305536,0.014510304508428547
0.0020000000000000005,0.003813947898116188,0.0038654329321587614,5.148503404257343e-05,0.03721042037676254,0.050462650440403226,0.013252230063640687
0.003000000000000001,0.005687527880169496,0.005752784510704942,6.525663053544642e-05,0.05009095050718034,0.061803872323710395,0.011712921816530053
0.004000000000000001,0.007542759528703688,0.0076193868552205555,7.662732651686748e-05,0.06091646728345742,0.07136496464611092,0.010448497362653499
0.005000000000000001,0.009381562361686921,0.009468076959464503,8.651459777758198e-05,0.07033057378903344,0.07978845608028645,0.009457882291253009
0.006000000000000001,0.011205390348838058,0.01130076900442088,9.537865558282253e-05,0.07872672777937152,0.08740387444736628,0.008677146667994753
0.007000000000000001,0.013015384243717426,0.013118868239042623,0.00010348399532519696,0.08635674489046088,0.09440697438826291,0.008050229497802028
0.008000000000000002,0.014812465532128272,0.014923463457271207,0.00011099792514293431,0.09338897675175029,0.10092530088080634,0.0075363241290560545
0.009000000000000003,0.0165973966659934,0.016715430636369807,0.00011803397037640773,0.09994058647636184,0.10704744696916631,0.00710686049280447
0.010000000000000004,0.018370821119120334,0.018495494443872502,0.00012467332475216836,0.10609609797516316,0.11283791670955118,0.006741818734388019
0.011000000000000005,0.02013329093516488,0.020264267386673532,0.0001309764515086513,0.11191844380123342,0.11834540545406387,0.006426961652830451
0.012000000000000005,0.021885286257573473,0.022022276085641043,0.00013698982806756993,0.11745578027323361,0.12360774464742061,0.006151964374186997
0.013000000000000006,0.023627229555236277,0.023769979659371835,0.00014275010413555833,0.122745835702481,0.12865501965161366,0.00590918394913266
0.014000000000000007,0.02535949623577425,0.025507783026833323,0.00014828679105907336,0.12781877402799552,0.13351162356249088,0.0056928495344953645
0.015000000000000008,0.027082422732845397,0.02723604680422914,0.00015362407138374418,0.1326991367976607,0.13819765978853418,0.005498522990873472
0.016000000000000007,0.0287963127845094,0.02895509484176568,0.00015878205725627925,0.13740719578853283,0.14272992929222164,0.005322733503688809
0.017000000000000008,0.03050144238810187,0.03066522007835016,0.00016377769024828945,0.14195991815905565,0.1471226436021926,0.005162725443136951
0.01800000000000001,0.03219806376802306,0.032366689168290795,0.00016862540026773426,0.14637167024485637,0.15138795132120958,0.005016281076353213
0.01900000000000001,0.033886408594558035,0.03405974619264431,0.00017333759808627752,0.15065474086613007,0.15553633450087515,0.0048815936347450795
0.02000000000000001,0.03556669062555204,0.035744615675717954,0.00017792505016591548,0.15481973728989246,0.15957691216057315,0.004757174870680697
0.02100000000000001,0.03723910789711368,0.03742150506557866,0.0001823971684649789,0.1588758895739512,0.16351767622932512,0.004641786655373903
0.022000000000000013,0.03890384455747756,0.03909060679516127,0.00018676223768371303,0.16283128781945952,0.16736567743768016,0.004534389618220641
0.023000000000000013,0.040561072415273944,0.040752100010981056,0.00019102759570711197,0.166693069497121,0.17112717355495807,0.004434104057837063
0.024000000000000014,0.04221095225684546,0.042406152035368405,0.00019519977852294756,0.17046756907370245,0.17480774889473255,0.004340179821030105
0.025000000000000015,0.043853634975020955,0.044052919612823975,0.0001992846378030197,0.17416043878973655,0.1784124116152771,0.004251972825540545
0.026000000000000016,0.04548926254262782,0.045692549979831944,0.0002032874372041235,0.17777674709117763,0.18194567365868922,0.004168926567511583
0.027000000000000017,0.04711796885712637,0.04732518178903914,0.00020721293191276746,0.18132105955802322,0.185411616971131,0.004090557413107793
0.028000000000000018,0.048739880477476696,0.04895094591234288,0.00021106543486618112,0.18479750598219774,0.18881394877652596,0.004016442794328223
0.02900000000000002,0.05035511727027618,0.05056996614255688,0.0002148488722806957,0.18820983638098207,0.19215604803731715,0.003946211656335075
0.03000000000000002,0.05196379297902858,0.05218235980955318,0.0002185668305245969,0.19156146809437175,0.19544100476116807,0.0038795366667963294
0.03100000000000002,0.05356601572790522,0.05378823832383422,0.00022222259592900168,0.1948555256393306,0.19867165345562016,0.003816127816289566
0.03200000000000002,0.05516188846937384,0.05538770765817101,0.00022581918879717444,0.1980948746356808,0.20185060176161268,0.0037557271259318903
0.03300000000000002,0.056751509383482585,0.056980868776093645,0.00022935939261106014,0.2012821508457085,0.2049802550887772,0.0036981042430687117
0.03400000000000002,0.05833497223530666,0.05856781801454683,0.0002328457792401678,0.20441978516004006,0.20806283791440278,0.003643052754362719
0.035000000000000024,0.059912366696026356,0.06014864742682874,0.00023628073080238232,0.20751002519991404,0.21110041228223492,0.0035903870823208728
0.036000000000000025,0.061483778632256875,0.061723445090959825,0.00023966645870295011,0.2105549540790066,0.21409489393832615,0.003539939859319552
0.037000000000000026,0.06304929036755295,0.06329229538783955,0.00024300502028659632,0.2135565067679378,0.2170480664626961,0.003491559694758284
0.03800000000000003,0.0646089809194351,0.06485527925289122,0.0002462983334561297,0.216516484425211,0.21996159369290647,0.0034451092676954786
0.03900000000000003,0.06616292621480502,0.06641247440436092,0.00024954818955590097,0.21943656699491296,0.22283703068530722,0.003400463690394262
0.04000000000000003,0.06771119928621866,0.06796395555098138,0.0002527562647627185,0.22231832432049173,0.2256758334189841,0.0033575090984923617
0.04100000000000003,0.06925387045114807,0.06950979458133981,0.000255924130191737,0.2251632259826568,0.22847936741429944,0.003316141431642633
0.04200000000000003,0.07079100747608197,0.07105006073697147,0.00025905326088949965,0.2279726500358531,0.2312489154108261,0.0032762653749729975
0.04300000000000003,0.07232267572707358,0.07258482077093432,0.0002621450438607398,0.2307478907902711,0.2339856842271761,0.003237793436905001
0.04400000000000003,0.07384893830814168,0.0741141390933942,0.0002652007852525229,0.23349016576374465,0.236690810906808,0.003200645143063341
0.04500000000000003,0.07536985618875575,0.07563807790555623,0.0002682217168004791,0.23620062190919033,0.23936536823860013,0.003164746329409801
0.046000000000000034,0.07688548832148774,0.077156697323118,0.00027120900163025985,0.2388803412077208,0.24201036972821574,0.003130028520494932
0.047000000000000035,0.07839589175078462,0.07867005549027169,0.00027416373948706274,0.24153034570460855,0.24462677408559136,0.003096428380982813
0.048000000000000036,0.07990112171370448,0.08017820868516952,0.00027708697146504313,0.24415160205442446,0.24721548928489812,0.0030638872304736553
0.04900000000000004,0.08140123173336405,0.08168121141765401,0.0002799796842899577,0.246745025632545,0.2497773762457187,0.0030323506131736955
0.05000000000000004,0.08289627370576208,0.08317911651996952,0.00028284281420744295,0.2493114842625127,0.25231325217775474,0.0030017679152420373
0.05100000000000004,0.08438629798056982,0.08467197523109093,0.0002856772505211158,0.25185180160219633,0.25482389362589974,0.00297209202370341
0.05200000000000004,0.08587135343641755,0.08615983727523184,0.00028848383881428796,0.2543667602261389,0.2573100392478388,0.002943279021699885
0.05300000000000004,0.08735148755115014,0.08764275093504452,0.00029126338389437456,0.2568571044367342,0.2597723923523337,0.0029152879155994738
0.05400000000000004,0.08882674646747557,0.08912076311995902,0.0002940166524834503,0.2593235428328075,0.2622116232229133,0.002888080390105796
0.05500000000000004,0.09029717505438827,0.09059391943007339,0.00029674437568512346,0.2617667506606875,0.2646283712487239,0.0028616205880364065
0.05600000000000004,0.09176281696471043,0.09206226421595672,0.000299447251246282,0.2641873719698427,0.2670232468817368,0.0028358749118940763
0.057000000000000044,0.09322371468906174,0.09352584063469885,0.0003021259456371106,0.2665860215925606,0.26939683343728626,0.002810811844725647
0.058000000000000045,0.09467990960653747,0.09498469070250229,0.0003047810959648234,0.2689632869648915,0.27174968875298894,0.0027864017880974146
0.059000000000000045,0.09613144203234902,0.09643885534408594,0.00030741331173692044,0.2713197298041226,0.27408234671940707,0.002762616915284455
0.060000000000000046,0.09757835126265765,0.09788837443914758,0.0003100231764899264,0.2736558876563434,0.2763953186943617,0.0027394310380182696
0.06100000000000005,0.09902067561681015,0.09933328686610265,0.0003126112492925076,0.27597227532617247,0.27868909481150667,0.0027168194853341987
0.06200000000000005,0.10045845247716789,0.10077363054330606,0.0003151780661381637,0.2782693861994134,0.2809641451926558,0.0026947589932423965
0.06300000000000004,0.1018917183267028,0.10220944246793665,0.0003177241412338494,0.2805476934682628,0.28322092107235824,0.0026732276040954406
0.06400000000000004,0.10332050878451883,0.10364075875271495,0.0003202499681961152,0.2828076512676898,0.285459855842349,0.0026522045746592005
0.06500000000000004,0.10474485863944474,0.10506761466060564,0.00032275602116089985,0.28504969573071637,0.2876813660227251,0.0026316702920087254
0.06600000000000004,0.10616480188183071,0.1064900446376461,0.00032524275581538586,0.287274245969548,0.2898858521660191,0.0026116061964711057
0.06700000000000005,0.10758037173367105,0.10790808234402942,0.0003277106103583699,0.2894817049888101,0.29207369969973596,0.00259199471092586
0.06800000000000005,0.10899160067716507,0.10932176068355907,0.00033016000639400633,0.29167246053653284,0.29424527971237746,0.0025728191758446206
0.06900000000000005,0.110398520481819,0.11073111183158461,0.00033259134976561244,0.29384688589797875,0.2964009496875062,0.0025540637895274387
0.07000000000000005,0.11180116223018405,0.11213616726151804,0.0003350050313339903,0.2960053406369251,0.29854105418997146,0.0025357135530463815
0.07100000000000005,0.11319955634231793,0.11353695777002165,0.0003374014277037207,0.2981481712885779,0.3006659255080358,0.0025177542194578795
0.07200000000000005,0.11459373259905062,0.11493351350095342,0.0003397809019028003,0.300275712007909,0.30277588425480517,0.002500172246896193
0.07300000000000005,0.11598372016412895,0.11632586396814702,0.0003421438040180774,0.3023882851768612,0.3048712399320581,0.0024829547551968867
0.07400000000000005,0.11736954760530904,0.11771403807710112,0.0003444904717920805,0.30448620197355736,0.3069522914592931,0.002466089485735734
0.07500000000000005,0.11875124291446054,0.11909806414564024,0.00034682123117969754,0.30656976290636895,0.3090193276705705,0.0024495647642015506
0.07600000000000005,0.1201288335267416,0.12047796992361513,0.00034913639687353393,0.3086392583154545,0.3110726277815027,0.002433369466048163
0.07700000000000005,0.12150234633890011,0.12185378261169538,0.0003514362727952691,0.31069496884414627,0.31311246182854235,0.0024174929843960857
0.07800000000000006,0.12287180772675166,0.12322552887931026,0.0003537211525586059,0.31273716588236716,0.315139091082546,0.002401925200178845
0.07900000000000006,0.12423724356188204,0.1245932348817861,0.0003559913199040615,0.31476611198407345,0.31715276843841766,0.002386656454344216
0.08000000000000006,0.1255986792276183,0.12595692627672758,0.0003582470491092782,0.31678206126055264,0.3191537387824977,0.002371677521945059
0.08100000000000006,0.12695613963430974,0.12731662823968473,0.0003604886053749923,0.3187852597512586,0.321142239339222,0.0023569795879633815
0.08200000000000006,0.12830964923395677,0.12867236547914623,0.000362716245189465,0.320775945773727,0.3231184999984594,0.002342554224732396
0.08300000000000006,0.12965923203422375,0.13002416225089658,0.0003649302166728319,0.32275435025399407,0.3250827436248202,0.0023283933708261317
0.08400000000000006,0.13100491161186933,0.13137204237177091,0.0003671307599015794,0.3247206970388263,0.32703518635013396,0.002314489311307677
0.08500000000000006,0.13234671112562502,0.1327160292328419,0.00036931810721688163,0.32667520319096904,0.3289760378501965,0.0023008346592274798
0.08600000000000006,0.13368465332855167,0.134056145812067,0.0003714924835153399,0.32861807926852726,0.33090550160680726,0.0022874223382799985
0.08700000000000006,0.13501876057990114,0.13539241468642607,0.0003736541065249288,0.33054952958950934,0.33282377515603956,0.0022742455665302197
0.08800000000000006,0.13634905485650842,0.13672485804357537,0.00037580318706695315,0.33246975248248395,0.33473105032361616,0.002261297841132215
0.08900000000000007,0.13767555776373858,0.1380534976930431,0.00037793992930451603,0.3343789405242331,0.336627513448203,0.002248572923969905
0.09000000000000007,0.13899829054601098,0.13937835507698954,0.0003800645309785522,0.33627728076521507,0.3385133455933638,0.002236064828148754
0.09100000000000007,0.14031727409692196,0.1406994512805542,0.00038217718363223185,0.33816495494359733,0.3403887227488824,0.0022237678052850485
0.09200000000000007,0.14163252896898523,0.142016807041811,0.0003842780728257611,0.34004213968855873,0.34225381602209093,0.0022116763335321976
0.09300000000000007,0.14294407538300985,0.14333044276134893,0.00038636737833908086,0.34190900671351726,0.3441087918198129,0.0021997851062956486
0.09400000000000007,0.14425193323713204,0.14464037851149897,0.0003884452743669331,0.3437657229998854,0.34595381202147557,0.0021880890215901783
0.09500000000000007,0.14555612211551816,0.14594663404522243,0.00039051192970426807,0.3456124509719209,0.3477890341439179,0.002176583171996982
0.09600000000000007,0.14685666129675445,0.14724922880467844,0.000392567507923991,0.3474493486631981,0.3496146114983768,0.002165262835178705
0.09700000000000007,0.1481535697619375,0.14854818192948377,0.00039461216754627104,0.3492765698751863,0.3514306933401069,0.00215412346492061
0.09800000000000007,0.14944686620247988,0.1498435122646812,0.0003966460622013279,0.35109426432839613,0.35323742501105676,0.0021431606826606275
0.09900000000000007,0.15073656902764393,0.15113523836842915,0.00039866934078522376,0.3529025778065159,0.3550349480759942,0.0021323702694782676
0.10000000000000007,0.1520226963718157,0.15242337851942472,0.00040068214760902165,0.3547016522939375,0.3568234004524542,0.0021217481585166786
0.10100000000000008,0.15330526610153097,0.15370795072407317,0.0004026846225421987,0.3564916261070433,0.3586029165348503,0.002111290427807
0.10200000000000008,0.15458429582226402,0.15498897272341491,0.0004046769011508966,0.35827263401960147,0.3603736273130753,0.0021009932934738518
0.10300000000000008,0.15585980288499005,0.15626646199982042,0.0004066591148303711,0.3600448073825932,0.36213566048589135,0.0020908531032981514
0.10400000000000008,0.15713180439253038,0.15754043578346247,0.0004086313909320849,0.3618082742387782,0.363889140569395,0.0020808663306167707
0.10500000000000008,0.15840031720569053,0.15881091105857806,0.00041059385288752526,0.3635631594322822,0.3656341890008197,0.002071029568537497
0.10600000000000008,0.1596653579491989,0.1600779045695247,0.00041254662032580436,0.3653095847134733,0.367370924237928,0.0020613395244546973
0.10700000000000008,0.16092694301745586,0.1613414328266447,0.0004144898091888449,0.3670476688393787,0.3690994618542231,0.002051793014844372
0.10800000000000008,0.16218508858009967,0.1626015121119413,0.0004164235318416254,0.36877752766987576,0.3708199146302024,0.0020423869603266587
0.10900000000000008,0.16343981058739776,0.16385815848457594,0.00041834789717817844,0.37049927425987794,0.37253239264085575,0.0020331183809778053
0.11000000000000008,0.16469112477547,0.1651113877861959,0.0004202630107259242,0.37221301894772335,0.37423700333960475,0.002023984391881395
0.11100000000000008,0.16593904667135084,0.16636121564609577,0.0004221689747449242,0.37391886943996133,0.37593385163886234,0.0020149821989010053
0.11200000000000009,0.16718359159789684,0.16760765748622125,0.0004240658883244153,0.37561693089271797,0.37762303998738506,0.0020061090946670856
0.11300000000000009,0.16842477467854547,0.1688507285260223,0.00042595384747681764,0.3773073059898148,0.37930466844457844,0.001997362454763618
0.11400000000000009,0.1696626108419311,0.1700904437871595,0.0004278329452284124,0.3789900950178021,0.3809788347519074,0.0019887397341052937
0.11500000000000009,0.17089711482636366,0.1713268180980713,0.0004297032717076321,0.3806653959380589,0.3826456344015528,0.0019802384634938774
0.11600000000000009,0.1721283011841755,0.17255986609840535,0.0004315649142298539,0.38233330445610536,0.38430516070245047,0.001971856246345105
0.11700000000000009,0.17335618428594052,0.17378960224332207,0.0004334179573815544,0.3839939140882593,0.38595750484383856,0.001963590755579281
0.11800000000000009,0.17458077832457192,0.1750160408076714,0.00043526248309949667,0.38564731622576964,0.38760275595643157,0.001955439730661923
0.11900000000000009,0.17580209731930124,0.17623919589005163,0.00043709857075038827,0.3872936001965433,0.38924100117133575,0.001947400974792457
0.12000000000000009,0.17702015511954455,0.17745908141675043,0.00043892629720587717,0.3889328533245805,0.39087232567681085,0.0019394723522303536
0.1210000000000001,0.17823496540865896,0.17867571114557648,0.0004407457369175194,0.39056516098722766,0.3924968127729786,0.001931651785750943
0.1220000000000001,0.1794465417075939,0.17988909866958197,0.00044255696198808314,0.39219060667034583,0.39411454392457307,0.001923937254227237
0.1230000000000001,0.18065489737844043,0.1810992574206825,0.0004443600422420757,0.3938092720214949,0.3957255988118235,0.001916326790328604
0.1240000000000001,0.18186004562788288,0.18230620067317685,0.00044615504529396666,0.39542123690122005,0.3973300553795518,0.001908818478331742
0.12500000000000008,0.1830619995105555,0.18350994154716965,0.0004479420366141629,0.3970265794325285,0.3989279898845681,0.0019014104520396202
0.12600000000000008,0.18426077193230764,0.18471049301190182,0.0004497210795941786,0.3986253760486375,0.40051947694143664,0.001894100892799122
0.12700000000000009,0.18545637565338102,0.18590786788899039,0.00045149223560936314,0.40021770153907016,0.40210458956668643,0.0018868880276162736
0.12800000000000009,0.18664882329150123,0.18710207885558172,0.0004532555640804903,0.4018036290941713,0.40368339922153407,0.0018797701273627898
0.1290000000000001,0.1878381273248872,0.1882931384474203,0.00045501112253309994,0.4033832303481121,0.4052559758531811,0.0018727455050690511
0.1300000000000001,0.1890243000951808,0.18948105906183713,0.00045675896665633986,0.40495657542045055,0.4068223879347507,0.0018658125143001247
0.1310000000000001,0.1902073538102992,0.1906658529606585,0.0004584991503592817,0.4065237329563076,0.4083827025039152,0.0018589695476075585
0.1320000000000001,0.19138730054721312,0.19184753227303972,0.00046023172582659866,0.40808477016521727,0.4099369852002782,0.0018522150350609445
0.1330000000000001,0.19256415225465234,0.19302610899822464,0.00046195674357230043,0.4096397528587096,0.4114853003015535,0.0018455474428438756
0.1340000000000001,0.19373792075574192,0.19420159500823428,0.0004636742524923576,0.4111887454866746,0.41302771075859784,0.001838965271923232
0.1350000000000001,0.1949086177505705,0.19537400205048647,0.0004653842999159663,0.4127318111725626,0.4145642782293401,0.0018324670567775314
0.1360000000000001,0.1960762548186929,0.19654334175034857,0.0004670869316556747,0.414269011747463,0.4160950631116518,0.0018260513641887854
0.1370000000000001,0.1972408434215699,0.19770962561362573,0.00046878219205584437,0.41580040778311217,0.4176201245752035,0.0018197167920913082
0.1380000000000001,0.19840239490494574,0.19887286502898613,0.0004704701240403897,0.41732605862386873,0.4191395205923445,0.0018134619684757602
0.1390000000000001,0.1995609205011667,0.2000330712703254,0.00047215076915871346,0.4188460224177011,0.42065330796804573,0.0018072855503446505
0.1400000000000001,0.2007164313314413,0.2011902554990724,0.000473824167631115,0.4203603561462226,0.42216154236894077,0.0018011862227181874
0.1410000000000001,0.20186893840804473,0.2023444287664378,0.0004754903583930603,0.4218691156538149,0.4236642783515017,0.001795162697686814
0.1420000000000001,0.203018452636469,0.20349560201560604,0.00047714937913703737,0.42337235567587134,0.42516156938937955,0.0017892137135082087
0.1430000000000001,0.20416498481751988,0.20464378608387557,0.0004788012663556884,0.4248701298661965,0.4266534678999446,0.0017833380337481386
0.1440000000000001,0.20530854564936304,0.20578899170474432,0.0004804460553812784,0.42636249082359245,0.42814002527005196,0.0017775344464595055
0.1450000000000001,0.20644914572952022,0.2069312295099463,0.00048208378042607913,0.4278494901176633,0.4296212918810653,0.00177180176340197
0.1460000000000001,0.20758679555681714,0.20807051003143806,0.0004837144746209221,0.4293311783138662,0.4310973171331621,0.0017661388192958816
0.1470000000000001,0.2087215055332845,0.20920684370333711,0.0004853381700526127,0.4308076049978353,0.43256814946894906,0.0017605444711137341
0.1480000000000001,0.20985328596601338,0.21034024086381417,0.0004869548978007898,0.43227881879900937,0.43403383639641,0.0017550175974006543
0.1490000000000001,0.21098214706896629,0.2114707117569401,0.0004885646879738137,0.43374486741358353,0.43549442451121323,0.0017495570976296948
0.1500000000000001,0.21210809896474547,0.21259826653448846,0.0004901675697429886,0.43520579762681133,0.4369499595183961,0.0017441618915847723
0.1510000000000001,0.21323115168631884,0.21372291525769574,0.0004917635713768964,0.4366616553346807,0.438400486253452,0.0017388309187713058
0.1520000000000001,0.21435131517870573,0.21484466789897996,0.0004933527202742316,0.438112485564985,0.43984604870284094,0.0017335631378559424
0.1530000000000001,0.21546859930062262,0.2159635343436186,0.0004949350429959698,0.43955833249780946,0.4412866900239387,0.001728357526129265
0.1540000000000001,0.2165830138260908,0.217079524391387,0.0004965105652962043,0.44099923948545505,0.4427224525644485,0.0017232130789934241
0.1550000000000001,0.21769456844600615,0.2181926477581594,0.0004980793121532601,0.4424352490718176,0.4441533778812901,0.00171812880947253
0.1560000000000001,0.21880327276967293,0.2193029140774712,0.000499641307798282,0.4438664030112403,0.44557950675898517,0.0017131037477448596
0.1570000000000001,0.21990913632630155,0.2204103329020465,0.000501196575744961,0.44529274228685894,0.44700087922755444,0.0017081369406954927
0.1580000000000001,0.22101216856647254,0.22151491370528908,0.0005027451388165405,0.44671430712845367,0.4484175345799421,0.0017032274514884316
0.1590000000000001,0.222112378863566,0.22261666588274004,0.0005042870191740434,0.4481311370298278,0.4498295113889857,0.0016983743591578726
0.16000000000000011,0.22320977651515922,0.22371559875350058,0.0005058222383413635,0.44954327076572514,0.4512368475239398,0.0016935767582146322
0.16100000000000012,0.22430437074439175,0.2248117215616242,0.0005073508172324659,0.45095074640830246,0.4526395801665758,0.0016888337582733337
0.16200000000000012,0.22539617070129975,0.22590504347747467,0.0005088727761749234,0.452353601343172,0.4540377458268627,0.0016841444836906971
0.16300000000000012,0.22648518546412016,0.22699557359905506,0.0005103881349348971,0.4537518722850258,0.4554313803582485,0.001679508073222702
0.16400000000000012,0.22757142404056496,0.22808332095330583,0.0005118969127408668,0.45514559529285714,0.45682051897255077,0.0016749236796936295
0.16500000000000012,0.22865489536906727,0.22916829449737283,0.0005133991283055583,0.45653480578478967,0.4582051962544685,0.0016703904696788174
0.16600000000000012,0.22973560831999915,0.23025050311984835,0.0005148947998492026,0.4579195385525279,0.4595854461757297,0.00166590762320179
0.16700000000000012,0.23081357169686206,0.23132995564198236,0.0005163839451202967,0.45929982777543943,0.4609613021088812,0.0016614743334417703
0.16800000000000012,0.231888794237451,0.23240666081886766,0.0005178665814166428,0.4606757070342819,0.4623327968407339,0.0016570898064520168
0.16900000000000012,0.23296128461499244,0.2334806273405984,0.0005193427256059702,0.46204720932458265,0.46369996258547447,0.001652753260891815
0.17000000000000012,0.2340310514392571,0.2345518638334021,0.0005208123941450038,0.46341436706968475,0.46506283099745094,0.0016484639277661861
0.17100000000000012,0.23509810325764807,0.23562037886074716,0.0005222756030990872,0.46477721213346607,0.46642143318364254,0.0016442210501764754
0.17200000000000013,0.23616244855626495,0.23668618092442528,0.0005237323681603345,0.4661357758327432,0.46777579971582334,0.001640023883080155
0.17300000000000013,0.2372240957609444,0.23774927846560961,0.000525182704665228,0.4674900889493693,0.4691259606424282,0.001635871693058899
0.17400000000000013,0.2382830532382777,0.23880967986589033,0.0005266266276126308,0.4688401817420336,0.47047194550012916,0.001631763758095539
0.17500000000000013,0.2393393292966065,0.23986739344828673,0.0005280641516802187,0.4701860839577715,0.47181378332513046,0.001627699367358959
0.17600000000000013,0.2403929321869962,0.24092242747823653,0.0005294952912403283,0.47152782484319483,0.47315150266419015,0.0016236778209953173
0.17700000000000013,0.24144387010418833,0.24197479016456475,0.0005309200603764164,0.47286543315544804,0.4744851315853763,0.0016196984299282624
0.17800000000000013,0.24249215118753226,0.24302448966043014,0.0005323384728978808,0.47419893717289996,0.47581469768856427,0.0016157605156643107
0.17900000000000013,0.24353778352189642,0.2440715340642512,0.0005337505423547717,0.4755283647055778,0.4771402281156825,0.0016118634101047191
0.18000000000000013,0.2445807751385602,0.24511593142061236,0.0005351562820521683,0.4768537431053499,0.47846174956071413,0.0016080064553642415
0.18100000000000013,0.2456211340160859,0.2461576897211498,0.0005365557050638903,0.4781750992758647,0.47977928827946037,0.0016041890035956574
0.18200000000000013,0.24665886808117263,0.24719681690541806,0.0005379488242454322,0.4794924596822538,0.48109287009907187,0.0016004104168180766
0.18300000000000013,0.24769398520949104,0.2482333208617385,0.0005393356522474524,0.480805850360603,0.4824025204273549,0.0015966700667518485
0.18400000000000014,0.24872649322650076,0.24926720942802882,0.0005407162015280687,0.48211529692719957,0.48370826426185887,0.001592967334659301
0.18500000000000014,0.24975639990824988,0.2502984903926141,0.0005420904843642105,0.48342082458756164,0.4850101261987482,0.0015893016111865887
0.18600000000000014,0.2507837129821574,0.25132717149502143,0.0005434585128640257,0.4847224581452535,0.48630813044146864,0.001585672296215146
0.18700000000000014,0.2518084401277794,0.25235326042675654,0.0005448202989771223,0.48602022201049616,0.48760230080920763,0.0015820787987114726
0.18800000000000014,0.25283058897755784,0.2533767648320643,0.0005461758545064477,0.4873141402085747,0.488892660745161,0.001578520536586303
0.18900000000000014,0.25385016711755487,0.2543976923086723,0.0005475251911174484,0.48860423638805084,0.49017923332460395,0.001574996936553108
0.19000000000000014,0.25486718208816983,0.25541605040851895,0.0005488683203491163,0.48989053382878245,0.49146204126277643,0.0015715074339939794
0.19100000000000014,0.25588164138484293,0.25643184663846574,0.0005502052536228152,0.4911730554497598,0.4927411069225856,0.0015680514728257933
0.19200000000000014,0.25689355245874235,0.2574450884609945,0.000551536002252162,0.492451823816758,0.4940164523221296,0.0015646285053715903
0.19300000000000014,0.25790292271743787,0.2584557832948896,0.0005528605774517414,0.49372686114981446,0.4952880991420489,0.0015612379922344544
0.19400000000000014,0.2589097595255603,0.2594639385159054,0.0005541789903451,0.4949981893305332,0.4965560687327069,0.001557879402173723
0.19500000000000015,0.2599140702054459,0.26046956145741984,0.0005554912519739608,0.49626582990922163,0.49782038212120727,0.001554552211985638
0.19600000000000015,0.26091586203776895,0.26147265941107467,0.0005567973733057174,0.49752980411186426,0.4990810600182493,0.0015512559063850517
0.19700000000000015,0.26191514226215973,0.26247323962740043,0.0005580973652407062,0.49879013284693696,0.5003381228248267,0.001547989977889741
0.19800000000000015,0.2629119180778102,0.2634713093164305,0.0005593912386202549,0.5000468367120653,0.5015915906387737,0.0015447539267083865
0.19900000000000015,0.2639061966440669,0.26446687564829996,0.0005606790042330667,0.5012999360005315,0.5028414832611613,0.0015415472606298275
0.20000000000000015,0.26489798508101126,0.2654599457538335,0.0005619606728222704,0.5025494507076331,0.5040878202025486,0.0015383694949154814
0.20100000000000015,0.26588729047002835,0.26645052672512004,0.0005632362550916925,0.5037954005369,0.5053306206890924,0.0015352201521924291
0.20200000000000015,0.26687411985436343,0.26743862561607584,0.0005645057617124083,0.5050378049061669,0.5065699036685163,0.0015320987623493876
0.20300000000000015,0.2678584802396667,0.2684242494429948,0.0005657692033281259,0.5062766829535118,0.5078056878159474,0.0015290048624355679
0.20400000000000015,0.26884037859452753,0.2694074051850887,0.0005670265905611815,0.5075120535430596,0.5090379915396188,0.0015259379965592013
0.20500000000000015,0.2698198218509972,0.2703880997850152,0.0005682779340180355,0.5087439352706541,0.5102668329864446,0.0015228977157905055
0.20600000000000016,0.2707968169051004,0.2713663401493946,0.0005695232442942122,0.5099723464694053,0.511492230047469,0.0015198835780637632
0.20700000000000016,0.27177137061733725,0.2723421331493167,0.0005707625319794629,0.5111973052151094,0.5127142003631917,0.0015168951480822868
0.20800000000000016,0.2727434898131744,0.2733154856208366,0.0005719958076621512,0.5124188293315493,0.513932761328775,0.0015139319972257148
0.20900000000000016,0.27371318128352584,0.27428640436545987,0.0005732230819340267,0.5136369363956758,0.5151479300991336,0.0015109937034578635
0.21000000000000016,0.2746804517852238,0.2752548961506187,0.0005744443653948883,0.5148516437426747,0.5163597235939098,0.0015080798512351334
0.21100000000000016,0.27564530804148135,0.2762209677101369,0.000575659668655526,0.516062968470918,0.5175681585023372,0.0015051900314191347
0.21200000000000016,0.27660775674234367,0.2771846257446863,0.000576869002342606,0.5172709274468089,0.5187732512879961,0.001502323841187203
0.21300000000000016,0.2775678045451312,0.27814587692223347,0.0005780723771022789,0.5184755373095156,0.5199750181934633,0.0014994808839476903
0.21400000000000016,0.27852545807487394,0.279104727878477,0.0005792698036030663,0.5196768144756025,0.5211734752448556,0.0014966607692530332
0.21500000000000016,0.2794807239247362,0.2800611852172762,0.0005804612925399688,0.5208747751435573,0.5223686382562752,0.0014938631127179303
0.21600000000000016,0.2804336086564333,0.2810152555110699,0.000581646854636575,0.5220694352982199,0.5235605228341542,0.001491087535934299
0.21700000000000016,0.2813841188006397,0.28196694530128874,0.0005828265006490585,0.5232608107151104,0.5247491443815026,0.0014883336663921165
0.21800000000000017,0.2823322608573886,0.2829162610987573,0.0005840002413686762,0.5244489169646647,0.5259345181020617,0.0014856011373970412
0.21900000000000017,0.2832780412964644,0.2838632093840884,0.0005851680876239884,0.5256337694163752,0.527116659004367,0.0014828895879918091
0.22000000000000017,0.28422146655778574,0.2848077966080696,0.0005863300502838564,0.5268153832428399,0.5282955819057185,0.001480198662878518
0.22100000000000017,0.2851625430517828,0.2857500291920421,0.0005874861402593301,0.5279937734237244,0.5294713014360646,0.0014775280123401346
0.22200000000000017,0.28610127715976486,0.28668991352827117,0.0005886363685063123,0.5291689547496339,0.5306438320418002,0.0014748772921663322
0.22300000000000017,0.2870376752342825,0.28762745598030975,0.0005897807460272797,0.5303409418259036,0.5318131879894793,0.0014722461635756634
0.22400000000000017,0.2879717435994814,0.2885626628833546,0.0005909192838731703,0.5315097490763039,0.5329793833694465,0.0014696342931426187
0.22500000000000017,0.28890348855144937,0.28949554054459486,0.0005920519931454926,0.5326753907466641,0.534142432099389,0.001467041352724907
0.22600000000000017,0.28983291635855646,0.2904260952435542,0.0005931788849977693,0.5338378809084193,0.5353023479278092,0.001464467019389848
0.22700000000000017,0.2907600332617886,0.2913543332324259,0.0005942999706372576,0.5349972334620767,0.5364591444374204,0.0014619109753436499
0.22800000000000017,0.29168484547507434,0.2922802607364001,0.0005954152613257824,0.5361534621406092,0.5376128350484688,0.0014593729078595796
0.22900000000000018,0.292607359185605,0.2932038839539869,0.0005965247683819008,0.5373065805127722,0.5387634330219818,0.0014568525092095719
0.23000000000000018,0.29352758055414896,0.29412520905733053,0.0005976285031815687,0.5384566019863505,0.5399109514629458,0.0014543494765952847
0.23100000000000018,0.29444551571535954,0.29504424219251874,0.0005987264771591949,0.5396035398113329,0.5410554033234112,0.0014518635120782664
0.23200000000000018,0.29536117077807666,0.2959609894798858,0.0005998187018091405,0.5407474070830188,0.5421968014055332,0.0014493943225143413
0.23300000000000018,0.2962745518256229,0.29687545701430884,0.0006009051886859407,0.5418882167450569,0.5433351583645429,0.0014469416194859974
0.23400000000000018,0.29718566491609355,0.2977876508654991,0.0006019859494055257,0.5430259815924171,0.5444704867116553,0.0014445051192382152
0.23500000000000018,0.2980945160826408,0.2986975770782871,0.0006030609956462762,0.5441607142742996,0.5456027988169112,0.0014420845426116324
0.23600000000000018,0.2990011113337535,0.2996052416729019,0.0006041303391484121,0.5452924272969797,0.5467321069119587,0.0014396796149790392
0.23700000000000018,0.2999054566535297,0.3005106506452458,0.000605193991716102,0.5464211330265909,0.5478584230927742,0.0014372900661833166
0.23800000000000018,0.30080755800194536,0.30141380996716205,0.0006062519652166865,0.5475468436918499,0.5489817593223218,0.0014349156304719335
0.23900000000000018,0.3017074213151173,0.30231472558669953,0.0006073042715822319,0.5486695713867182,0.5501021274331562,0.0014325560464379938
0.24000000000000019,0.30260505250556125,0.30321340342836944,0.0006083509228081985,0.5497893280730113,0.551219539129968,0.0014302110569567317
0.2410000000000002,0.3035004574624447,0.30410984939339997,0.000609391930955272,0.5509061255829479,0.5523340059920746,0.0014278804091266695
0.2420000000000002,0.30439364205183495,0.30500406935998403,0.0006104273081490863,0.5520199756216465,0.5534455394758548,0.0014255638542083338
0.2430000000000002,0.3052846121169427,0.30589606918352225,0.0006114570665795571,0.553130889769566,0.5545541509171317,0.0014232611475656354
0.2440000000000002,0.3061733734783606,0.3067858546968628,0.0006124812185022144,0.554238879484895,0.5556598515335038,0.001420972048608804
0.2450000000000002,0.3070599319342978,0.3076734317105346,0.0006134997762367589,0.5553439561058902,0.5567626524266245,0.001418696320734325
0.2460000000000002,0.30794429326080897,0.3085588060129774,0.0006145127521684501,0.5564461308531623,0.5578625645844318,0.0014164337312695396
0.2470000000000002,0.30882646321202045,0.30944198337076695,0.0006155201587464965,0.5575454148319156,0.5589595988833314,0.001414184051415801
0.2480000000000002,0.3097064475203506,0.3103229695288363,0.0006165220084857204,0.5586418190341379,0.5600537660903296,0.0014119470561917424
0.2490000000000002,0.31058425189672745,0.3112017702106915,0.0006175183139640605,0.5597353543407422,0.5611450768651223,0.001409722524380097
0.25000000000000017,0.3114598820308011,0.3120783911186253,0.0006185090878241817,0.5608260315236648,0.5622335417621369,0.0014075102384720761
0.25100000000000017,0.3123333435911526,0.3129528379339251,0.0006194943427724753,0.5619138612479174,0.5633191712325308,0.001405309984613412
0.25200000000000017,0.31320464222549926,0.3138251163170775,0.000620474091578227,0.5629988540735947,0.5644019756261461,0.0014031215525514007
0.25300000000000017,0.31407378356089527,0.3146952319079692,0.0006214483470739496,0.5640810204578403,0.5654819651934228,0.0014009447355824989
0.25400000000000017,0.3149407732039293,0.31556319032608393,0.000622417122154606,0.565160370756768,0.5665591500872689,0.001398779330500921
0.25500000000000017,0.31580561674091845,0.3164289971706956,0.000623380429777165,0.5662369152273458,0.5676335403648919,0.0013966251375461258
0.25600000000000017,0.3166683197380979,0.31729265802105766,0.0006243382829597688,0.567310664029236,0.5687051459895891,0.0013944819603530778
0.2570000000000002,0.3175288877418079,0.31815417843658983,0.0006252906947819548,0.5683816272265987,0.5697739768325002,0.0013923496059015106
0.2580000000000002,0.31838732627867683,0.3190135639570598,0.0006262376783829904,0.569449814789854,0.5708400426743214,0.0013902278844674099
0.2590000000000002,0.31924364085580115,0.3198708201027633,0.0006271792469621507,0.5705152365974099,0.5719033532069829,0.0013881166095730535
0.2600000000000002,0.3200978369609217,0.3207259523746995,0.0006281154137777745,0.5715779024373507,0.5729639180352903,0.001386015597939605
0.2610000000000002,0.3209499200625971,0.32157896625474364,0.0006290461921465429,0.5726378220090907,0.5740217466785291,0.0013839246694383744
0.2620000000000002,0.32179989561037403,0.3224298672058166,0.0006299715954425911,0.573695004924992,0.5750768485720371,0.001381843647045078
0.2630000000000002,0.3226477690349542,0.3232786606720515,0.0006308916370973416,0.5747494607119489,0.5761292330687415,0.0013797723567926523
0.2640000000000002,0.3234935457483583,0.3241253520789565,0.0006318063305981725,0.5758011988129371,0.5771789094406609,0.0013777106277237383
0.2650000000000002,0.32433723114408775,0.3249699468335753,0.0006327156894875285,0.576850228588532,0.5782258868803807,0.0013756582918487137
0.2660000000000002,0.3251788305972818,0.325812450324645,0.0006336197273631994,0.5778965593183918,0.5792701745024891,0.0013736151840972877
0.2670000000000002,0.32601834946487396,0.3266528679227501,0.0006345184578761542,0.5789402002027124,0.5803117813449894,0.0013715811422769786
0.2680000000000002,0.3268557930857441,0.3274912049804746,0.000635411894730542,0.5799811603636498,0.5813507163706767,0.0013695560070269286
0.2690000000000002,0.32769116678086835,0.32832746683255104,0.0006363000516826922,0.5810194488467105,0.5823869884684879,0.0013675396217773805
0.2700000000000002,0.32852447585346656,0.32916165879600673,0.0006371829425401709,0.5820550746221174,0.5834206064548224,0.001365531832705047
0.2710000000000002,0.3293557255891469,0.3299937861703077,0.0006380605811608375,0.5830880465861412,0.5844515790748324,0.0013635324886911437
0.2720000000000002,0.3301849212560478,0.3308238542375,0.0006389329814521783,0.5841183735624071,0.5854799150036887,0.001361541441281533
0.2730000000000002,0.33101206810497785,0.331651868262348,0.0006398001573701406,0.5851460643031734,0.5865056228478167,0.0013595585446433134
0.2740000000000002,0.33183717136955265,0.3324778334924711,0.0006406621229184672,0.5861711274905818,0.5875287111461076,0.0013575836555258514
0.2750000000000002,0.33266023626633007,0.33330175515847765,0.0006415188921475856,0.5871935717378822,0.5885491883711034,0.0013556166332211461
0.2760000000000002,0.33348126799494227,0.3341236384740959,0.0006423704791536089,0.5882134055906323,0.5895670629301549,0.0013536573395226403
0.2770000000000002,0.33430027173822596,0.334943488636304,0.0006432168980780584,0.5892306375278695,0.5905823431665578,0.0013517056386882498
0.2780000000000002,0.3351172526623507,0.3357613108254565,0.0006440581631058095,0.5902452759632618,0.5915950373606621,0.0013497613974002842
0.2790000000000002,0.3359322159169442,0.33657711020540926,0.0006448942884650366,0.5912573292462309,0.5926051537309589,0.001347824484728033
0.2800000000000002,0.33674516663521625,0.33739089192364213,0.0006457252884258802,0.5922668056630533,0.5936127004351445,0.0013458947720911274
0.2810000000000002,0.33755610993408003,0.3382026611113795,0.0006465511772994481,0.5932737134379388,0.5946176855711606,0.0013439721332217935
0.2820000000000002,0.3383650509142717,0.3390124228837088,0.0006473719694370939,0.5942780607340844,0.5956201171782126,0.0013420564441282146
0.2830000000000002,0.33917199466046777,0.339820182339697,0.0006481876792292507,0.5952798556547085,0.5966200032377679,0.0013401475830593368
0.2840000000000002,0.3399769462414005,0.34062594456250506,0.0006489983211045436,0.5962791062440612,0.59761735167453,0.0013382454304687874
0.2850000000000002,0.3407799107099717,0.34142971461950034,0.0006498039095286234,0.597275820488415,0.5986121703573947,0.0013363498689796804
0.2860000000000002,0.34158089310336426,0.3422314975623675,0.0006506044590032234,0.5982700063170331,0.5996044671003841,0.001334460783350977
0.2870000000000002,0.34237989844315153,0.34303129842721747,0.0006513999840659368,0.5992616716031198,0.6005942496635622,0.001332578060442402
0.2880000000000002,0.3431769317354062,0.343829122234694,0.0006521904992877747,0.6002508241647481,0.6015815257539299,0.0013307015891818041
0.2890000000000002,0.3439719979708058,0.34462497399007924,0.0006529760192734435,0.6012374717657706,0.6025663030263012,0.0013288312605306274
0.2900000000000002,0.34476510212473743,0.34541885868339733,0.0006537565586599015,0.6022216221167093,0.6035485890841623,0.001326966967453047
0.2910000000000002,0.3455562491574005,0.3462107812895158,0.0006545321321153041,0.6032032828756279,0.6045283914805099,0.0013251086048819971
0.2920000000000002,0.3463454440139082,0.3470007467682463,0.0006553027543381162,0.6041824616489859,0.6055057177186746,0.0013232560696886386
0.2930000000000002,0.3471326916243863,0.3477887600644426,0.0006560684400562788,0.6051591659924745,0.6064805752531244,0.0013214092606498307
0.2940000000000002,0.3479179969040719,0.3485748261080977,0.0006568292040258217,0.6061334034118346,0.6074529714902533,0.0013195680784187092
0.2950000000000002,0.34870136475340896,0.3493589498144393,0.0006575850610303635,0.6071051813636598,0.6084229137891525,0.0013177324254927125
0.2960000000000002,0.3494828000581437,0.3501411360840238,0.000658336025880113,0.6080745072561794,0.6093904094623637,0.0013159022061842718
0.2970000000000002,0.3502623076894177,0.35092138980282817,0.0006590821134104807,0.609041388450029,0.6103554657766203,0.0013140773265912786
0.2980000000000002,0.3510398925038597,0.3516997158423412,0.0006598233384815244,0.6100058322590013,0.6113180899535685,0.0013122576945672204
0.2990000000000002,0.35181555934367625,0.352476119059653,0.0006605597159767274,0.6109678459507845,0.6122782891704776,0.0013104432196930915
0.3000000000000002,0.3525893130367403,0.35325060429754274,0.0006612912608024435,0.6119274367476835,0.6132360705609315,0.0013086338132480835
0.3010000000000002,0.35336115839667925,0.3540231763845656,0.000662017987886343,0.6128846118273261,0.6141914412155092,0.0013068293881830506
0.3020000000000002,0.3541311002229611,0.35479384013513815,0.0006627399121770239,0.6138393783233562,0.6151444081824475,0.0013050298590913112
0.3030000000000002,0.35489914330097927,0.3555626003496222,0.000663457048642957,0.6147917433261108,0.6160949784682934,0.0013032351421826682
0.3040000000000002,0.3556652924021364,0.3563294618144078,0.0006641694122713759,0.6157417138832841,0.6170431590385397,0.0013014451552555428
0.3050000000000002,0.3564295522839268,0.3570944293019942,0.0006648770180673891,0.6166892970005783,0.6179889568182502,0.0012996598176718832
0.3060000000000002,0.3571919276900174,0.3578575075710708,0.0006655798810534241,0.6176344996423386,0.6189323786926684,0.0012978790503297422
0.3070000000000002,0.35795242335032795,0.3586187013665955,0.000666278016267563,0.6185773287321792,0.6198734315078174,0.001296102775638186
0.3080000000000002,0.3587110439811097,0.35937801541987324,0.0006669714387635417,0.6195177911535916,0.6208121220710843,0.0012943309174926476
0.3090000000000002,0.35946779428502285,0.36013545444863215,0.0006676601636093071,0.6204558937505451,0.621748457151794,0.0012925634012489473
0.3100000000000002,0.36022267895121307,0.3608910231570991,0.0006683442058860178,0.6213916433280708,0.6226824434817704,0.001290800153699534
0.3110000000000002,0.3609757026553869,0.3616447262360747,0.0006690235806877665,0.6223250466528367,0.6236140877558857,0.001289041103048949
0.3120000000000002,0.3617268700598861,0.3623965683630064,0.000669698303120303,0.6232561104537099,0.6245433966325997,0.001287286178889846
0.3130000000000002,0.3624761858137603,0.3631465542020601,0.0006703683882998135,0.6241848414223059,0.6254703767344861,0.0012855353121802304
0.3140000000000002,0.3632236545528398,0.3638946884041927,0.0006710338513529202,0.6251112462135303,0.626395034648749,0.0012837884352187023
0.3150000000000002,0.36396928089980607,0.36464097560722125,0.0006716947074151824,0.6260353314461045,0.6273173769277292,0.001282045481624694
0.3160000000000002,0.3647130694642621,0.3653854204358926,0.000672350971630542,0.6269571037030854,0.6282374100893982,0.0012803063863127129
0.3170000000000002,0.3654550248428017,0.3661280275019517,0.000673002659150046,0.6278765695323715,0.6291551406178436,0.0012785710854721355
0.3180000000000002,0.3661951516190768,0.36686880140420886,0.0006736497851320689,0.6287937354471997,0.6300705749637445,0.001276839516544781
0.31900000000000023,0.3669334543638657,0.36760774672860586,0.0006742923647401478,0.6297086079266321,0.6309837195448363,0.001275111618204261
0.32000000000000023,0.36766993763513844,0.36834486804828187,0.0006749304131434264,0.6306211934160322,0.6318945807463661,0.001273387330333886
0.32100000000000023,0.36840460597812263,0.3690801699236373,0.0006755639455146567,0.6315314983275327,0.6328031649215393,0.0012716665940065708
0.32200000000000023,0.3691374639253676,0.36981365690239815,0.0006761929770305319,0.6324395290404929,0.6337094783919568,0.0012699493514638505
0.32300000000000023,0.36986851599680814,0.37054533351967833,0.0006768175228701878,0.6333452919019467,0.6346135274480427,0.0012682355460960082
0.32400000000000023,0.3705977666998269,0.3712752042980417,0.000677437598214814,0.6342487932270416,0.6355153183494641,0.0012665251224224239
0.32500000000000023,0.3713252205293168,0.3720032737475634,0.0006780532182465993,0.6351500392994708,0.6364148573255423,0.0012648180260714792
0.32600000000000023,0.3720508819677416,0.37272954636588956,0.0006786643981479545,0.6360490363718921,0.6373121505756546,0.001263114203762461
0.32700000000000023,0.3727747554851961,0.3734540266382975,0.0006792711531014017,0.6369457906663445,0.6382072042696287,0.001261413603284245
0.32800000000000024,0.37349684553946605,0.37417671903775407,0.0006798734982880195,0.63784030837465,0.6391000245481298,0.0012597161734797524
0.32900000000000024,0.37421715657608634,0.37489762802497345,0.00068047144888711,0.6387325956588127,0.6399906175230378,0.0012580218642250784
0.33000000000000024,0.37493569302839924,0.3756167580484747,0.0006810650200754775,0.6396226586514067,0.640878989277819,0.001256330626412283
0.33100000000000024,0.37565245931761126,0.376334113544638,0.0006816542270267623,0.6405105034559564,0.6417651458678895,0.0012546424119330712
0.33200000000000024,0.3763674598528498,0.3770496989377605,0.0006822390849107185,0.6413961361473121,0.64264909332097,0.0012529571736579204
0.33300000000000024,0.3770806990312191,0.37776351864011126,0.0006828196088921601,0.642279562772014,0.6435308376374361,0.0012512748654220918
0.33400000000000024,0.37779218123785463,0.3784755770519857,0.0006833958141310714,0.643160789348652,0.644410384790659,0.0012495954420070898
0.33500000000000024,0.37850191084597795,0.3791858785617591,0.0006839677157811641,0.6440398218682166,0.6452877407273405,0.0012479188591238977
0.33600000000000024,0.37920989221695034,0.37989442754593994,0.0006845353289895995,0.6449166662944437,0.6461629113678414,0.001246245073397767
0.33700000000000024,0.37991612970032557,0.3806012283692217,0.0006850986688961558,0.6457913285641532,0.6470359026065033,0.0012445740423501217
0.33800000000000024,0.3806206276339025,0.3813062853845354,0.0006856577506329509,0.6466638145875788,0.647906720311963,0.0012429057243841246
0.33900000000000025,0.3813233903437765,0.3820096029331,0.0006862125893234983,0.6475341302486932,0.6487753703274622,0.0012412400787690236
0.34000000000000025,0.38202442214439114,0.3827111853444729,0.0006867632000817636,0.6484022814055266,0.6496418584711497,0.0012395770656231653
0.34100000000000025,0.38272372733858784,0.38341103693660045,0.0006873095980126087,0.6492682738904776,0.650506190536378,0.0012379166459004498
0.34200000000000025,0.3834213102176567,0.3841091620158667,0.0006878517982100152,0.6501321135106188,0.651368372291995,0.0012362587813761206
0.34300000000000025,0.3841171750613852,0.38480556487714196,0.0006883898157567514,0.6509938060479988,0.6522284094826275,0.0012346034346286672
0.34400000000000025,0.384811326138107,0.38550024980383174,0.000688923665724761,0.6518533572599328,0.653086307828962,0.0012329505690292786
0.34500000000000025,0.38550376770475037,0.38619322106792375,0.0006894533631733868,0.652710772879293,0.6539420730280181,0.0012313001487250785
0.34600000000000025,0.3861945040068857,0.3868844829300349,0.0006899789231492037,0.6535660586147904,0.6547957107534166,0.001229652138626136
0.34700000000000025,0.38688353927877267,0.3875740396394584,0.0006905003606857418,0.654419220151252,0.6556472266556432,0.0012280065043912547
0.34800000000000025,0.38757087774340654,0.3882618954342089,0.0006910176908023757,0.655270263149891,0.6564966263623064,0.0012263632124154267
0.34900000000000025,0.38825652361256446,0.3889480545410691,0.0006915309285046578,0.6561191932485757,0.6573439154783909,0.0012247222298151783
0.35000000000000026,0.3889404810868511,0.3896325211756335,0.0006920400887824307,0.6569660160620884,0.6581890995865043,0.0012230835244159133
0.35100000000000026,0.38962275435574323,0.3903152995423542,0.0006925451866109933,0.6578107371823821,0.6590321842471223,0.0012214470647401443
0.35200000000000026,0.39030334759763485,0.3909963938345838,0.0006930462369489354,0.6586533621788326,0.6598731749988255,0.0012198128199928382
0.35300000000000026,0.39098226497988064,0.3916758082346197,0.0006935432547390818,0.6594938965984833,0.6607120773585342,0.0012181807600508687
0.35400000000000026,0.39165951065884014,0.3923535469137469,0.0006940362549067713,0.6603323459662882,0.6615488968217372,0.0012165508554490279
0.35500000000000026,0.3923350887799204,0.3930296140322805,0.0006945252523600787,0.6611687157853481,0.6623836388627176,0.0012149230773694786
0.35600000000000026,0.393009003477619,0.3937040137396082,0.000695010261989204,0.662003011537143,0.6632163089347719,0.0012132973976288763
0.35700000000000026,0.39368125887556593,0.3943767501742319,0.0006954912986659734,0.6628352386817606,0.6640469124704277,0.0012116737886670448
0.35800000000000026,0.39435185908656584,0.39504782746380895,0.0006959683772431169,0.6636654026581196,0.6648754548816551,0.0012100522235355404
0.35900000000000026,0.39502080821263896,0.39571724972519334,0.0006964415125543799,0.6644935088841883,0.6657019415600754,0.0012084326758871056
0.36000000000000026,0.39568811034506235,0.3963850210644758,0.0006969107194134683,0.665319562757202,0.6665263778771646,0.0012068151199625676
0.36100000000000027,0.39635376956441015,0.39705114557702414,0.0006973760126139927,0.6661435696538726,0.6673487691844542,0.0012051995305816243
0.36200000000000027,0.397017789940594,0.39771562734752286,0.0006978374069288584,0.666965534930595,0.6681691208137269,0.0012035858831319635
0.36300000000000027,0.3976801755329026,0.3983784704500126,0.0006982949171100428,0.6677854639236527,0.6689874380772107,0.0012019741535580497
0.36400000000000027,0.39834093039004115,0.3990396789479289,0.0006987485578877628,0.668603361949415,0.6698037262677666,0.0012003643183515766
0.36500000000000027,0.39900005855017007,0.39969925689414065,0.0006991983439705862,0.6694192343045344,0.6706179906590752,0.0011987563545408086
0.36600000000000027,0.3996575640409439,0.4003572083309886,0.0006996442900447097,0.6702330862661382,0.6714302365058179,0.0011971502396797007
0.36700000000000027,0.4003134508795494,0.40101353729032274,0.0007000864107733484,0.6710449230920159,0.6722404690438561,0.0011955459518402378
0.36800000000000027,0.4009677230727432,0.4016682477935404,0.0007005247207971799,0.6718547500208062,0.6730486934904062,0.0011939434696000006
0.36900000000000027,0.40162038461688954,0.40232134385162255,0.0007009592347330118,0.6726625722721771,0.6738549150442124,0.001192342772035282
0.3700000000000003,0.4022714394979974,0.4029728294651713,0.0007013899671739487,0.6734683950470046,0.6746591388857139,0.0011907438387093183
0.3710000000000003,0.40292089169175715,0.403622708624446,0.0007018169326888368,0.6742722235275475,0.6754613701772131,0.0011891466496656289
0.3720000000000003,0.4035687451635773,0.4042709853093992,0.0007022401458218752,0.6750740628776192,0.6762616140630355,0.0011875511854163578
0.3730000000000003,0.4042150038686204,0.4049176634897129,0.0007026596210925051,0.6758739182427564,0.6770598756696916,0.0011859574269351691
0.3740000000000003,0.4048596717518387,0.4055627471248336,0.0007030753729949102,0.6766717947503845,0.6778561601060327,0.0011843653556481426
0.3750000000000003,0.40550275274801006,0.4062062401640077,0.0007034874159976279,0.6774676975099798,0.6786504724634045,0.00118277495342467
0.3760000000000003,0.4061442507817731,0.40684814654631624,0.0007038957645431609,0.6782616316132297,0.6794428178157993,0.001181186202569573
0.3770000000000003,0.4067841697676616,0.40748847020070955,0.0007043004330479774,0.6790536021341887,0.6802332012200031,0.0011795990858143313
0.3780000000000003,0.4074225136101396,0.40812721504604155,0.0007047014359019554,0.6798436141294326,0.6810216277157418,0.0011780135863092012
0.3790000000000003,0.40805928620363563,0.40876438499110335,0.0007050987874677173,0.6806316726382096,0.6818081023258241,0.0011764296876145552
0.3800000000000003,0.40869449143257625,0.4093999839346576,0.0007054925020813507,0.681417782682588,0.682592630056283,0.0011748473736949983
0.3810000000000003,0.4093281331714204,0.4100340157654714,0.0007058825940509661,0.6822019492676029,0.6833752158965117,0.00117326662890882
0.3820000000000003,0.4099602152846923,0.41066648436234937,0.0007062690776570846,0.6829841773813983,0.6841558648194008,0.0011716874380025555
0.3830000000000003,0.41059074162701503,0.4112973935941672,0.0007066519671521942,0.6837644719953682,0.6849345817814708,0.0011701097861026577
0.3840000000000003,0.41121971604314306,0.41192674731990353,0.0007070312767604725,0.684542838064295,0.6857113717230022,0.0011685336587072825
0.3850000000000003,0.411847142367995,0.4125545493886725,0.000707407020677453,0.6853192805264844,0.6864862395681657,0.0011669590416812925
0.3860000000000003,0.41247302442668615,0.41318080363975596,0.0007077792130698035,0.6860938043038989,0.6872591902251461,0.001165385921247264
0.3870000000000003,0.4130973660345604,0.4138055139026355,0.0007081478680751041,0.686866414302289,0.6880302285862678,0.0011638142839788257
0.3880000000000003,0.41372017099722186,0.4144286839970234,0.0007085129998015138,0.6876371154113214,0.6887993595281161,0.001162244116794664
0.3890000000000003,0.4143414431105671,0.41505031773289486,0.0007088746223277709,0.6884059125047057,0.6895665879116566,0.0011606754069508618
0.3900000000000003,0.4149611861608159,0.41567041891051837,0.0007092327497024709,0.6891728104403191,0.6903319185823535,0.0011591081420344596
0.3910000000000003,0.41557940392454273,0.41628899132048686,0.0007095873959441223,0.689937814060327,0.6910953563702844,0.00115754230995746
0.3920000000000003,0.41619610016870756,0.4169060387437488,0.0007099385750412579,0.6907009281913044,0.6918569060902543,0.0011559778989499447
0.3930000000000003,0.4168112786506862,0.41752156495163784,0.0007102863009516569,0.6914621576443533,0.6926165725419072,0.001154414897553968
0.3940000000000003,0.41742494311830125,0.4181355737059034,0.0007106305876021235,0.6922215072152184,0.6933743605098355,0.0011528532946171177
0.3950000000000003,0.41803709730985217,0.4187480687587409,0.0007109714488887087,0.6929789816844012,0.6941302747636889,0.0011512930792877407
0.3960000000000003,0.4186477449541449,0.41935905385282113,0.0007113088986762106,0.6937345858172724,0.6948843200582789,0.001149734241006506
0.3970000000000003,0.419256889770522,0.4199685327213202,0.0007116429507981747,0.6944883243641814,0.6956365011336844,0.001148176769502962
0.3980000000000003,0.4198645354688922,0.4205765090879486,0.0007119736190563941,0.6952402020605645,0.6963868227153536,0.001146620654789099
0.3990000000000003,0.42047068574975943,0.42118298666698034,0.0007123009172209094,0.6959902236270527,0.6971352895142052,0.0011450658871525743
0.4000000000000003,0.42107534430425253,0.4217879691632823,0.0007126248590297868,0.6967383937695742,0.697881906226727,0.0011435124571527178
0.4010000000000003,0.4216785148141535,0.4223914602723426,0.0007129454581890626,0.6974847171794596,0.6986266775350739,0.0011419603556143132
0.4020000000000003,0.42228020095192687,0.42299346368029916,0.0007132627283722992,0.6982291985335412,0.6993696081071639,0.0011404095736227138
0.4030000000000003,0.42288040638074786,0.42359398306396856,0.0007135766832206958,0.6989718424942546,0.7001107025967717,0.0011388601025170697
0.4040000000000003,0.42347913475453103,0.4241930220908736,0.000713887336342589,0.6997126537097343,0.7008499656436226,0.0011373119338882187
0.4050000000000003,0.4240763897179581,0.42479058441927176,0.0007141947013136751,0.7004516368139125,0.7015874018734828,0.0011357650595702484
0.4060000000000003,0.4246721749065061,0.4253866736981828,0.0007144987916766765,0.7011887964266122,0.7023230158982501,0.0011342194716378318
0.4070000000000003,0.42526649394647537,0.42598129356741643,0.0007147996209410645,0.7019241371536414,0.7030568123160417,0.0011326751624002318
0.4080000000000003,0.42585935045501694,0.42657444765760005,0.0007150972025831148,0.7026576635868844,0.7037887957112815,0.0011311321243970829
0.4090000000000003,0.42645074804016003,0.4271661395902055,0.0007153915500454633,0.7033893803043919,0.7045189706547855,0.0011295903503936167
0.4100000000000003,0.42704069030083935,0.42775637297757685,0.0007156826767374946,0.7041192918704711,0.7052473417038463,0.001128049833375222
0.4110000000000003,0.42762918082692214,0.42834515142295687,0.0007159705960347318,0.7048474028357719,0.7059739134023161,0.0011265105665442254
0.4120000000000003,0.42821622319923525,0.4289324785205141,0.0007162553212788358,0.7055737177373737,0.7066986902806879,0.0011249725433142288
0.4130000000000003,0.42880182098959163,0.4295183578553691,0.0007165368657774951,0.7062982410988694,0.7074216768561762,0.0011234357573067788
0.4140000000000003,0.4293859777608172,0.43010279300362164,0.000716815242804425,0.7070209774304504,0.7081428776327964,0.0011219002023459268
0.4150000000000003,0.4299686970667773,0.4306857875323763,0.0007170904655989796,0.7077419312289871,0.7088622971014423,0.0011203658724552312
0.4160000000000003,0.43054998245240267,0.431267344999769,0.0007173625473663181,0.7084611069781105,0.7095799397399629,0.0011188327618524285
0.4170000000000003,0.43112983745371575,0.431847468954993,0.0007176315012772383,0.709178509148292,0.7102958100132385,0.0011173008649465466
0.4180000000000003,0.4317082655978569,0.4324261629383246,0.000717897340467677,0.7098941421969213,0.7110099123732541,0.0011157701763327976
0.4190000000000003,0.4322852704031098,0.4330034304811491,0.000718160078039265,0.710608010568384,0.7117222512591738,0.0011142406907898028
0.4200000000000003,0.4328608553789272,0.4335792751059861,0.0007184197270588832,0.7113201186941379,0.7124328310974124,0.001112712403274485
0.4210000000000003,0.43343502402595685,0.43415370032651507,0.0007186763005582186,0.7120304709927883,0.7131416563017066,0.0011111853089182944
0.4220000000000003,0.43400777983606625,0.43472670964760085,0.0007189298115345966,0.7127390718701595,0.7138487312731856,0.0011096594030260976
0.4230000000000003,0.4345791262923685,0.43529830656531826,0.0007191802729497598,0.7134459257193709,0.7145540604004393,0.0011081346810684067
0.4240000000000003,0.4351490668692468,0.43586849456697757,0.0007194276977307568,0.7141510369209062,0.7152576480595876,0.0011066111386813793
0.4250000000000003,0.43571760503238,0.4364372771311492,0.0007196720987692196,0.7148544098426846,0.7159594986143458,0.0011050887716612667
0.4260000000000003,0.4362847442387668,0.4370046577276886,0.0007199134889218084,0.7155560488401314,0.7166596164160929,0.0011035675759615282
0.4270000000000003,0.4368504879367511,0.43757063981776045,0.0007201518810093788,0.7162559582562447,0.7173580058039344,0.0011020475476897218
0.4280000000000003,0.437414839566046,0.43813522685386386,0.0007203872878178696,0.7169541424216652,0.7180546711047686,0.0011005286831033967
0.4290000000000003,0.4379778025577584,0.43869842227985595,0.0007206197220975263,0.7176506056547405,0.7187496166333488,0.0010990109786083169
0.4300000000000003,0.43853938033441353,0.4392602295309766,0.000720849196563067,0.7183453522615926,0.7194428466923461,0.0010974944307535761
0.4310000000000003,0.43909957630997876,0.4398206520338723,0.0007210757238935162,0.7190383865361818,0.7201343655724113,0.0010959790362294886
0.43200000000000033,0.4396583938898877,0.44037969320662024,0.0007212993167325377,0.7197297127603709,0.7208241775522346,0.001094464791863703
0.43300000000000033,0.4402158364710643,0.44093735645875204,0.0007215199876877132,0.7204193352039874,0.7215122868986071,0.0010929516946197593
0.43400000000000033,0.4407719074419466,0.4414936451912778,0.0007217377493312083,0.7211072581248864,0.7221986978664785,0.001091439741592093
0.43500000000000033,0.4413266101825102,0.44204856279670945,0.0007219526141992727,0.721793485769012,0.722883414699016,0.001089928930003925
0.43600000000000033,0.4418799480642921,0.4426021126590841,0.0007221645947920186,0.7224780223704561,0.723566441627662,0.0010884192572059304
0.43700000000000033,0.44243192445041396,0.44315429815398794,0.0007223737035739752,0.72316087215152,0.7242477828721905,0.0010869107206704642
0.43800000000000033,0.4429825426956054,0.4437051226485791,0.0007225799529737009,0.7238420393227716,0.7249274426407631,0.0010854033179915623
0.43900000000000033,0.4435318061462271,0.4442545895016109,0.0007227833553837826,0.7245215280831042,0.7256054251299846,0.0010838970468803888
0.44000000000000034,0.44407971814029457,0.44480270206345507,0.0007229839231605029,0.7251993426197936,0.7262817345249573,0.0010823919051636821
0.44100000000000034,0.4446262820075,0.44534946367612455,0.0007231816686245618,0.7258754871085544,0.7269563749993345,0.0010808878907800912
0.44200000000000034,0.4451715010692362,0.44589487767329633,0.000723376604060133,0.7265499657135955,0.7276293507153745,0.0010793850017789541
0.44300000000000034,0.44571537863861876,0.44643894738033435,0.0007235687417155856,0.727222782587675,0.728300665823992,0.0010778832363169677
0.44400000000000034,0.44625791802050885,0.446981676114312,0.0007237580938031507,0.7278939418721555,0.7289703244648111,0.0010763825926556336
0.44500000000000034,0.44679912251153586,0.44752306718403445,0.0007239446724985887,0.7285634476970559,0.7296383307662154,0.0010748830691594824
0.44600000000000034,0.4473389954001197,0.44806312389006175,0.0007241284899420775,0.7292313041811058,0.7303046888453988,0.0010733846642929645
0.44700000000000034,0.44787753996649327,0.44860184952473015,0.0007243095582368797,0.7298975154317975,0.7309694028084159,0.0010718873766184522
0.44800000000000034,0.4484147594827247,0.4491392473721753,0.0007244878894506201,0.7305620855454364,0.7316324767502305,0.001070391204794019
0.44900000000000034,0.4489506572127393,0.4496753207083538,0.0007246634956145082,0.7312250186071931,0.7322939147547646,0.001068896147571441
0.45000000000000034,0.44948523641234217,0.4502100728010655,0.0007248363887233378,0.7318863186911536,0.7329537208949473,0.0010674022037936437
0.45100000000000035,0.4500185003292393,0.4507435069099754,0.0007250065807360984,0.7325459898603681,0.7336118992327603,0.0010659093723921487
0.45200000000000035,0.45055045220306,0.4512756262866351,0.0007251740835750864,0.7332040361669008,0.7342684538192868,0.0010644176523860738
0.45300000000000035,0.45108109526537854,0.45180643417450533,0.0007253389091267937,0.7338604616518781,0.734923388694757,0.001062927042878914
0.45400000000000035,0.451610432739736,0.45233593380897696,0.0007255010692409636,0.7345152703455369,0.7355767078885944,0.0010614375430575418
0.45500000000000035,0.45213846784166123,0.4528641284173927,0.0007256605757314794,0.7351684662672708,0.7362284154194603,0.0010599491521894322
0.45600000000000035,0.45266520377869307,0.4533910212190689,0.0007258174403758089,0.7358200534256779,0.7368785152952992,0.00105846186962133
0.45700000000000035,0.45319064375040125,0.4539166154253164,0.0007259716749151712,0.7364700358186073,0.7375270115133833,0.00105697569477603
0.45800000000000035,0.45371479094840783,0.45444091423946253,0.0007261232910547033,0.7371184174332029,0.7381739080603552,0.0010554906271522668
0.45900000000000035,0.4542376485564084,0.45496392085687143,0.0007262723004630156,0.7377652022459504,0.7388192089122728,0.0010540066663223824
0.46000000000000035,0.4547592197501933,0.45548563846496626,0.0007264187147729695,0.7384103942227214,0.7394629180346508,0.00105252381192944
0.46100000000000035,0.4552795076976685,0.4560060702432491,0.0007265625455805669,0.7390539973188166,0.7401050393825033,0.001051042063686669
0.46200000000000035,0.4557985155588765,0.4565252193633227,0.0007267038044461716,0.7396960154790108,0.7407455769003859,0.0010495614213751336
0.46300000000000036,0.45631624648601743,0.45704308898891116,0.000726842502893732,0.7403364526375953,0.7413845345224375,0.001048081884842178
0.46400000000000036,0.4568327036234697,0.4575596822758807,0.0007269786524109478,0.7409753127184207,0.7420219161724199,0.0010466034539992064
0.46500000000000036,0.45734789010781063,0.4580750023722603,0.0007271122644496586,0.7416125996349382,0.7426577257637597,0.0010451261288214608
0.46600000000000036,0.457861809067837,0.4585890524182625,0.000727243350425455,0.7422483172902431,0.7432919671995882,0.0010436499093451346
0.46700000000000036,0.4583744636245859,0.45910183554630357,0.0007273719217176788,0.7428824695771142,0.7439246443727806,0.001042174795666373
0.46800000000000036,0.45888585689135486,0.45961335488102445,0.0007274979896695899,0.7435150603780558,0.7445557611659951,0.001040700787939275
0.46900000000000036,0.4593959919737223,0.46012361353931097,0.0007276215655886986,0.7441460935653383,0.7451853214517125,0.0010392278863741167
0.47000000000000036,0.459904871969568,0.46063261463031413,0.0007277426607461557,0.7447755730010364,0.7458133290922743,0.001037756091237907
0.47100000000000036,0.46041249996909295,0.4611403612554702,0.0007278612863772516,0.74540350253707,0.7464397879399204,0.0010362854028503898
0.47200000000000036,0.46091887905483997,0.4616468565085214,0.0007279774536814165,0.7460298860152444,0.7470647018368276,0.001034815821583157
0.47300000000000036,0.46142401230171315,0.46215210347553515,0.0007280911738219986,0.7466547272672864,0.7476880746151464,0.0010333473478599808
0.47400000000000037,0.4619279027769986,0.46265610523492484,0.0007282024579262636,0.7472780301148848,0.748309910097038,0.00103187998215315
0.47500000000000037,0.46243055354038354,0.46315886485746954,0.0007283113170860056,0.7478997983697268,0.7489302120947109,0.001030413724984136
0.47600000000000037,0.4629319676439768,0.46366038540633375,0.0007284177623569366,0.7485200358335368,0.749548984410457,0.0010289485769202633
0.47700000000000037,0.46343214813232825,0.4641606699370872,0.0007285218047589637,0.7491387462981133,0.7501662308366884,0.0010274845385751519
0.47800000000000037,0.4639310980424486,0.4646597214977247,0.0007286234552761339,0.7497559335453646,0.7507819551559713,0.00102602161060672
0.47900000000000037,0.4644288204038286,0.46515754312868585,0.0007287227248572448,0.7503716013473474,0.751396161141063,0.0010245597937156292
0.48000000000000037,0.4649253182384595,0.46565413786287435,0.0007288196244148448,0.7509857534663008,0.7520088525549454,0.001023099088644619
0.48100000000000037,0.4654205945608517,0.46614950872567784,0.0007289141648261221,0.7515983936546831,0.7526200331508603,0.0010216394961772846
0.4820000000000004,0.4659146523780544,0.4666436587349871,0.0007290063569326821,0.7522095256552075,0.7532297066723436,0.0010201810171360792
0.4830000000000004,0.46640749468967513,0.46713659090121534,0.0007290962115402144,0.7528191532008758,0.753837876853259,0.0010187236523832022
0.4840000000000004,0.4668991244878985,0.46762830822731805,0.0007291837394195477,0.7534272800150157,0.7544445474178318,0.0010172674028161577
0.4850000000000004,0.46738954475750616,0.46811881370881153,0.000729268951305373,0.7540339098113125,0.7550497220806824,0.0010158122693699756
0.4860000000000004,0.46787875847589533,0.4686081103337928,0.0007293518578974645,0.7546390462938444,0.7556534045468591,0.0010143582530147688
0.4870000000000004,0.4683667686130979,0.46909620108295796,0.0007294324698600696,0.7552426931571169,0.7562555985118707,0.0010129053547538458
0.4880000000000004,0.46885357813179995,0.4695830889296219,0.0007295107978219639,0.7558448540860957,0.7568563076617196,0.001011453575623933
0.4890000000000004,0.4693391899873599,0.4700687768397367,0.0007295868523767846,0.7564455327562397,0.7574555356729337,0.0010100029166939528
0.4900000000000004,0.469823607127828,0.47055326777191103,0.00072966064408303,0.7570447328335346,0.7580532862125975,0.0010085533790629153
0.4910000000000004,0.470306832493965,0.4710365646774287,0.0007297321834637271,0.7576424579745242,0.7586495629383856,0.0010071049638613605
0.4920000000000004,0.4707888690192604,0.47151867050026763,0.0007298014810072084,0.7582387118263456,0.7592443694985924,0.001005657672246807
0.4930000000000004,0.4712697196299521,0.47199958817711857,0.0007298685471664457,0.7588334980267573,0.7598377095321638,0.001004211505406527
0.4940000000000004,0.471749387245044,0.4724793206374035,0.0007299333923594942,0.7594268202041743,0.7604295866687288,0.0010027664645545498
0.4950000000000004,0.4722278747763251,0.4729578708032946,0.0007299960269694927,0.7600186819776988,0.761020004528629,0.001001322550930106
0.4960000000000004,0.4727051851283879,0.4734352415897325,0.0007300564613446081,0.7606090869571502,0.7616089667229495,0.0009998797657992942
0.4970000000000004,0.47318132119864675,0.47391143590444507,0.0007301147057983126,0.7611980387430972,0.7621964768535497,0.0009984381104525264
0.4980000000000004,0.47365628587735636,0.4743864566479654,0.000730170770609051,0.7617855409268882,0.762782538513092,0.0009969975862037517
0.4990000000000004,0.47413008204762985,0.4748603067136508,0.0007302246660209621,0.7623715970906837,0.763367155285072,0.0009955581943883463
0.5000000000000003,0.4746027125854573,0.4753329889877004,0.0007302764022431019,0.7629562108074829,0.7639503307438489,0.0009941199363660003
0.5010000000000003,0.47507418035972354,0.4758045063491739,0.0007303259894503311,0.7635393856411568,0.7645320684546733,0.000992682813516499
0.5020000000000003,0.4755444882322268,0.4762748616700094,0.0007303734377825943,0.764121125146477,0.7651123719737166,0.0009912468272396113
0.5030000000000003,0.47601363905769634,0.47674405781504187,0.0007304187573455301,0.7647014328691448,0.7656912448481007,0.000989811978955868
0.5040000000000003,0.4764816356838105,0.47721209764202116,0.0007304619582106375,0.7652803123458205,0.7662686906159257,0.000988378270105228
0.5050000000000003,0.4769484809512151,0.47767898400162956,0.0007305030504144439,0.7658577671041544,0.7668447128062982,0.0009869457021437489
0.5060000000000003,0.4774141776935408,0.4781447197375006,0.0007305420439598365,0.7664338006628136,0.7674193149393602,0.000985514276546584
0.5070000000000003,0.4778787287374208,0.47860930768623605,0.0007305789488152303,0.7670084165315105,0.7679925005263165,0.0009840839948059843
0.5080000000000003,0.4783421369025095,0.4790727506774244,0.0007306137749149011,0.7675816182110334,0.7685642730694628,0.0009826548584294104
0.5090000000000003,0.47880440500149946,0.4795350515336583,0.0007306465321588185,0.7681534091932729,0.7691346360622132,0.0009812268689403103
0.5100000000000003,0.4792655358401392,0.47999621307055257,0.000730677230413368,0.7687237929612502,0.7697035929891274,0.0009798000278772312
0.5110000000000003,0.47972553221725084,0.48045623809676163,0.0007307058795107957,0.7692927729891459,0.7702711473259377,0.0009783743367918207
0.5120000000000003,0.480184396924748,0.48091512941399744,0.0007307324892494305,0.769860352742327,0.770837302539577,0.0009769497972500485
0.5130000000000003,0.4806421327476527,0.4813728898170465,0.0007307570693937948,0.7704265356773735,0.771402062088205,0.0009755264108315398
0.5140000000000003,0.48109874246411344,0.48182952209378815,0.000730779629674716,0.7709913252421076,0.7719654294212344,0.0009741041791268001
0.5150000000000003,0.481554228845422,0.4822850290252113,0.000730800179789326,0.7715547248756188,0.7725274079793579,0.0009726831037391026
0.5160000000000003,0.48200859465603124,0.4827394133854324,0.0007308187294011725,0.7721167380082924,0.7730880011945751,0.0009712631862827115
0.5170000000000003,0.4824618426535721,0.4831926779417125,0.0007308352881403857,0.7726773680618352,0.7736472124902171,0.000969844428381883
0.5180000000000003,0.48291397558887117,0.48364482545447457,0.0007308498656034002,0.7732366184493024,0.774205045280974,0.0009684268316716427
0.5190000000000003,0.4833649962059674,0.484095858677321,0.0007308624713536216,0.7737944925751236,0.7747615029729199,0.0009670103977963418
0.5200000000000004,0.4838149072421296,0.48454578035705026,0.0007308731149206493,0.7743509938351302,0.7753165889635388,0.0009655951284086584
0.5210000000000004,0.4842637114278735,0.48499459323367494,0.0007308818058014421,0.7749061256165786,0.7758703066417497,0.0009641810251711513
0.5220000000000004,0.48471141148697866,0.4854423000404378,0.0007308885534591525,0.7754598912981792,0.7764226593879325,0.0009627680897533741
0.5230000000000004,0.4851580101365054,0.48588890350382974,0.0007308933673243478,0.7760122942501211,0.776973650573953,0.0009613563238318745
0.5240000000000004,0.4856035100868118,0.48633440634360636,0.0007308962567945665,0.7765633378340961,0.7775232835631873,0.0009599457290911939
0.5250000000000004,0.4860479140415709,0.4867788112728047,0.000730897231233818,0.7771130254033257,0.7780715617105479,0.000958536307222202
0.5260000000000004,0.4864912246977867,0.4872221209977609,0.000730896299974193,0.7776613603025856,0.7786184883625072,0.0009571280599216525
0.5270000000000004,0.486933444745812,0.4876643382181261,0.000730893472314087,0.7782083458682312,0.7791640668571225,0.0009557209888912954
0.5280000000000004,0.48737457686936425,0.488105465626884,0.0007308887575197542,0.7787539854282217,0.7797083005240607,0.0009543150958389868
0.5290000000000004,0.48781462374554263,0.4885455059103673,0.0007308821648246422,0.779298282302146,0.7802511926846224,0.0009529103824763574
0.5300000000000004,0.48825358804484476,0.48898446174827426,0.0007308737034295021,0.7798412398012453,0.7807927466517663,0.0009515068505210333
0.5310000000000004,0.48869147243118305,0.4894223358136858,0.0007308633825027777,0.7803828612284399,0.7813329657301324,0.000950104501692528
0.5320000000000004,0.4891282795619013,0.48985913077308185,0.0007308512111805499,0.7809231498783523,0.7818718532160667,0.0009487033377143517
0.5330000000000004,0.4895640120877913,0.4902948492863577,0.0007308371985663698,0.781462109037331,0.7824094123976447,0.0009473033603136782
0.5340000000000004,0.48999867265310915,0.4907294940068408,0.0007308213537316477,0.7819997419834748,0.782945646554695,0.0009459045712202352
0.5350000000000004,0.4904322638955917,0.49116306758130723,0.000730803685715542,0.782536051986657,0.7834805589588226,0.0009445069721656374
0.5360000000000004,0.49086478844647286,0.4915955726499983,0.0007307842035254586,0.7830710423085481,0.7840141528734327,0.0009431105648846083
0.5370000000000004,0.4912962489305,0.4920270118466362,0.0007307629161362184,0.7836047162026417,0.7845464315537533,0.0009417153511115384
0.5380000000000004,0.4917266479659501,0.4924573877984412,0.0007307398324911119,0.7841370769142755,0.7850773982468591,0.0009403213325835935
0.5390000000000004,0.492155988164646,0.49288670312614746,0.0007307149615014552,0.7846681276806561,0.7856070561916937,0.0009389285110376067
0.5400000000000004,0.4925842721319724,0.4933149604440192,0.0007306883120467567,0.7851978717308806,0.7861354086190929,0.0009375368882122981
0.5410000000000004,0.49301150246689235,0.4937421623598674,0.0007306598929750496,0.7857263122859618,0.7866624587518075,0.0009361464658457219
0.5420000000000004,0.4934376817619629,0.4941683114750652,0.0007306297131022821,0.7862534525588496,0.7871882098045255,0.0009347572456759323
0.5430000000000004,0.4938628126033514,0.4945934103845647,0.0007305977812133158,0.7867792957544542,0.7877126649838954,0.0009333692294412055
0.5440000000000004,0.4942868975708513,0.4950174616769126,0.00073056410606126,0.7873038450696696,0.7882358274885475,0.0009319824188779302
0.5450000000000004,0.4947099392378984,0.4954404679342663,0.0007305286963679158,0.7878271036933946,0.7887577005091174,0.0009305968157228284
0.5460000000000004,0.4951319401715861,0.4958624317324102,0.0007304915608240536,0.7883490748065572,0.7892782872282672,0.0009292124217099573
0.5470000000000004,0.49555290293268206,0.49628335564077086,0.0007304527080888024,0.7888697615821353,0.7897975908207079,0.0009278292385725972
0.5480000000000004,0.4959728300756433,0.4967032422224338,0.0007304121467904823,0.7893891671851799,0.7903156144532216,0.0009264472680416969
0.5490000000000004,0.4963917241486325,0.4971220940341586,0.0007303698855261054,0.7899072947728366,0.7908323612846831,0.0009250665118465395
0.5500000000000004,0.49680958769353306,0.49753991362639494,0.000730325932861875,0.790424147494368,0.7913478344660819,0.0009236869717139662
0.5510000000000004,0.49722642324596555,0.49795670354329863,0.0007302802973330746,0.7909397284911757,0.7918620371405434,0.0009223086493677091
0.5520000000000004,0.4976422333353029,0.498372466322747,0.0007302329874441238,0.7914540408968219,0.792374972443351,0.000920931546529058
0.5530000000000004,0.4980570204846857,0.49878720449635455,0.0007301840116688552,0.7919670878370512,0.7928866435019668,0.0009195556649156389
0.5540000000000004,0.49847078721103844,0.49920092058948873,0.0007301333784502928,0.7924788724298121,0.7933970534360536,0.0009181810062415252
0.5550000000000004,0.4988835360250845,0.49961361712128527,0.0007300810962007631,0.7929893977852783,0.7939062053574963,0.0009168075722180147
0.5560000000000004,0.4992952694313616,0.5000252966046643,0.0007300271733027275,0.7934986670058705,0.7944141023704224,0.0009154353645519642
0.5570000000000004,0.49970598992823756,0.5004359615463448,0.0007299716181072835,0.7940066831862775,0.7949207475712233,0.0009140643849457897
0.5580000000000004,0.5001157000079255,0.5008456144468614,0.0007299144389358858,0.7945134494134773,0.7954261440485754,0.0009126946350980214
0.5590000000000004,0.5005244021564985,0.5012542578005788,0.0007298556440802351,0.7950189687667583,0.795930294883461,0.0009113261167027487
0.5600000000000004,0.5009320988539068,0.5016618940957068,0.0007297952418000575,0.7955232443177397,0.7964332031491888,0.0009099588314490648
0.5610000000000004,0.50133879257399,0.5020685258143174,0.0007297332403273238,0.7960262791303938,0.7969348719114147,0.000908592781020845
0.5620000000000004,0.5017444857844957,0.502474155432358,0.0007296696478622522,0.7965280762610651,0.7974353042281627,0.0009072279670975236
0.5630000000000004,0.5021491809470919,0.502878785419668,0.0007296044725760842,0.7970286387584921,0.7979345031498452,0.000905864391353095
0.5640000000000004,0.5025528805173836,0.5032824182399933,0.0007295377226097521,0.7975279696638271,0.7984324717192827,0.0009045020554555583
0.5650000000000004,0.5029555869449274,0.503685056351002,0.0007294694060746565,0.7980260720106581,0.7989292129717255,0.0009031409610673613
0.5660000000000004,0.5033573026732465,0.5040867022042991,0.0007293995310525547,0.7985229488250284,0.799424729934873,0.0009017811098446238
0.5670000000000004,0.5037580301398461,0.5044873582454418,0.0007293281055956724,0.7990186031254554,0.7999190256288942,0.0009004225034388025
0.5680000000000004,0.5041577717762278,0.5048870269139544,0.0007292551377265921,0.7995130379229533,0.8004121030664474,0.0008990651434941377
0.5690000000000004,0.5045565300079049,0.5052857106433434,0.0007291806354384756,0.8000062562210526,0.8009039652527007,0.0008977090316480973
0.5700000000000004,0.5049543072544171,0.5056834118611124,0.0007291046066952855,0.800498261015819,0.8013946151853517,0.0008963541695327093
0.5710000000000004,0.5053511059293456,0.5060801329887773,0.000729027059431675,0.800989055295875,0.8018840558546473,0.0008950005587722298
0.5720000000000004,0.5057469284403275,0.5064758764418807,0.000728948001553209,0.8014786420424187,0.8023722902434032,0.000893648200984476
0.5730000000000004,0.5061417771890707,0.506870644630007,0.0007288674409362539,0.8019670242292438,0.8028593213270243,0.0008922970977804923
0.5740000000000004,0.5065356545713688,0.5072644399567972,0.00072878538542831,0.8024542048227586,0.8033451520735233,0.0008909472507646621
0.5750000000000004,0.5069285629771159,0.5076572648199638,0.0007287018428479008,0.8029401867820087,0.8038297854435413,0.0008895986615325979
0.5760000000000004,0.5073205047903204,0.508049121611305,0.0007286168209845734,0.8034249730586929,0.8043132243903663,0.000888251331673473
0.5770000000000004,0.5077114823891209,0.5084400127167202,0.0007285303275993416,0.8039085665971841,0.8047954718599531,0.0008869052627690222
0.5780000000000004,0.5081014981457994,0.508829940516224,0.0007284423704245757,0.8043909703345492,0.8052765307909426,0.0008855604563934305
0.5790000000000004,0.5084905544267972,0.5092189073839611,0.0007283529571638914,0.8048721872005683,0.8057564041146804,0.0008842169141121126
0.5800000000000004,0.5088786535927281,0.5096069156882206,0.0007282620954924823,0.805352220117753,0.8062350947552366,0.0008828746374835994
0.5810000000000004,0.5092657979983939,0.509993967791451,0.0007281697930571207,0.8058310720013668,0.806712605629425,0.0008815336280582065
0.5820000000000004,0.5096519899927976,0.5103800660502739,0.0007280760574762679,0.806308745759444,0.8071889396468211,0.0008801938873771453
0.5830000000000004,0.5100372319191596,0.5107652128154999,0.0007279808963402967,0.8067852442928077,0.8076640997097826,0.0008788554169748553
0.5840000000000004,0.5104215261149301,0.5111494104321409,0.0007278843172108251,0.8072605704950895,0.8081380887134663,0.0008775182183767827
0.5850000000000004,0.5108048749118045,0.5115326612394266,0.0007277863276221597,0.8077347272527493,0.8086109095458485,0.0008761822930991592
0.5860000000000004,0.5111872806357376,0.5119149675708177,0.0007276869350800741,0.8082077174450921,0.8090825650877432,0.0008748476426511109
0.5870000000000004,0.5115687456069575,0.5122963317540201,0.0007275861470625866,0.8086795439442884,0.8095530582128203,0.0008735142685318831
0.5880000000000004,0.5119492721399796,0.5126767561109997,0.0007274839710200709,0.8091502096153924,0.810022391787625,0.0008721821722326162
0.5890000000000004,0.5123288625436218,0.5130562429579966,0.0007273804143748119,0.8096197173163602,0.8104905686715957,0.000870851355235569
0.5900000000000004,0.5127075191210173,0.5134347946055389,0.0007272754845215612,0.8100880698980691,0.8109575917170824,0.0008695218190132303
0.5910000000000004,0.5130852441696294,0.513812413358457,0.0007271691888275367,0.8105552702043348,0.8114234637693656,0.0008681935650307615
0.5920000000000004,0.5134620399812655,0.5141891015158979,0.0007270615346324227,0.8110213210719319,0.811888187666674,0.0008668665947421106
0.5930000000000004,0.513837908842091,0.5145648613713393,0.0007269525292482593,0.8114862253306093,0.8123517662402034,0.0008655409095941202
0.5940000000000004,0.5142128530326431,0.5149396952126033,0.0007268421799602187,0.8119499858031113,0.8128142023141344,0.0008642165110230859
0.5950000000000004,0.5145868748278448,0.5153136053218709,0.0007267304940260511,0.8124126053051944,0.8132754987056506,0.0008628934004561994
0.5960000000000004,0.5149599764970196,0.5156865939756954,0.0007266174786757507,0.8128740866456449,0.8137356582249569,0.0008615715793119927
0.5970000000000004,0.5153321603039038,0.5160586634450168,0.0007265031411129996,0.8133344326262987,0.8141946836752971,0.0008602510489984505
0.5980000000000004,0.5157034285066617,0.5164298159951758,0.0007263874885140575,0.8137936460420575,0.8146525778529721,0.0008589318109145649
0.5990000000000004,0.5160737833578988,0.516800053885927,0.0007262705280282056,0.8142517296809083,0.815109343547358,0.0008576138664496691
0.6000000000000004,0.516443227104675,0.5171693793714535,0.0007261522667784126,0.8147086863239397,0.8155649835409231,0.0008562972169834371
0.6010000000000004,0.5168117619885202,0.51753779470038,0.0007260327118597809,0.815164518745361,0.8160195006092468,0.0008549818638857731
0.6020000000000004,0.5171793902454451,0.5179053021157872,0.0007259118703420997,0.8156192297125193,0.8164728975210362,0.0008536678085169225
0.6030000000000004,0.5175461141059579,0.5182719038552256,0.0007257897492677357,0.8160728219859176,0.8169251770381447,0.0008523550522271384
0.6040000000000004,0.5179119357950757,0.5186376021507276,0.000725666355651966,0.8165252983192318,0.8173763419155886,0.000851043596356793
0.6050000000000004,0.5182768575323387,0.519002399228824,0.0007255416964853101,0.8169766614593282,0.8178263949015654,0.000849733442237155
0.6060000000000004,0.5186408815318244,0.5193662973105546,0.0007254157787301985,0.8174269141462827,0.8182753387374708,0.0008484245911881683
0.6070000000000004,0.5190040100021605,0.5197292986114842,0.0007252886093237487,0.8178760591133961,0.8187231761579165,0.0008471170445203402
0.6080000000000004,0.5193662451465377,0.5200914053417146,0.0007251601951768771,0.8183240990872128,0.8191699098907469,0.000845810803534075
0.6090000000000004,0.5197275891627251,0.5204526197058988,0.0007250305431737436,0.8187710367875376,0.8196155426570574,0.0008445058695197849
0.6100000000000004,0.5200880442430813,0.5208129439032543,0.0007248996601729729,0.8192168749274529,0.8200600771712103,0.000843202243757446
0.6110000000000004,0.5204476125745696,0.5211723801275767,0.0007247675530070996,0.8196616162133356,0.8205035161408535,0.0008418999275179306
0.6120000000000004,0.5208062963387703,0.5215309305672532,0.000724634228482901,0.8201052633448763,0.8209458622669362,0.0008405989220598986
0.6130000000000004,0.521164097711894,0.521888597405275,0.0007244996933810643,0.820547819015093,0.8213871182437267,0.0008392992286336831
0.6140000000000004,0.5215210188647956,0.5222453828192526,0.0007243639544569636,0.8209892859103519,0.8218272867588295,0.0008380008484776269
0.6150000000000004,0.5218770619629871,0.5226012889814268,0.0007242270184396604,0.8214296667103805,0.8222663704932021,0.000836703782821524
0.6160000000000004,0.5222322291666501,0.5229563180586838,0.0007240888920336808,0.8218689640882879,0.8227043721211714,0.0008354080328835112
0.6170000000000004,0.5225865226306505,0.5233104722125678,0.0007239495819172381,0.8223071807105805,0.8231412943104517,0.000834113599871178
0.6180000000000004,0.5229399445045506,0.5236637535992936,0.0007238090947430109,0.8227443192371775,0.8235771397221601,0.000832820484982566
0.6190000000000004,0.5232924969326217,0.5240161643697611,0.0007236674371393637,0.8231803823214295,0.8240119110108345,0.0008315286894049478
0.6200000000000004,0.5236441820538585,0.5243677066695668,0.0007235246157082376,0.8236153726101342,0.8244456108244493,0.0008302382143151599
0.6210000000000004,0.5239950020019915,0.5247183826390187,0.00072338063702726,0.8240492927435534,0.8248782418044331,0.0008289490608797134
0.6220000000000004,0.5243449589054994,0.5250681944131481,0.0007232355076487451,0.8244821453554302,0.8253098065856842,0.0008276612302540176
0.6230000000000004,0.5246940548876231,0.5254171441217228,0.0007230892340996942,0.8249139330730045,0.8257403077965876,0.0008263747235830454
0.6240000000000004,0.525042292066378,0.5257652338892607,0.0007229418228826834,0.8253446585170297,0.8261697480590317,0.0008250895420019999
0.6250000000000004,0.5253896725545671,0.5261124658350419,0.0007227932804747539,0.8257743243017898,0.8265981299884245,0.0008238056866347598
0.6260000000000004,0.5257361984597939,0.5264588420731228,0.000722643613328855,0.826202933035115,0.82702545619371,0.0008225231585949899
0.6270000000000004,0.5260818718844749,0.526804364712348,0.0007224928278731779,0.826630487318399,0.8274517292773848,0.0008212419589856967
0.6280000000000004,0.5264266949258529,0.5271490358563635,0.000722340930510601,0.8270569897466147,0.8278769518355138,0.0008199620888991177
0.6290000000000004,0.5267706696760093,0.5274928576036297,0.0007221879276204657,0.8274824429083296,0.8283011264577469,0.0008186835494172762
0.6300000000000004,0.5271137982218772,0.5278358320474341,0.0007220338255569114,0.8279068493857246,0.8287242557273353,0.0008174063416107602
0.6310000000000004,0.5274560826452542,0.5281779612759041,0.0007218786306498748,0.8283302117546072,0.8291463422211475,0.0008161304665402769
0.6320000000000005,0.5277975250228144,0.5285192473720196,0.0007217223492052005,0.8287525325844289,0.8295673885096848,0.0008148559252558751
0.6330000000000005,0.5281381274261217,0.528859692413626,0.0007215649875043084,0.8291738144383022,0.8299873971570985,0.0008135827187962796
0.6340000000000005,0.528477891921642,0.5291992984734467,0.0007214065518047486,0.8295940598730147,0.830406370721205,0.0008123108481903341
0.6350000000000005,0.5288168205707562,0.5295380676190955,0.000721247048339313,0.8300132714390465,0.8308243117535021,0.0008110403144556688
0.6360000000000005,0.5291549154297726,0.5298760019130901,0.0007210864833175901,0.830431451680585,0.8312412227991849,0.0008097711185999223
0.6370000000000005,0.5294921785499391,0.5302131034128638,0.0007209248629246323,0.8308486031355417,0.8316571063971613,0.0008085032616196308
0.6380000000000005,0.5298286119774558,0.5305493741707781,0.0007207621933222885,0.8312647283355681,0.8320719650800688,0.0008072367445006723
0.6390000000000005,0.5301642177534875,0.5308848162341359,0.0007205984806483157,0.831679829806071,0.8324858013742888,0.0008059715682178226
0.6400000000000005,0.5304989979141768,0.5312194316451933,0.0007204337310164899,0.8320939100662276,0.8328986177999635,0.0008047077337359765
0.6410000000000005,0.5308329544906552,0.5315532224411723,0.0007202679505171616,0.832506971629003,0.8333104168710115,0.0008034452420084826
0.6420000000000005,0.5311660895090562,0.5318861906542737,0.0007201011452174777,0.832919017001163,0.8337212010951426,0.0008021840939795855
0.6430000000000005,0.5314984049905278,0.5322183383116885,0.0007199333211607151,0.833330048683293,0.8341309729738741,0.0008009242905810954
0.6440000000000005,0.5318299029512443,0.5325496674356114,0.0007197644843670581,0.8337400691698107,0.834539735002546,0.0007996658327352746
0.6450000000000005,0.532160585402419,0.5328801800432521,0.0007195946408331544,0.8341490809489841,0.834947489670337,0.00079840872135295
0.6460000000000005,0.532490454350316,0.5332098781468484,0.0007194237965324479,0.8345570865029446,0.8353542394602795,0.0007971529573349567
0.6470000000000005,0.5328195117962629,0.5335387637536781,0.00071925195741529,0.8349640883077034,0.835759986849275,0.0007958985415715825
0.6480000000000005,0.5331477597366623,0.5338668388660713,0.0007190791294090504,0.8353700888331674,0.8361647343081094,0.0007946454749420129
0.6490000000000005,0.5334752001630045,0.5341941054814225,0.0007189053184180061,0.835775090543154,0.8365684843014689,0.0007933937583148865
0.6500000000000005,0.5338018350618801,0.5345205655922032,0.0007187305303231195,0.8361790958954065,0.8369712392879546,0.0007921433925480725
0.6510000000000005,0.5341276664149903,0.5348462211859735,0.0007185547709831486,0.8365821073416082,0.8373730017200983,0.0007908943784901146
0.6520000000000005,0.5344526961991609,0.5351710742453947,0.0007183780462337586,0.8369841273274,0.8377737740443768,0.0007896467169767885
0.6530000000000005,0.5347769263863533,0.5354951267482408,0.0007182003618875221,0.8373851582923934,0.8381735587012283,0.0007884004088349883
0.6540000000000005,0.5351003589436764,0.5358183806674116,0.0007180217237352515,0.837785202670186,0.8385723581250669,0.0007871554548809501
0.6550000000000005,0.5354229958333991,0.5361408379709435,0.0007178421375443333,0.8381842628883776,0.8389701747442969,0.0007859118559193634
0.6560000000000005,0.5357448390129624,0.5364625006220224,0.0007176616090599497,0.8385823413685839,0.8393670109813293,0.0007846696127453701
0.6570000000000005,0.53606589043499,0.5367833705789953,0.0007174801440053002,0.8389794405264525,0.8397628692525956,0.0007834287261431205
0.6580000000000005,0.5363861520473017,0.537103449795382,0.000717297748080381,0.8393755627716772,0.8401577519685633,0.0007821891968861072
0.6590000000000005,0.5367056257929244,0.5374227402198881,0.0007171144269637608,0.8397707105080134,0.8405516615337509,0.0007809510257374974
0.6600000000000005,0.5370243136101038,0.5377412437964151,0.0007169301863112487,0.8401648861332919,0.8409446003467421,0.0007797142134502444
0.6610000000000005,0.5373422174323172,0.538058962464074,0.0007167450317567825,0.8405580920394348,0.8413365708002015,0.0007784787607667543
0.6620000000000005,0.5376593391882839,0.538375898157196,0.0007165589689120955,0.8409503306124699,0.8417275752808886,0.000777244668418664
0.6630000000000005,0.5379756808019778,0.5386920528053448,0.0007163720033670495,0.8413416042325452,0.8421176161696731,0.0007760119371278407
0.6640000000000005,0.5382912441926386,0.5390074283333285,0.0007161841406898573,0.8417319152739442,0.8425066958415489,0.0007747805676047159
0.6650000000000005,0.5386060312747845,0.5393220266612103,0.0007159953864258606,0.8421212661051,0.8428948166656498,0.0007735505605498405
0.6660000000000005,0.5389200439582218,0.539635849704322,0.0007158057461001954,0.842509659088609,0.8432819810052634,0.0007723219166544393
0.6670000000000005,0.5392332841480589,0.5399488993732738,0.0007156152252149051,0.842897096581248,0.8436681912178454,0.0007710946365974136
0.6680000000000005,0.5395457537447161,0.5402611775739674,0.0007154238292512716,0.8432835809339857,0.844053449655035,0.0007698687210493382
0.6690000000000005,0.5398574546439379,0.5405726862076067,0.0007152315636688167,0.8436691144920001,0.8444377586626688,0.0007686441706686864
0.6700000000000005,0.5401683887368043,0.5408834271707097,0.0007150384339054128,0.8440536995946901,0.8448211205807951,0.0007674209861049386
0.6710000000000005,0.5404785579097431,0.5411934023551201,0.0007148444453770608,0.8444373385756923,0.8452035377436891,0.0007661991679968061
0.6720000000000005,0.5407879640445394,0.5415026136480192,0.0007146496034797778,0.8448200337628939,0.8455850124798664,0.0007649787169724531
0.6730000000000005,0.5410966090183496,0.5418110629319365,0.0007144539135869321,0.8452017874784475,0.8459655471120979,0.0007637596336503849
0.6740000000000005,0.5414044947037104,0.542118752084762,0.0007142573810515751,0.8455826020387849,0.846345143957424,0.0007625419186391147
0.6750000000000005,0.5417116229685521,0.5424256829797571,0.0007140600112049977,0.8459624797546322,0.8467238053271685,0.0007613255725362755
0.6760000000000005,0.5420179956762086,0.5427318574855665,0.0007138618093579518,0.8463414229310237,0.8471015335269536,0.0007601105959299526
0.6770000000000005,0.5423236146854292,0.5430372774662292,0.000713662780799984,0.8467194338673157,0.8474783308567131,0.0007588969893973507
0.6780000000000005,0.5426284818503905,0.54334194478119,0.0007134629307995466,0.8470965148572009,0.8478541996107074,0.0007576847535064601
0.6790000000000005,0.5429325990207063,0.543645861285311,0.0007132622646046638,0.8474726681887224,0.8482291420775372,0.0007564738888148348
0.6800000000000005,0.5432359680414406,0.5439490288288825,0.0007130607874419326,0.8478478961442877,0.8486031605401575,0.0007552643958698146
0.6810000000000005,0.5435385907531167,0.5442514492576348,0.0007128585045180769,0.8482222010006831,0.848976257275892,0.0007540562752088587
0.6820000000000005,0.5438404689917306,0.544553124412749,0.0007126554210183933,0.8485955850290872,0.8493484345564465,0.0007528495273593228
0.6830000000000005,0.5441416045887602,0.5448540561308683,0.0007124515421081945,0.8489680504950847,0.8497196946479237,0.000751644152839015
0.6840000000000005,0.5444419993711778,0.5451542462441096,0.0007122468729318099,0.8493395996586811,0.8500900398108363,0.0007504401521551962
0.6850000000000005,0.5447416551614607,0.545453696580074,0.0007120414186133628,0.8497102347743155,0.8504594723001216,0.0007492375258061346
0.6860000000000005,0.5450405737776018,0.5457524089618585,0.0007118351842566595,0.8500799580908756,0.8508279943651547,0.0007480362742791069
0.6870000000000005,0.5453387570331218,0.5460503852080669,0.0007116281749450781,0.8504487718517107,0.8511956082497626,0.0007468363980518422
0.6880000000000005,0.545636206737079,0.5463476271328207,0.0007114203957416798,0.8508166782946452,0.8515623161922383,0.0007456378975930766
0.6890000000000005,0.545932924694081,0.5466441365457707,0.0007112118516897636,0.8511836796519932,0.851928120425354,0.0007444407733608882
0.6900000000000005,0.5462289127042952,0.5469399152521073,0.0007110025478120896,0.8515497781505716,0.852293023176375,0.0007432450258033629
0.6910000000000005,0.5465241725634606,0.547234965052572,0.0007107924891113226,0.8519149760117136,0.8526570266670735,0.0007420506553599271
0.6920000000000005,0.5468187060628973,0.5475292877434681,0.0007105816805708098,0.8522792754512831,0.8530201331137425,0.0007408576624593488
0.6930000000000005,0.5471125149895191,0.5478228851166722,0.0007103701271531371,0.8526426786796871,0.8533823447272081,0.0007396660475209593
0.6940000000000005,0.5474056011258425,0.5481157589596444,0.0007101578338019054,0.8530051879018902,0.8537436637128449,0.000738475810954764
0.6950000000000005,0.547697966249999,0.5484079110554394,0.000709944805440399,0.8533668053174279,0.8541040922705885,0.0007372869531605541
0.6960000000000005,0.5479896121357455,0.5486993431827175,0.0007097310469720286,0.8537275331204195,0.8544636325949487,0.0007360994745292393
0.6970000000000005,0.5482805405524744,0.5489900571157557,0.0007095165632812206,0.8540873734995822,0.8548222868750238,0.0007349133754416259
0.6980000000000005,0.5485707532652255,0.5492800546244577,0.0007093013592321951,0.8544463286382444,0.8551800572945134,0.0007337286562689727
0.6990000000000005,0.5488602520346955,0.5495693374743658,0.0007090854396702984,0.8548044007143587,0.8555369460317321,0.0007325453173734342
0.7000000000000005,0.5491490386172495,0.5498579074266703,0.0007088688094207818,0.8551615919005154,0.8558929552596225,0.0007313633591070623
0.7010000000000005,0.5494371147649317,0.5501457662382215,0.0007086514732898008,0.8555179043639558,0.856248087145769,0.0007301827818132489
0.7020000000000005,0.5497244822254757,0.5504329156615401,0.0007084334360644151,0.8558733402665852,0.856602343852411,0.0007290035858257271
0.7030000000000005,0.5500111427423144,0.5507193574448268,0.0007082147025123664,0.8562279017649871,0.8569557275364554,0.0007278257714683489
0.7040000000000005,0.5502970980545929,0.5510050933319747,0.0007079952773817455,0.8565815910104352,0.857308240349491,0.0007266493390558626
0.7050000000000005,0.5505823498971762,0.5512901250625786,0.0007077751654023245,0.8569344101489066,0.857659884437801,0.0007254742888943566
0.7060000000000005,0.5508669000006619,0.551574454371946,0.0007075543712841137,0.8572863613210959,0.8580106619423759,0.0007243006212799274
0.7070000000000005,0.5511507500913893,0.5518580829911076,0.0007073328997183603,0.8576374466624279,0.858360574998927,0.0007231283364991237
0.7080000000000005,0.5514339018914507,0.5521410126468286,0.0007071107553778821,0.8579876683030696,0.8587096257378998,0.0007219574348301672
0.7090000000000005,0.5517163571187019,0.5524232450616174,0.0007068879429155128,0.8583370283679448,0.8590578162844864,0.0007207879165416209
0.7100000000000005,0.5519981174867721,0.5527047819537386,0.0007066644669665445,0.8586855289767457,0.8594051487586386,0.000719619781892944
0.7110000000000005,0.5522791847050744,0.5529856250372214,0.0007064403321469515,0.8590331722439473,0.8597516252750813,0.0007184530311340476
0.7120000000000005,0.5525595604788165,0.5532657760218704,0.0007062155430539452,0.8593799602788185,0.8600972479433254,0.0007172876645069604
0.7130000000000005,0.5528392465090112,0.5535452366132771,0.0007059901042659744,0.8597258951854365,0.86044201886768,0.0007161236822434969
0.7140000000000005,0.5531182444924857,0.5538240085128294,0.0007057640203437243,0.8600709790626989,0.860785940147266,0.000714961084567034
0.7150000000000005,0.5533965561218932,0.5541020934177219,0.0007055372958286732,0.8604152140043373,0.8611290138760286,0.0007137998716912897
0.7160000000000005,0.5536741830857224,0.5543794930209666,0.0007053099352442027,0.8607586020989292,0.8614712421427507,0.0007126400438215441
0.7170000000000005,0.5539511270683081,0.554656209011403,0.0007050819430949318,0.8611011454299106,0.8618126270310649,0.0007114816011543068
0.7180000000000005,0.5542273897498409,0.5549322430737087,0.0007048533238678267,0.8614428460755899,0.8621531706194662,0.0007103245438763173
0.7190000000000005,0.554502972806378,0.5552075968884094,0.0007046240820314242,0.8617837061091586,0.8624928749813258,0.0007091688721672096
0.7200000000000005,0.5547778779098531,0.5554822721318889,0.0007043942220358312,0.8621237275987066,0.8628317421849024,0.0007080145861958487
0.7210000000000005,0.5550521067280866,0.5557562704763999,0.0007041637483132801,0.8624629126072326,0.8631697742933561,0.0007068616861234389
0.7220000000000005,0.5553256609247958,0.5560295935900733,0.0007039326652774625,0.8628012631926582,0.8635069733647599,0.0007057101721017478
0.7230000000000005,0.5555985421596049,0.55630224313693,0.0007037009773250835,0.8631387814078385,0.863843341452113,0.0007045600442744382
0.7240000000000005,0.5558707520880548,0.5565742207768889,0.0007034686888340858,0.8634754693005767,0.8641788806033533,0.0007034113027766242
0.7250000000000005,0.5561422923616139,0.5568455281657786,0.000703235804164648,0.8638113289136362,0.8645135928613696,0.000702263947733428
0.7260000000000005,0.5564131646276873,0.5571161669553468,0.0007030023276595188,0.8641463622847512,0.8648474802640144,0.0007011179792631994
0.7270000000000005,0.5566833705296272,0.5573861387932708,0.0007027682636435717,0.8644805714466416,0.8651805448441159,0.0006999733974742961
0.7280000000000005,0.5569529117067429,0.5576554453231668,0.0007025336164239171,0.864813958427024,0.865512788629491,0.0006988302024669713
0.7290000000000005,0.557221789794311,0.5579240881846007,0.0007022983902896796,0.8651465252486246,0.8658442136429576,0.0006976883943330403
0.7300000000000005,0.5574900064235842,0.5581920690130976,0.0007020625895134414,0.8654782739291902,0.8661748219023464,0.0006965479731562141
0.7310000000000005,0.557757563221803,0.5584593894401519,0.000701826218348911,0.8658092064815033,0.8665046154205139,0.0006954089390106555
0.7320000000000005,0.5580244618122038,0.5587260510932377,0.0007015892810339208,0.8661393249133916,0.8668335962053545,0.0006942712919628669
0.7330000000000005,0.55829070381403,0.5589920555958174,0.0007013517817874293,0.8664686312277411,0.8671617662598123,0.0006931350320712459
0.7340000000000005,0.5585562908425412,0.5592574045673532,0.0007011137248119637,0.8667971274225093,0.8674891275818941,0.0006920001593848646
0.7350000000000005,0.5588212245090232,0.5595220996233159,0.0007008751142927316,0.8671248154907358,0.8678156821646812,0.0006908666739453562
0.7360000000000005,0.5590855064207978,0.5597861423751952,0.0007006359543973995,0.8674516974205557,0.8681414319963414,0.0006897345757856943
0.7370000000000005,0.5593491381812323,0.560049534430509,0.0007003962492766469,0.8677777751952107,0.8684663790601415,0.000688603864930748
0.7380000000000005,0.5596121213897498,0.5603122773928141,0.0007001560030642784,0.8681030507930627,0.8687905253344592,0.0006874745413965044
0.7390000000000005,0.5598744576418384,0.560574372861715,0.0006999152198765568,0.8684275261876035,0.8691138727927954,0.0006863466051918454
0.7400000000000005,0.5601361485290608,0.5608358224328744,0.0006996739038136468,0.8687512033474688,0.8694364234037858,0.000685220056316993
0.7410000000000005,0.5603971956390643,0.5610966276980222,0.0006994320589578384,0.8690740842364497,0.8697581791312134,0.0006840948947637315
0.7420000000000005,0.560657600555591,0.5613567902449658,0.0006991896893747684,0.8693961708135037,0.8700791419340207,0.000682971120516962
0.7430000000000005,0.5609173648584853,0.5616163116575996,0.0006989467991143083,0.869717465032769,0.8703993137663206,0.0006818487335515933
0.7440000000000005,0.5611764901237065,0.5618751935159145,0.000698703392208011,0.8700379688435735,0.8707186965774093,0.000680727733835762
0.7450000000000006,0.5614349779233356,0.5621334373960077,0.0006984594726721083,0.8703576841904483,0.8710372923117781,0.0006796081213297223
0.7460000000000006,0.5616928298255869,0.562391044870092,0.0006982150445050683,0.8706766130131391,0.8713551029091247,0.0006784898959855123
0.7470000000000006,0.561950047394816,0.562648017506506,0.0006979701116899273,0.8709947572466189,0.8716721303043654,0.0006773730577465109
0.7480000000000006,0.5622066321915302,0.5629043568697224,0.0006977246781921798,0.8713121188210978,0.8719883764276477,0.0006762576065498793
0.7490000000000006,0.5624625857723978,0.5631600645203595,0.0006974787479616662,0.8716286996620367,0.8723038432043603,0.0006751435423235641
0.7500000000000006,0.5627179096902575,0.5634151420151888,0.0006972323249313517,0.8719445016901585,0.8726185325551463,0.0006740308649878513
0.7510000000000006,0.5629726054941275,0.5636695909071455,0.000696985413017992,0.8722595268214586,0.8729324463959147,0.0006729195744561434
0.7520000000000006,0.5632266747292155,0.5639234127453376,0.0006967380161221337,0.8725737769672185,0.8732455866378516,0.0006718096706330723
0.7530000000000006,0.5634801189369275,0.5641766090750556,0.0006964901381281141,0.8728872540340158,0.8735579551874321,0.0006707011534162755
0.7540000000000006,0.5637329396548777,0.5644291814377815,0.0006962417829038392,0.8731999599237372,0.8738695539464321,0.0006695940226948416
0.7550000000000006,0.5639851384168972,0.5646811313711988,0.0006959929543015608,0.8735118965335882,0.8741803848119397,0.0006684882783515311
0.7560000000000006,0.5642367167530442,0.564932460409201,0.0006957436561567665,0.8738230657561067,0.874490449676367,0.0006673839202603338
0.7570000000000006,0.564487676189612,0.565183170081902,0.0006954938922899556,0.8741334694791733,0.8747997504274614,0.0006662809482881338
0.7580000000000006,0.5647380182491397,0.5654332619156447,0.0006952436665049744,0.874443109586023,0.875108288948317,0.0006651793622940438
0.7590000000000006,0.5649877444504203,0.5656827374330099,0.0006949929825895707,0.8747519879552569,0.875416067117387,0.0006640791621300712
0.7600000000000006,0.5652368563085108,0.5659315981528269,0.0006947418443160602,0.8750601064608529,0.8757230868084933,0.0006629803476404517
0.7610000000000006,0.5654853553347405,0.5661798455901816,0.0006944902554411048,0.875367466972178,0.8760293498908404,0.0006618829186623154
0.7620000000000006,0.5657332430367208,0.5664274812564262,0.0006942382197053787,0.8756740713539998,0.8763348582290245,0.0006607868750246881
0.7630000000000006,0.5659805209183542,0.5666745066591882,0.0006939857408340133,0.8759799214664963,0.8766396136830463,0.0006596922165500452
0.7640000000000006,0.5662271904798434,0.5669209233023798,0.0006937328225363748,0.8762850191652696,0.876943618108322,0.0006585989430524242
0.7650000000000006,0.5664732532177005,0.5671667326862068,0.0006934794685062862,0.8765893663013542,0.8772468733556943,0.0006575070543400896
0.7660000000000006,0.5667187106247558,0.567411936307178,0.0006932256824222494,0.8768929647212312,0.8775493812714441,0.0006564165502128683
0.7670000000000006,0.5669635641901671,0.5676565356581141,0.0006929714679470012,0.8771958162668376,0.8778511436973016,0.0006553274304639256
0.7680000000000006,0.5672078153994291,0.5679005322281571,0.0006927168287279573,0.8774979227755786,0.8781521624704571,0.0006542396948785445
0.7690000000000006,0.5674514657343812,0.5681439275027789,0.0006924617683976564,0.8777992860803374,0.8784524394235734,0.0006531533432360126
0.7700000000000006,0.567694516673218,0.5683867229637907,0.00069220629057265,0.8780999080094885,0.8787519763847955,0.0006520683753070688
0.7710000000000006,0.567936969690497,0.5686289200893518,0.0006919503988548348,0.8783997903869065,0.8790507751777626,0.0006509847908561239
0.7720000000000006,0.568178826257149,0.568870520353979,0.0006916940968300089,0.8786989350319785,0.8793488376216194,0.0006499025896409272
0.7730000000000006,0.5684200878404848,0.5691115252285549,0.000691437388070093,0.8789973437596156,0.8796461655310267,0.0006488217714111233
0.7740000000000006,0.5686607559042067,0.5693519361803376,0.0006911802761309094,0.8792950183802618,0.8799427607161722,0.0006477423359103618
0.7750000000000006,0.5689008319084154,0.5695917546729691,0.0006909227645536253,0.8795919606999082,0.8802386249827826,0.0006466642828744096
0.7760000000000006,0.5691403173096199,0.5698309821664845,0.0006906648568646423,0.8798881725201009,0.8805337601321336,0.0006455876120327053
0.7770000000000006,0.5693792135607458,0.5700696201173208,0.0006904065565749296,0.8801836556379533,0.8808281679610614,0.0006445123231081373
0.7780000000000006,0.5696175221111444,0.5703076699783255,0.0006901478671811345,0.880478411846158,0.8811218502619734,0.0006434384158153783
0.7790000000000006,0.5698552444066015,0.5705451331987661,0.0006898887921645835,0.8807724429329956,0.8814148088228593,0.0006423658898636608
0.7800000000000006,0.5700923818893462,0.5707820112243382,0.000689629334992059,0.8810657506823475,0.8817070454273019,0.0006412947449544459
0.7810000000000006,0.5703289359980593,0.571018305497175,0.0006893694991156885,0.8813583368737052,0.8819985618544883,0.0006402249807830884
0.7820000000000006,0.5705649081678825,0.5712540174558551,0.0006891092879726113,0.8816502032821818,0.8822893598792201,0.0006391565970382818
0.7830000000000006,0.5708002998304268,0.5714891485354127,0.0006888487049858671,0.8819413516785235,0.8825794412719246,0.0006380895934010589
0.7840000000000006,0.5710351124137814,0.5717237001673446,0.0006885877535632856,0.8822317838291189,0.8828688077986655,0.0006370239695465685
0.7850000000000006,0.5712693473425218,0.5719576737796208,0.0006883264370990405,0.882521501496011,0.8831574612211543,0.000635959725143298
0.7860000000000006,0.5715030060377195,0.5721910707966913,0.0006880647589717626,0.8828105064369072,0.8834454032967598,0.0006348968598526294
0.7870000000000006,0.5717360899169497,0.5724238926394961,0.0006878027225464267,0.8830988004051901,0.88373263577852,0.0006338353733299495
0.7880000000000006,0.5719686003943002,0.5726561407254739,0.0006875403311736861,0.8833863851499287,0.8840191604151518,0.0006327752652230956
0.7890000000000006,0.5722005388803801,0.5728878164685693,0.0006872775881892057,0.883673262415887,0.8843049789510625,0.0006317165351755749
0.7900000000000006,0.5724319067823282,0.5731189212792432,0.0006870144969149949,0.8839594339435386,0.8845900931263598,0.000630659182821236
0.7910000000000006,0.5726627055038218,0.5733494565644802,0.0006867510606584082,0.8842449014690729,0.8848745046768632,0.0006296032077903746
0.7920000000000006,0.5728929364450843,0.5735794237277979,0.0006864872827135882,0.8845296667244081,0.8851582153341132,0.0006285486097050708
0.7930000000000006,0.5731226010028956,0.5738088241692544,0.0006862231663588014,0.8848137314372015,0.8854412268253834,0.0006274953881818535
0.7940000000000006,0.5733517005705981,0.5740376592854582,0.0006859587148601021,0.8850970973308594,0.8857235408736901,0.0006264435428307014
0.7950000000000006,0.5735802365381073,0.5742659304695756,0.0006856939314683341,0.8853797661245478,0.8860051591978028,0.0006253930732549318
0.7960000000000006,0.5738082102919191,0.57449363911134,0.0006854288194209079,0.8856617395332034,0.8862860835122554,0.0006243439790519778
0.7970000000000006,0.5740356232151185,0.5747207865970595,0.000685163381941023,0.8859430192675425,0.8865663155273558,0.0006232962598132774
0.7980000000000006,0.5742624766873878,0.5749473743096261,0.000684897622238223,0.8862236070340737,0.8868458569491967,0.0006222499151230521
0.7990000000000006,0.5744887720850155,0.5751734036285235,0.000684631543508063,0.8865035045351056,0.887124709479666,0.0006212049445604162
0.8000000000000006,0.574714510780904,0.5753988759298363,0.000684365148932331,0.88678271346876,0.8874028748164573,0.0006201613476972678
0.8010000000000006,0.5749396941445782,0.5756237925862576,0.0006840984416793816,0.8870612355289799,0.8876803546530799,0.0006191191241000649
0.8020000000000006,0.5751643235421942,0.5758481549670978,0.0006838314249036914,0.8873390724055403,0.8879571506788695,0.000618078273329159
0.8030000000000006,0.5753884003365469,0.5760719644382926,0.0006835641017456373,0.8876162257840592,0.888233264578998,0.0006170387949387957
0.8040000000000006,0.5756119258870789,0.5762952223624115,0.0006832964753326065,0.8878926973460077,0.8885086980344844,0.00061600068847667
0.8050000000000006,0.5758349015498876,0.5765179300986664,0.0006830285487787746,0.8881684887687193,0.8887834527222044,0.0006149639534850371
0.8060000000000006,0.5760573286777357,0.5767400890029193,0.0006827603251835512,0.8884436017254013,0.8890575303149013,0.0006139285895000457
0.8070000000000006,0.5762792086200565,0.5769617004276909,0.0006824918076343556,0.8887180378851436,0.8893309324811953,0.0006128945960517385
0.8080000000000006,0.5765005427229647,0.577182765722169,0.000682222999204285,0.8889917989129309,0.889603660885595,0.0006118619726640517
0.8090000000000006,0.5767213323292628,0.5774032862322162,0.0006819539029533361,0.8892648864696504,0.8898757171885059,0.0006108307188554818
0.8100000000000006,0.57694157877845,0.5776232633003784,0.0006816845219284051,0.889537302212103,0.8901471030462417,0.0006098008341386407
0.8110000000000006,0.5771612834067303,0.5778426982658931,0.0006814148591627323,0.8898090477930138,0.8904178201110343,0.0006087723180204785
0.8120000000000006,0.5773804475470208,0.5780615924646973,0.0006811449176765683,0.8900801248610424,0.890687870031043,0.0006077451700006176
0.8130000000000006,0.5775990725289586,0.5782799472294359,0.0006808747004772853,0.8903505350607906,0.8909572544503657,0.0006067193895750167
0.8140000000000006,0.5778171596789108,0.5784977638894695,0.0006806042105587107,0.8906202800328157,0.8912259750090481,0.0006056949762324182
0.8150000000000006,0.578034710319981,0.5787150437708827,0.0006803334509016823,0.8908893614136373,0.8914940333430941,0.0006046719294567904
0.8160000000000006,0.5782517257720178,0.5789317881964923,0.0006800624244744924,0.8911577808357494,0.8917614310844755,0.0006036502487261064
0.8170000000000006,0.5784682073516232,0.5791479984858545,0.0006797911342313334,0.8914255399276296,0.892028169861142,0.0006026299335123442
0.8180000000000006,0.5786841563721596,0.5793636759552746,0.0006795195831149625,0.891692640313749,0.8922942512970313,0.0006016109832823746
0.8190000000000006,0.5788995741437595,0.5795788219178135,0.000679247774054037,0.8919590836145822,0.8925596770120792,0.0006005933974969624
0.8200000000000006,0.579114461973331,0.5797934376832962,0.0006789757099651128,0.8922248714466166,0.8928244486222283,0.0005995771756117652
0.8210000000000006,0.5793288211645683,0.5800075245583198,0.0006787033937515341,0.8924900054223628,0.8930885677394397,0.0005985623170768894
0.8220000000000006,0.5795426530179577,0.5802210838462617,0.0006784308283039886,0.8927544871503648,0.8933520359717009,0.0005975488213361135
0.8230000000000006,0.5797559588307863,0.5804341168472869,0.0006781580165005074,0.8930183182352084,0.8936148549230372,0.0005965366878287748
0.8240000000000006,0.57996873989715,0.5806466248583567,0.0006778849612066873,0.893281500277532,0.8938770261935202,0.0005955259159882154
0.8250000000000006,0.580180997507961,0.5808586091732358,0.0006776116652748021,0.8935440348740356,0.8941385513792788,0.0005945165052432255
0.8260000000000006,0.5803927329509555,0.5810700710825011,0.0006773381315455795,0.8938059236174918,0.8943994320725075,0.0005935084550157121
0.8270000000000006,0.5806039475107019,0.5812810118735486,0.0006770643628467576,0.894067168096754,0.8946596698614774,0.0005925017647233632
0.8280000000000006,0.5808146424686088,0.5814914328306017,0.0006767903619928628,0.8943277698967664,0.8949192663305451,0.0005914964337786488
0.8290000000000006,0.5810248191029321,0.5817013352347192,0.0006765161317870971,0.8945877305985752,0.8951782230601626,0.0005904924615873774
0.8300000000000006,0.5812344786887829,0.581910720363803,0.0006762416750201172,0.8948470517793352,0.8954365416268868,0.0005894898475515831
0.8310000000000006,0.5814436224981359,0.5821195894926051,0.000675966994469257,0.8951057350123222,0.8956942236033895,0.0005884885910673043
0.8320000000000006,0.5816522517998362,0.5823279438927369,0.0006756920929007482,0.895363781866941,0.8959512705584662,0.0005874886915252509
0.8330000000000006,0.5818603678596077,0.5825357848326755,0.0006754169730678328,0.8956211939087347,0.8962076840570466,0.0005864901483119134
0.8340000000000006,0.5820679719400603,0.5827431135777723,0.0006751416377119845,0.8958779726993963,0.8964634656602035,0.0005854929608072323
0.8350000000000006,0.5822750653006982,0.5829499313902602,0.0006748660895620207,0.8961341197967754,0.8967186169251623,0.0005844971283869294
0.8360000000000006,0.5824816491979266,0.5831562395292614,0.0006745903313348789,0.8963896367548891,0.8969731394053108,0.000583502650421619
0.8370000000000006,0.58268772488506,0.5833620392507957,0.0006743143657356176,0.8966445251239321,0.8972270346502086,0.0005825095262764757
0.8380000000000006,0.5828932936123299,0.5835673318077869,0.0006740381954569719,0.8968987864502845,0.8974803042055964,0.0005815177553119
0.8390000000000006,0.5830983566268921,0.5837721184500715,0.000673761823179353,0.8971524222765223,0.8977329496134054,0.0005805273368831854
0.8400000000000006,0.5833029151728337,0.5839764004244061,0.0006734852515724032,0.8974054341414264,0.8979849724117669,0.0005795382703405183
0.8410000000000006,0.5835069704911819,0.5841801789744745,0.0006732084832925533,0.8976578235799922,0.8982363741350216,0.0005785505550293113
0.8420000000000006,0.5837105238199107,0.5843834553408956,0.0006729315209849096,0.8979095921234387,0.8984871563137286,0.0005775641902898698
0.8430000000000006,0.5839135763939485,0.5845862307612313,0.00067265436728281,0.8981607412992172,0.8987373204746748,0.0005765791754576144
0.8440000000000006,0.5841161294451855,0.5847885064699934,0.0006723770248078242,0.8984112726310219,0.8989868681408854,0.0005755955098634136
0.8450000000000006,0.584318184202482,0.5849902836986512,0.0006720994961691984,0.8986611876387985,0.899235800831631,0.0005746131928324738
0.8460000000000006,0.5845197418916748,0.5851915636756401,0.0006718217839652985,0.8989104878387524,0.8994841200624388,0.0005736322236864488
0.8470000000000006,0.5847208037355844,0.5853923476263669,0.0006715438907825,0.8991591747433597,0.8997318273451008,0.0005726526017411082
0.8480000000000006,0.5849213709540242,0.5855926367732196,0.0006712658191954102,0.8994072498613754,0.8999789241876832,0.0005716743263077806
0.8490000000000006,0.5851214447638062,0.5857924323355732,0.0006709875717669789,0.8996547146978431,0.9002254120945357,0.0005706973966925766
0.8500000000000006,0.5853210263787489,0.585991735529798,0.0006707091510490537,0.8999015707541027,0.9004712925663008,0.0005697218121980541
0.8510000000000006,0.5855201170096849,0.5861905475692667,0.000670430559581825,0.9001478195278008,0.9007165670999223,0.0005687475721215529
0.8520000000000006,0.5857187178644678,0.5863888696643615,0.0006701517998937145,0.9003934625129002,0.9009612371886555,0.0005677746757553059
0.8530000000000006,0.5859168301479801,0.5865867030224823,0.0006698728745021532,0.9006385011996882,0.9012053043220751,0.000566803122386883
0.8540000000000006,0.58611445506214,0.5867840488480528,0.0006695937859128032,0.9008829370747847,0.9014487699860851,0.0005658329113004124
0.8550000000000006,0.586311593805909,0.5869809083425293,0.0006693145366202247,0.9011267716211535,0.9016916356629274,0.0005648640417739159
0.8560000000000006,0.586508247575299,0.5871772827044066,0.0006690351291076535,0.9013700063181096,0.9019339028311915,0.000563896513081863
0.8570000000000007,0.5867044175633795,0.5873731731292268,0.0006687555658472233,0.9016126426413286,0.9021755729658224,0.0005629303244938377
0.8580000000000007,0.5869001049602852,0.5875685808095849,0.0006684758492996323,0.9018546820628559,0.9024166475381303,0.0005619654752744285
0.8590000000000007,0.5870953109532229,0.5877635069351373,0.0006681959819144767,0.9020961260511151,0.9026571280158,0.0005610019646848929
0.8600000000000007,0.5872900367264786,0.5879579526926086,0.0006679159661300282,0.9023369760709172,0.9028970158628986,0.0005600397919813815
0.8610000000000007,0.5874842834614251,0.5881519192657991,0.0006676358043740116,0.90257723358347,0.9031363125398857,0.000559078956415715
0.8620000000000007,0.5876780523365288,0.5883454078355912,0.0006673554990623831,0.9028169000463863,0.9033750195036211,0.0005581194572348291
0.8630000000000007,0.5878713445273571,0.5885384195799578,0.000667075052600663,0.9030559769136932,0.9036131382073748,0.0005571612936815518
0.8640000000000007,0.5880641612065853,0.5887309556739685,0.0006667944673831583,0.9032944656358399,0.9038506701008351,0.0005562044649951581
0.8650000000000007,0.5882565035440037,0.5889230172897971,0.0006665137457934067,0.903532367659708,0.9040876166301176,0.0005552489704095942
0.8660000000000007,0.5884483727065253,0.5891146055967291,0.0006662328902038439,0.9037696844286197,0.9043239792377742,0.0005542948091544764
0.8670000000000007,0.5886397698581918,0.5893057217611678,0.0006659519029760252,0.904006417382345,0.9045597593628016,0.0005533419804566453
0.8680000000000007,0.5888306961601819,0.5894963669466425,0.0006656707864606259,0.9042425679571138,0.9047949584406505,0.0005523904835367244
0.8690000000000007,0.5890211527708171,0.5896865423138153,0.0006653895429982182,0.9044781375856216,0.9050295779032337,0.0005514403176121174
0.8700000000000007,0.5892111408455698,0.5898762490204874,0.0006651081749176058,0.9047131276970395,0.9052636191789353,0.0005504914818957873
0.8710000000000007,0.5894006615370697,0.5900654882216074,0.0006648266845377115,0.9049475397170224,0.9054970836926192,0.0005495439755968112
0.8720000000000007,0.5895897159951109,0.5902542610692774,0.0006645450741664671,0.9051813750677182,0.9057299728656381,0.0005485977979198253
0.8730000000000007,0.5897783053666588,0.59044256871276,0.000664263346101257,0.9054146351677764,0.9059622881158416,0.000547652948065136
0.8740000000000007,0.5899664307958574,0.5906304122984862,0.0006639815026288076,0.9056473214323557,0.9061940308575853,0.0005467094252296079
0.8750000000000007,0.5901540934240362,0.5908177929700613,0.0006636995460250761,0.9058794352731332,0.9064252025017392,0.0005457672286059978
0.8760000000000007,0.5903412943897165,0.5910047118682726,0.0006634174785561386,0.9061109780983142,0.9066558044556963,0.0005448263573820666
0.8770000000000007,0.5905280348286189,0.5911911701310959,0.0006631353024769693,0.9063419513126386,0.9068858381233813,0.0005438868107426886
0.8780000000000007,0.5907143158736703,0.591377168893703,0.000662853020032661,0.9065723563173907,0.9071153049052588,0.0005429485878680751
0.8790000000000007,0.5909001386550099,0.5915627092884674,0.0006625706334575376,0.9068021945104083,0.9073442061983427,0.0005420116879343295
0.8800000000000007,0.5910855042999976,0.591747792444973,0.0006622881449753759,0.9070314672860892,0.9075725433962032,0.0005410761101140027
0.8810000000000007,0.5912704139332192,0.5919324194900192,0.0006620055567999605,0.9072601760354013,0.907800317888977,0.0005401418535756486
0.8820000000000007,0.591454868676494,0.5921165915476292,0.0006617228711351952,0.9074883221458901,0.9080275310633743,0.0005392089174841574
0.8830000000000007,0.5916388696488819,0.5923003097390558,0.0006614400901738815,0.907715907001689,0.9082541843026883,0.0005382773009993125
0.8840000000000007,0.5918224179666894,0.5924835751827885,0.0006611572160990509,0.9079429319835242,0.9084802789868032,0.0005373470032790095
0.8850000000000007,0.5920055147434773,0.5926663889945609,0.0006608742510836318,0.9081693984687262,0.9087058164922024,0.0005364180234761484
0.8860000000000007,0.5921881610900664,0.5928487522873567,0.0006605911972902279,0.9083953078312377,0.9089307981919771,0.0005354903607394101
0.8870000000000007,0.5923703581145453,0.5930306661714169,0.0006603080568715614,0.90862066144162,0.9091552254558348,0.0005345640142148111
0.8880000000000007,0.5925521069222763,0.5932121317542463,0.0006600248319699187,0.9088454606670638,0.9093790996501074,0.0005336389830435939
0.8890000000000007,0.5927334086159026,0.5933931501406208,0.0006597415247181493,0.909069706871396,0.9096024221377598,0.0005327152663637813
0.8900000000000007,0.5929142642953547,0.5935737224325932,0.0006594581372385555,0.909293401415088,0.9098251942783976,0.0005317928633096214
0.8910000000000007,0.5930946750578572,0.593753849729501,0.0006591746716437807,0.9095165456552646,0.9100474174282763,0.0005308717730116985
0.8920000000000007,0.5932746419979354,0.593933533127972,0.0006588911300365874,0.9097391409457118,0.9102690929403084,0.0005299519945966003
0.8930000000000007,0.5934541662074224,0.5941127737219318,0.0006586075145094128,0.9099611886368849,0.9104902221640732,0.0005290335271882496
0.8940000000000007,0.593633248775465,0.5942915726026102,0.0006583238271452574,0.9101826900759176,0.9107108064458231,0.0005281163699055735
0.8950000000000007,0.5938118907885301,0.5944699308585478,0.0006580400700176847,0.9104036466066292,0.9109308471284936,0.0005272005218643905
0.8960000000000007,0.593990093330413,0.5946478495756026,0.0006577562451896002,0.9106240595695325,0.9111503455517103,0.0005262859821777433
0.8970000000000007,0.5941678574822415,0.5948253298369565,0.0006574723547149164,0.9108439303018431,0.9113693030517973,0.0005253727499542338
0.8980000000000007,0.594345184322485,0.5950023727231221,0.0006571884006371098,0.911063260137487,0.9115877209617859,0.0005244608242989113
0.8990000000000007,0.5945220749269586,0.5951789793119494,0.0006569043849907752,0.9112820504071079,0.9118056006114219,0.0005235502043140494
0.9000000000000007,0.5946985303688317,0.5953551506786321,0.0006566203098004042,0.9115003024380766,0.9120229433271745,0.0005226408890979251
0.9010000000000007,0.5948745517186331,0.5955308878957143,0.0006563361770811627,0.9117180175544984,0.9122397504322434,0.0005217328777449293
0.9020000000000007,0.5950501400442585,0.5957061920330969,0.0006560519888384464,0.9119351970772206,0.9124560232465678,0.0005208261693472327
0.9030000000000007,0.5952252964109761,0.5958810641580441,0.0006557677470679923,0.912151842323842,0.9126717630868341,0.00051992076299201
0.9040000000000007,0.5954000218814334,0.5960555053351899,0.0006554834537565446,0.9123679546087196,0.9128869712664837,0.0005190166577641042
0.9050000000000007,0.595574317515664,0.596229516626545,0.0006551991108809663,0.9125835352429759,0.9131016490957211,0.00051811385274525
0.9060000000000007,0.5957481843710939,0.5964030990915026,0.0006549147204086836,0.9127985855345091,0.9133157978815223,0.0005172123470131851
0.9070000000000007,0.5959216235025473,0.5965762537868453,0.000654630284298019,0.9130131067880004,0.913529418927642,0.0005163121396415393
0.9080000000000007,0.5960946359622536,0.5967489817667514,0.0006543458044977468,0.9132271003049193,0.913742513534622,0.0005154132297027214
0.9090000000000007,0.596267222799854,0.5969212840828012,0.0006540612829472048,0.9134405673835353,0.9139550829997994,0.000514515616264144
0.9100000000000007,0.5964393850624069,0.597093161783984,0.0006537767215770707,0.9136535093189233,0.914167128617314,0.0005136192983906662
0.9110000000000007,0.5966111237943953,0.5972646159167031,0.0006534921223078083,0.9138659274029729,0.9143786516781162,0.0005127242751432615
0.9120000000000007,0.5967824400377326,0.597435647524784,0.0006532074870513327,0.9140778229243948,0.9145896534699749,0.0005118305455801275
0.9130000000000007,0.596953334831769,0.5976062576494793,0.0006529228177102331,0.9142891971687286,0.9148001352774858,0.0005109381087572418
0.9140000000000007,0.5971238092132978,0.5977764473294759,0.0006526381161781059,0.914500051418353,0.9150100983820786,0.0005100469637255856
0.9150000000000007,0.5972938642165617,0.5979462176009007,0.0006523533843389995,0.9147103869524914,0.9152195440620253,0.0005091571095339198
0.9160000000000007,0.5974635008732592,0.5981155694973275,0.0006520686240683027,0.9149202050472194,0.9154284735924476,0.0005082685452282298
0.9170000000000007,0.5976327202125508,0.5982845040497826,0.0006517838372318563,0.9151295069754742,0.9156368882453246,0.0005073812698503932
0.9180000000000007,0.5978015232610647,0.5984530222867518,0.0006514990256870634,0.9153382940070616,0.9158447892895012,0.0005064952824396229
0.9190000000000007,0.5979699110429044,0.5986211252341864,0.0006512141912820013,0.9155465674086624,0.9160521779906949,0.0005056105820325785
0.9200000000000007,0.5981378845796531,0.5987888139155093,0.0006509293358561985,0.915754328443842,0.9162590556115047,0.0005047271676626996
0.9210000000000007,0.5983054448903815,0.598956089351621,0.0006506444612395246,0.9159615783730575,0.9164654234114171,0.0005038450383596516
0.9220000000000007,0.5984725929916532,0.5991229525609065,0.0006503595692533004,0.9161683184536651,0.9166712826468155,0.0005029641931504347
0.9230000000000007,0.5986393298975305,0.5992894045592412,0.0006500746617106312,0.9163745499399275,0.916876634570987,0.0005020846310594962
0.9240000000000007,0.5988056566195817,0.5994554463599965,0.0006497897404147412,0.916580274083022,0.91708148043413,0.0005012063511079523
0.9250000000000007,0.5989715741668862,0.5996210789740473,0.0006495048071610832,0.9167854921310477,0.9172858214833615,0.0005003293523138108
0.9260000000000007,0.599137083546041,0.5997863034097763,0.0006492198637353397,0.9169902053290333,0.9174896589627258,0.0004994536336925259
0.9270000000000007,0.5993021857611671,0.5999511206730822,0.0006489349119150889,0.9171944149189446,0.9176929941132013,0.0004985791942566653
0.9280000000000007,0.5994668818139148,0.6001155317673841,0.0006486499534692491,0.9173981221396923,0.9178958281727079,0.0004977060330155769
0.9290000000000007,0.5996311727034707,0.6002795376936286,0.000648364990157968,0.9176013282271389,0.918098162376115,0.0004968341489760553
0.9300000000000007,0.5997950594265631,0.6004431394502957,0.0006480800237326223,0.9178040344141071,0.9182999979552485,0.0004959635411414531
0.9310000000000007,0.5999585429774683,0.6006063380334046,0.0006477950559362622,0.9180062419303865,0.9185013361388991,0.0004950942085125698
0.9320000000000007,0.600121624348017,0.6007691344365199,0.000647510088502945,0.918207952002741,0.918702178152829,0.0004942261500879841
0.9330000000000007,0.6002843045275992,0.6009315296507579,0.0006472251231587345,0.9184091658549167,0.9189025252197796,0.0004933593648628332
0.9340000000000007,0.6004465845031715,0.6010935246647922,0.0006469401616207016,0.9186098847076496,0.9191023785594793,0.0004924938518297006
0.9350000000000007,0.6006084652592623,0.6012551204648602,0.0006466552055979236,0.9188101097786718,0.9193017393886502,0.0004916296099783946
0.9360000000000007,0.600769947777978,0.6014163180347688,0.000646370256790818,0.9190098422827203,0.9195006089210163,0.0004907666382959475
0.9370000000000007,0.600931033039009,0.6015771183559001,0.0006460853168911429,0.9192090834315436,0.9196989883673105,0.0004899049357668384
0.9380000000000007,0.6010917220196357,0.6017375224072182,0.0006458003875825513,0.919407834433909,0.9198968789352817,0.0004890445013726596
0.9390000000000007,0.6012520156947341,0.6018975311652747,0.0006455154705405919,0.9196060964956102,0.920094281829703,0.0004881853340927833
0.9400000000000007,0.601411915036782,0.6020571456042139,0.0006452305674318204,0.9198038708194752,0.9202911982523779,0.00048732743290269553
0.9410000000000007,0.6015714210158651,0.6022163666957803,0.0006449456799151321,0.9200011586053725,0.9204876294021485,0.00048647079677599514
0.9420000000000007,0.6017305345996823,0.6023751954093233,0.0006446608096409845,0.9201979610502172,0.9206835764749025,0.00048561542468528174
0.9430000000000007,0.6018892567535519,0.6025336327118033,0.0006443759582513975,0.9203942793479826,0.9208790406635804,0.00048476131559782587
0.9440000000000007,0.6020475884404176,0.6026916795677982,0.0006440911273806194,0.9205901146897036,0.921074023158183,0.00048390846847934377
0.9450000000000007,0.6022055306208542,0.6028493369395086,0.0006438063186543497,0.9207854682634844,0.9212685251457784,0.00048305688229399735
0.9460000000000007,0.6023630842530734,0.6030066057867636,0.0006435215336901834,0.9209803412545076,0.9214625478105093,0.0004822065560017297
0.9470000000000007,0.6025202502929294,0.6031634870670275,0.0006432367740980549,0.9211747348450385,0.9216560923336001,0.00048135748856159566
0.9480000000000007,0.6026770296939254,0.6033199817354048,0.0006429520414793499,0.9213686502144358,0.9218491598933647,0.0004805096789288754
0.9490000000000007,0.6028334234072186,0.6034760907446459,0.0006426673374273495,0.9215620885391553,0.9220417516652126,0.0004796631260572948
0.9500000000000007,0.6029894323816261,0.6036318150451541,0.0006423826635280072,0.9217550509927595,0.9222338688216569,0.00047881782889747093
0.9510000000000007,0.6031450575636312,0.6037871555849897,0.0006420980213585059,0.921947538745924,0.9224255125323215,0.0004779737863975786
0.9520000000000007,0.6033002998973889,0.6039421133098775,0.0006418134124885899,0.9221395529664439,0.9226166839639475,0.000477130997503572
0.9530000000000007,0.6034551603247309,0.6040966891632108,0.0006415288384798989,0.9223310948192416,0.9228073842804008,0.000476289461159185
0.9540000000000007,0.6036096397851727,0.6042508840860586,0.0006412443008859681,0.9225221654663736,0.922997614642679,0.0004754491763054869
0.9550000000000007,0.603763739215918,0.6044046990171708,0.0006409598012527828,0.9227127660670379,0.923187376208919,0.0004746101418811044
0.9560000000000007,0.6039174595518649,0.6045581348929834,0.0006406753411184463,0.9229028977775807,0.9233766701344033,0.0004737723568225549
0.9570000000000007,0.604070801725612,0.6047111926476252,0.0006403909220131787,0.9230925617515036,0.9235654975715673,0.0004729358200636913
0.9580000000000007,0.6042237666674632,0.6048638732129229,0.0006401065454596511,0.9232817591394699,0.9237538596700066,0.000472100530536701
0.9590000000000007,0.6043763553054342,0.6050161775184064,0.0006398222129722075,0.9234704910893125,0.9239417575764834,0.00047126648717099595
0.9600000000000007,0.6045285685652573,0.6051681064913156,0.000639537926058309,0.923658758746041,0.9241291924349344,0.0004704336888934346
0.9610000000000007,0.6046804073703878,0.6053196610566045,0.0006392536862167564,0.9238465632518474,0.9243161653864769,0.0004696021346294321
0.9620000000000007,0.6048318726420089,0.6054708421369486,0.0006389694949396896,0.9240339057461153,0.9245026775694158,0.0004687718233005178
0.9630000000000007,0.6049829652990378,0.6056216506527489,0.0006386853537110326,0.9242207873654236,0.9246887301192515,0.00046794275382788797
0.9640000000000007,0.6051336862581312,0.6057720875221384,0.0006384012640071601,0.9244072092435555,0.9248743241686853,0.0004671149251298523
0.9650000000000007,0.6052840364336908,0.6059221536609878,0.0006381172272970081,0.9245931725115059,0.9250594608476278,0.000466288336121945
0.9660000000000007,0.6054340167378685,0.6060718499829101,0.0006378332450416302,0.9247786782974862,0.9252441412832045,0.00046546298571836786
0.9670000000000007,0.6055836280805724,0.6062211773992676,0.0006375493186951964,0.9249637277269336,0.9254283665997638,0.0004646388728302142
0.9680000000000007,0.6057328713694723,0.606370136819176,0.0006372654497036612,0.9251483219225151,0.9256121379188829,0.00046381599636780013
0.9690000000000007,0.6058817475100049,0.606518729149511,0.0006369816395060957,0.9253324620041377,0.9257954563593751,0.0004629943552374449
0.9700000000000008,0.6060302574053795,0.6066669552949135,0.0006366978895340214,0.9255161490889515,0.9259783230372967,0.0004621739483451348
0.9710000000000008,0.6061784019565835,0.6068148161577945,0.0006364142012110774,0.9256993842913592,0.9261607390659533,0.0004613547745940805
0.9720000000000008,0.6063261820623878,0.6069623126383421,0.0006361305759543523,0.9258821687230225,0.9263427055559074,0.00046053683288482805
0.9730000000000008,0.6064735986193521,0.6071094456345248,0.0006358470151727191,0.9260645034928673,0.9265242236149841,0.00045972012211681346
0.9740000000000008,0.6066206525218307,0.6072562160420993,0.0006355635202686116,0.9262463897070919,0.9267052943482789,0.0004589046411869191
0.9750000000000008,0.6067673446619779,0.6074026247546139,0.0006352800926360258,0.9264278284691735,0.9268859188581636,0.00045809038899014
0.9760000000000008,0.6069136759297529,0.6075486726634157,0.0006349967336628515,0.9266088208798743,0.9270660982442935,0.0004572773644192507
0.9770000000000008,0.6070596472129255,0.6076943606576547,0.0006347134447292069,0.9267893680372489,0.9272458336036139,0.00045646556636502744
0.9780000000000008,0.6072052593970816,0.6078396896242896,0.0006344302272079938,0.9269694710366503,0.927425126030367,0.00045565499371669205
0.9790000000000008,0.607350513365629,0.6079846604480938,0.0006341470824648976,0.9271491309707364,0.9276039766160982,0.00045484564536180105
0.9800000000000008,0.6074954099998016,0.60812927401166,0.0006338640118583871,0.9273283489294788,0.9277823864496627,0.0004540375201839142
0.9810000000000008,0.6076399501786653,0.6082735311954056,0.00063358101674027,0.9275071260001655,0.9279603566172329,0.00045323061706736834
0.9820000000000008,0.6077841347791244,0.6084174328775793,0.0006332980984549152,0.9276854632674112,0.9281378882023041,0.00045242493489294766
0.9830000000000008,0.607927964675925,0.6085609799342643,0.0006330152583392534,0.9278633618131616,0.9283149822857018,0.00045162047254010407
0.9840000000000008,0.6080714407416618,0.6087041732393854,0.0006327324977236648,0.9280408227167009,0.9284916399455874,0.0004508172288865131
0.9850000000000008,0.6082145638467822,0.6088470136647138,0.0006324498179316462,0.9282178470546584,0.9286678622574659,0.00045001520280751883
0.9860000000000008,0.6083573348595932,0.6089895020798722,0.000632167220279034,0.928394435901015,0.9288436502941914,0.0004492143931763559
0.9870000000000008,0.6084997546462649,0.6091316393523404,0.0006318847060754473,0.9285705903271092,0.9290190051259745,0.0004484147988652598
0.9880000000000008,0.6086418240708371,0.6092734263474598,0.0006316022766227336,0.928746311401644,0.929193927820388,0.00044761641874402347
0.9890000000000008,0.6087835439952238,0.6094148639284404,0.0006313199332165231,0.9289216001906927,0.9293684194423741,0.00044681925168144065
0.9900000000000008,0.6089249152792183,0.6095559529563637,0.0006310376771453408,0.9290964577577068,0.9295424810542507,0.00044602329654397366
0.9910000000000008,0.6090659387804993,0.6096966942901901,0.0006307555096908279,0.9292708851635215,0.9297161137157175,0.00044522855219597535
0.9920000000000008,0.6092066153546352,0.609837088786763,0.0006304734321278538,0.9294448834663621,0.9298893184838626,0.0004444350175004663
0.9930000000000008,0.60934694585509,0.6099771373008138,0.0006301914457238489,0.9296184537218506,0.9300620964131694,0.00044364269131880185
0.9940000000000008,0.6094869311332274,0.6101168406849683,0.0006299095517409148,0.9297915969830123,0.9302344485555224,0.00044285157251011675
0.9950000000000008,0.6096265720383178,0.6102561997897502,0.0006296277514323823,0.9299643143002818,0.9304063759602141,0.0004420616599323246
0.9960000000000008,0.6097658694175412,0.6103952154635879,0.0006293460460466971,0.9301366067215092,0.930577879673951,0.00044127295244178466
0.9970000000000008,0.6099048241159941,0.6105338885528189,0.0006290644368247555,0.9303084752919677,0.9307489607408603,0.00044048544889263574
0.9980000000000008,0.6100434369766942,0.6106722199016946,0.0006287829250004595,0.9304799210543582,0.9309196202024957,0.0004396991481375734
0.9990000000000008,0.6101817088405845,0.6108102103523864,0.0006285015118018267,0.9306509450488167,0.9310898590978447,0.00043891404902796083
1.0000000000000007,0.6103196405465402,0.6109478607449897,0.0006282201984495472,0.9308215483129207,0.9312596784633338,0.0004381301504130519
