t,Q_num,Q_exact,Q_error,tau_num,tau_exact,tau_error
0.0,0.0,1.7109754533829183e-09,1.7109754533829183e-09,0.0,0.0010132097255838083,0.0010132097255838083
0.0010000000000000002,0.0019500000000000006,0.0019524233569023495,2.423356902348916e-06,0.03000000000000001,0.03568248232305536,0.005682482323055352
0.0020000000000000005,0.0038600000000000015,0.0038654329321587614,5.432932158759996e-06,0.04400000000000001,0.050462650440403226,0.006462650440403214
0.003000000000000001,0.005746000000000003,0.005752784510704942,6.784510704939406e-06,0.056400000000000006,0.061803872323710395,0.005403872323710389
0.004000000000000001,0.007611200000000002,0.0076193868552205555,8.186855220553534e-06,0.06624000000000001,0.07136496464611092,0.0051249646461109105
0.005000000000000001,0.009458800000000002,0.009468076959464503,9.276959464501675e-06,0.07512000000000002,0.07978845608028645,0.004668456080286432
0.006000000000000001,0.011290464000000004,0.01130076900442088,1.0305004420877242e-05,0.08300160000000001,0.08740387444736628,0.004402274447366267
0.007000000000000001,0.013107651200000004,0.013118868239042623,1.1217039042618962e-05,0.09027648000000002,0.09440697438826291,0.0041304943882628925
0.008000000000000002,0.014911390720000004,0.014923463457271207,1.2072737271202547e-05,0.09700044800000002,0.10092530088080634,0.003924852880806323
0.009000000000000003,0.016702564224000006,0.016715430636369807,1.2866412369801766e-05,0.1033120512,0.10704744696916631,0.0037353957691663026
0.010000000000000004,0.01848187724800001,0.018495494443872502,1.3617195872492327e-05,0.10926136319999999,0.11283791670955118,0.003576553509551189
0.011000000000000005,0.02024993997312001,0.020264267386673532,1.4327413553522766e-05,0.11491225292800003,0.11834540545406387,0.00343315252606384
0.012000000000000005,0.02200727105945601,0.022022276085641043,1.50050261850318e-05,0.12030050058240001,0.12360774464742061,0.003307244065020601
0.013000000000000006,0.023754326619545615,0.023769979659371835,1.56530398262196e-05,0.12546172514304005,0.12865501965161366,0.003193294508573613
0.014000000000000007,0.02549150742863874,0.025507783026833323,1.6275598194583768e-05,0.13042083962880002,0.13351162356249088,0.0030907839336908605
0.015000000000000008,0.02721917164523522,0.02723604680422914,1.6875158993921724e-05,0.13520040431616004,0.13819765978853418,0.002997255472374144
0.016000000000000007,0.028937640578514966,0.02895509484176568,1.7454263250712976e-05,0.13981808378511362,0.14272992929222164,0.0029118455071080185
0.017000000000000008,0.03064720530532436,0.03066522007835016,1.8014773025799846e-05,0.14428939883347972,0.1471226436021926,0.0028332447687128837
0.01800000000000001,0.032348130747637455,0.032366689168290795,1.8558420653340402e-05,0.14862724186492113,0.15138795132120958,0.0027607094562884515
0.01900000000000001,0.034040659581934585,0.03405974619264431,1.9086610709727336e-05,0.15284289722092093,0.15553633450087515,0.0026934372799542194
0.02000000000000001,0.0357250150706533,0.035744615675717954,1.960060506465272e-05,0.1569460546935718,0.15957691216057315,0.0026308574670013407
0.02100000000000001,0.03740140358590047,0.03742150506557866,2.0101479678194534e-05,0.16094524580820266,0.16351767622932512,0.002572430421122457
0.022000000000000013,0.03907001660085509,0.03909060679516127,2.059019430618314e-05,0.16484794931763724,0.16736567743768016,0.002517728120042917
0.023000000000000013,0.0407310324210665,0.040752100010981056,2.106758991455432e-05,0.16866080808903466,0.17112717355495807,0.002466365465923409
0.024000000000000014,0.042384617616355286,0.042406152035368405,2.1534419013119477e-05,0.17238972895566365,0.17480774889473255,0.0024180199390688994
0.025000000000000015,0.044030928260817545,0.044052919612823975,2.1991352006429932e-05,0.17604000587246252,0.1784124116152771,0.0023724057428145817
0.026000000000000016,0.04567011098717867,0.045692549979831944,2.2438992653271705e-05,0.17961639717685982,0.18194567365868922,0.002329276481829401
0.027000000000000017,0.04730230390402465,0.04732518178903914,2.2877885014489785e-05,0.18312320288947645,0.185411616971131,0.0022884140816545606
0.028000000000000018,0.04892763738983037,0.04895094591234288,2.3308522512505148e-05,0.18656432150553118,0.18881394877652596,0.002249627270994786
0.02900000000000002,0.05054623478890383,0.05056996614255688,2.3731353653050347e-05,0.18994330197064063,0.19215604803731715,0.002212746066676513
0.03000000000000002,0.05215821302164489,0.05218235980955318,2.414678790828989e-05,0.1932633851146661,0.19544100476116807,0.0021776196465019826
0.03100000000000002,0.053763683123731844,0.05378823832383422,2.4555200102374664e-05,0.1965275402621579,0.19867165345562016,0.0021441131934622493
0.03200000000000002,0.05536275072367182,0.05538770765817101,2.4956934499192895e-05,0.19973849571395294,0.20185060176161268,0.0021121060476597397
0.03300000000000002,0.05695551646798322,0.056980868776093645,2.535230811042538e-05,0.20289876539070387,0.2049802550887772,0.002081489698073341
0.03400000000000002,0.05854207640088606,0.05856781801454683,2.5741613660770768e-05,0.20601067157046934,0.20806283791440278,0.0020521663439334314
0.035000000000000024,0.06012252230473632,0.06014864742682874,2.612512209242135e-05,0.2090763647593509,0.21110041228223492,0.002024047522884015
0.036000000000000025,0.061696942006179506,0.061723445090959825,2.650308478031882e-05,0.21209784091304532,0.21409489393832615,0.0019970530252808316
0.037000000000000026,0.06326541965239221,0.06329229538783955,2.6875735447337568e-05,0.21507695654894196,0.2170480664626961,0.0019711099137541266
0.03800000000000003,0.06482803596103598,0.06485527925289122,2.7243291855244545e-05,0.21801544198566705,0.21996159369290647,0.001946151707239413
0.03900000000000003,0.06638486844707306,0.06641247440436092,2.7605957287860083e-05,0.22091491302619504,0.22283703068530722,0.0019221176591121825
0.04000000000000003,0.06793599162911684,0.06796395555098138,2.7963921864535002e-05,0.22377688127880943,0.2256758334189841,0.001898952140174659
0.04100000000000003,0.06948147721763757,0.06950979458133981,2.831736370223492e-05,0.22660276331848306,0.22847936741429944,0.0018766040958163865
0.04200000000000003,0.07102139428702098,0.07105006073697147,2.866644995049017e-05,0.22939388883602715,0.2312489154108261,0.0018550265747989403
0.04300000000000003,0.07255580943322071,0.07258482077093432,2.9011337713616414e-05,0.23215150791286096,0.2339856842271761,0.0018341763143151502
0.04400000000000003,0.07408478691851786,0.0741141390933942,2.9352174876345893e-05,0.2348767975306568,0.236690810906808,0.0018140133761511967
0.04500000000000003,0.07560838880471328,0.07563807790555623,2.9689100842944516e-05,0.23757086741342212,0.23936536823860013,0.0017945008251780137
0.046000000000000034,0.07712667507591409,0.077156697323118,3.0022247203914665e-05,0.24023476528286875,0.24201036972821574,0.0017756044453469955
0.047000000000000035,0.07863970375193705,0.07867005549027169,3.035173833464133e-05,0.24286948159797464,0.24462677408559136,0.0017572924876167184
0.048000000000000036,0.08014753099323094,0.08017820868516952,3.067769193858261e-05,0.24547595383894588,0.24721548928489812,0.0017395354459522339
0.04900000000000004,0.08165021119811672,0.08168121141765401,3.100021953729437e-05,0.24805507038812263,0.2497773762457187,0.001722305857596057
0.05000000000000004,0.08314779709305342,0.08317911651996952,3.131942691610157e-05,0.2506076740530926,0.25231325217775474,0.0017055781246621549
0.05100000000000004,0.08464033981656048,0.08467197523109093,3.163541453045371e-05,0.25313456527154676,0.25482389362589974,0.0016893283543529813
0.05200000000000004,0.08612788899735813,0.08615983727523184,3.1948277873714015e-05,0.2556365050322657,0.2573100392478388,0.0016735342155730915
0.05300000000000004,0.08761049282722838,0.08764275093504452,3.225810781613825e-05,0.2581142175423676,0.2597723923523337,0.0016581748099661064
0.05400000000000004,0.08908819812904645,0.08912076311995902,3.256499091257303e-05,0.2605683926672179,0.2622116232229133,0.0016432305556954296
0.05500000000000004,0.09056105042038676,0.09059391943007339,3.286900968663131e-05,0.2629996881662244,0.2646283712487239,0.0016286830824995269
0.05600000000000004,0.09202909397306686,0.09206226421595672,3.3170242889860035e-05,0.26540873174498797,0.2670232468817368,0.0016145151367488175
0.057000000000000044,0.09349237186895701,0.09352584063469885,3.346876574183977e-05,0.267796122941893,0.26939683343728626,0.0016007104953932871
0.058000000000000045,0.09495092605235125,0.09498469070250229,3.37646501510358e-05,0.27016243486515923,0.27174968875298894,0.0015872538878297093
0.059000000000000045,0.0964047973791679,0.09643885534408594,3.4057964918038364e-05,0.27250821579456913,0.27408234671940707,0.0015741309248379354
0.060000000000000046,0.09785402566322213,0.09788837443914758,3.434877592545238e-05,0.2748339906605186,0.2763953186943617,0.001561328033843068
0.06100000000000005,0.09929864971979108,0.09933328686610265,3.463714631157799e-05,0.2771402624116641,0.27868909481150667,0.001548832399842548
0.06200000000000005,0.10073870740667198,0.10077363054330606,3.492313663407132e-05,0.279427513281231,0.2809641451926558,0.0015366319114247795
0.06300000000000004,0.10217423566291628,0.10220944246793665,3.520680502036577e-05,0.2816962059609949,0.28322092107235824,0.0015247151113633173
0.06400000000000004,0.10360527054540598,0.10364075875271495,3.548820730896185e-05,0.2839467846910093,0.285459855842349,0.0015130711513396955
0.06500000000000004,0.10503184726342504,0.10506761466060564,3.576739718059996e-05,0.2861796762723363,0.2876813660227251,0.0015016897503887794
0.06600000000000004,0.10645400021136497,0.1064900446376461,3.604442628112048e-05,0.28839529100930394,0.2898858521660191,0.0014905611567151422
0.06700000000000005,0.10787176299969255,0.10790808234402942,3.631934433687145e-05,0.29059402358717434,0.29207369969973596,0.001479676112561612
0.06800000000000005,0.10928516848429709,0.10932176068355907,3.659219926198387e-05,0.2927762538905313,0.29424527971237746,0.0014690258218461594
0.06900000000000005,0.11069424879432475,0.11073111183158461,3.6863037259859954e-05,0.2949423477671899,0.2964009496875062,0.0014586019203162714
0.07000000000000005,0.11209903535859939,0.11213616726151804,3.7131902918652315e-05,0.29709265774197496,0.29854105418997146,0.0014483964479964917
0.07100000000000005,0.11349955893072125,0.11353695777002165,3.7398839300401e-05,0.29922752368431293,0.3006659255080358,0.0014384018237228458
0.07200000000000005,0.11489584961292773,0.11493351350095342,3.7663888025687986e-05,0.30134727343321993,0.30277588425480517,0.0014286108215852411
0.07300000000000005,0.1162879368787943,0.11632586396814702,3.7927089352726706e-05,0.3034522233829449,0.3048712399320581,0.0014190165491131945
0.07400000000000005,0.11767584959484728,0.11771403807710112,3.8188482253842526e-05,0.3055426790322341,0.3069522914592931,0.0014096124270590038
0.07500000000000005,0.11905961604115536,0.11909806414564024,3.844810448487557e-05,0.3076189354999291,0.3090193276705705,0.001400392170641418
0.07600000000000005,0.1204392639309615,0.12047796992361513,3.870599265363983e-05,0.3096812780093669,0.3110726277815027,0.001391349772135786
0.07700000000000005,0.12181482042941238,0.12185378261169538,3.896218228299775e-05,0.31172998234384713,0.31311246182854235,0.0013824794846952204
0.07800000000000006,0.123186312171439,0.12322552887931026,3.9216707871270184e-05,0.313765315275238,0.315139091082546,0.0013737758073080197
0.07900000000000006,0.12455376527883702,0.1245932348817861,3.946960294907986e-05,0.315787534967617,0.31715276843841766,0.001365233470800642
0.08000000000000006,0.1259172053765939,0.12595692627672758,3.97209001336829e-05,0.31779689135769373,0.3191537387824977,0.0013568474248039641
0.08100000000000006,0.1272766576085044,0.12731662823968473,3.997063118033051e-05,0.31979362651361337,0.321142239339222,0.0013486128256086083
0.08200000000000006,0.12863214665211567,0.12867236547914623,4.0218827030563675e-05,0.32177797497361743,0.3231184999984594,0.0013405250248419431
0.08300000000000006,0.12998369673303772,0.13002416225089658,4.046551785885644e-05,0.32375016406591767,0.3250827436248202,0.0013325795589025358
0.08400000000000006,0.13133133163865518,0.13137204237177091,4.0710733115734143e-05,0.3257104142110349,0.32703518635013396,0.0013247721390990397
0.08500000000000006,0.13267507473127205,0.1327160292328419,4.095450156985092e-05,0.32765893920775846,0.3289760378501965,0.0013170986424380637
0.08600000000000006,0.13401494896072014,0.134056145812067,4.119685134687523e-05,0.3295959465037949,0.33090550160680726,0.0013095551030123387
0.08700000000000006,0.13535097687645908,0.13539241468642607,4.143780996698765e-05,0.3315216374520889,0.33282377515603956,0.0013021377039506565
0.08800000000000006,0.1366831806391952,0.13672485804357537,4.167740438015821e-05,0.3334362075537342,0.33473105032361616,0.0012948427698819542
0.08900000000000007,0.13801158203204364,0.1380534976930431,4.19156609994531e-05,0.33533984668831956,0.336627513448203,0.0012876667598834546
0.09000000000000007,0.13933620247125675,0.13937835507698954,4.215260573278701e-05,0.3372327393324929,0.3385133455933638,0.001280606260870898
0.09100000000000007,0.14065706301654168,0.1406994512805542,4.238826401251061e-05,0.3391150647674748,0.3403887227488824,0.00127365798140755
0.09200000000000007,0.14197418438098652,0.142016807041811,4.262266082447064e-05,0.3409869972761954,0.34225381602209093,0.001266818745895515
0.09300000000000007,0.14328758694061522,0.14333044276134893,4.2855820733711525e-05,0.34284870633068626,0.3441087918198129,0.00126008548912665
0.09400000000000007,0.1445972907435888,0.14464037851149897,4.30877679101771e-05,0.344700356770309,0.34595381202147557,0.0012534552511665464
0.09500000000000007,0.14590331551907026,0.14594663404522243,4.331852615216403e-05,0.34654210897136994,0.3477890341439179,0.0012469251725479302
0.09600000000000007,0.1472056806857695,0.14724922880467844,4.354811890894261e-05,0.34837411900862186,0.3496146114983768,0.0012404924897549408
0.09700000000000007,0.14850440536018228,0.14854818192948377,4.377656930149021e-05,0.35019653880913415,0.3514306933401069,0.001234154530972753
0.09800000000000007,0.14979950836453906,0.1498435122646812,4.400390014214217e-05,0.3520095162989649,0.35323742501105676,0.0012279087120918852
0.09900000000000007,0.15109100823447588,0.15113523836842915,4.4230133953271356e-05,0.3538131955430521,0.3550349480759942,0.0012217525329420997
0.10000000000000007,0.15237892322644053,0.15242337851942472,4.4455292984191264e-05,0.3556077168787078,0.3568234004524542,0.0012156835737464067
0.10100000000000008,0.15366327132484575,0.15370795072407317,4.467939922742081e-05,0.3573932170430734,0.3586029165348503,0.0012096994917769055
0.10200000000000008,0.15494407024898105,0.15498897272341491,4.4902474433866635e-05,0.3591698292948761,0.3603736273130753,0.001203798018199198
0.10300000000000008,0.15622133745969358,0.15626646199982042,4.512454012683964e-05,0.3609376835307959,0.36213566048589135,0.0011979769550954367
0.10400000000000008,0.15749509016584787,0.15754043578346247,4.534561761460054e-05,0.3626969063967456,0.363889140569395,0.0011922341726493535
0.10500000000000008,0.1587653453305749,0.15881091105857806,4.556572800315517e-05,0.36444762139433295,0.3656341890008197,0.0011865676064867214
0.10600000000000008,0.16003211967731834,0.1600779045695247,4.578489220635751e-05,0.3661899489827684,0.367370924237928,0.0011809752551595887
0.10700000000000008,0.16129542969568744,0.1613414328266447,4.600313095726172e-05,0.36792400667645997,0.3690994618542231,0.0011754551777631295
0.10800000000000008,0.16255529164712423,0.1626015121119413,4.622046481705944e-05,0.3696499091385231,0.3708199146302024,0.0011700054916793379
0.10900000000000008,0.16381172157039287,0.16385815848457594,4.6436914183073386e-05,0.3713677682704196,0.37253239264085575,0.0011646243704361292
0.11000000000000008,0.16506473528689802,0.1651113877861959,4.665249929788895e-05,0.37307769329792684,0.37423700333960475,0.0011593100416779079
0.11100000000000008,0.16631434840583992,0.16636121564609577,4.6867240255848985e-05,0.3747797908536257,0.37593385163886234,0.0011540607852366103
0.11200000000000009,0.16756057632921206,0.16760765748622125,4.70811570091878e-05,0.37647416505608533,0.37762303998738506,0.001148874931299726
0.11300000000000009,0.1688034342566477,0.1688507285260223,4.729426937458148e-05,0.37816091758591086,0.37930466844457844,0.0011437508586675804
0.11400000000000009,0.17004293719012162,0.1700904437871595,4.750659703789406e-05,0.3798401477588132,0.3809788347519074,0.0011386869930942178
0.11500000000000009,0.17127909993851215,0.1713268180980713,4.771815955914582e-05,0.3815119525958456,0.3826456344015528,0.0011336818057072207
0.11600000000000009,0.1725119371220291,0.17255986609840535,4.79289763762325e-05,0.38317642689094894,0.38430516070245047,0.0011287338115015255
0.11700000000000009,0.17374146317651307,0.17378960224332207,4.813906680900537e-05,0.3848336632759371,0.38595750484383856,0.0011238415679014624
0.11800000000000009,0.1749676923576097,0.1750160408076714,4.834845006171373e-05,0.38648375228304305,0.38760275595643157,0.001119003673388519
0.11900000000000009,0.17619063874482516,0.17623919589005163,4.855714522647436e-05,0.3881267824051471,0.38924100117133575,0.0011142187661886682
0.12000000000000009,0.17741031624546577,0.17745908141675043,4.876517128465929e-05,0.3897628401537917,0.39087232567681085,0.0011094855230191492
0.1210000000000001,0.17862673859846717,0.17867571114557648,4.897254710931054e-05,0.39139201011509267,0.3924968127729786,0.0011048026578859282
0.1220000000000001,0.17983991937811572,0.17988909866958197,4.917929146625033e-05,0.3930143750036404,0.39411454392457307,0.001100168920932676
0.1230000000000001,0.18104987199766728,0.1810992574206825,4.938542301521909e-05,0.3946300157144837,0.3957255988118235,0.001095583097339814
0.1240000000000001,0.18225660971286592,0.18230620067317685,4.959096031093013e-05,0.39623901137328876,0.3973300553795518,0.001091044006263031
0.12500000000000008,0.1834601456253666,0.18350994154716965,4.979592180304193e-05,0.3978414393847482,0.3989279898845681,0.0010865504998199271
0.12600000000000008,0.18466049268606513,0.18471049301190182,5.0000325836685455e-05,0.3994373754793255,0.40051947694143664,0.0010821014621111291
0.12700000000000009,0.18585766369833806,0.18590786788899039,5.02041906523254e-05,0.40102689375840556,0.40210458956668643,0.0010776958082808763
0.12800000000000009,0.18705167132119627,0.18710207885558172,5.0407534385454866e-05,0.40261006673791855,0.40368339922153407,0.001073332483615519
0.1290000000000001,0.18824252807235448,0.1882931384474203,5.0610375065818225e-05,0.4041869653905117,0.4052559758531811,0.0010690104626694397
0.1300000000000001,0.1894302463312199,0.18948105906183713,5.0812730617216806e-05,0.4057576591863203,0.4068223879347507,0.001064728748430388
0.1310000000000001,0.19061483834180254,0.1906658529606585,5.1014618855954597e-05,0.40732221613240954,0.4083827025039152,0.0010604863715056312
0.1320000000000001,0.19179631621554938,0.19184753227303972,5.121605749033864e-05,0.4088807028109325,0.4099369852002782,0.0010562823893457418
0.1330000000000001,0.19297469193410555,0.19302610899822464,5.141706411909697e-05,0.41043318441606536,0.4114853003015535,0.0010521158854881474
0.1340000000000001,0.19414997735200412,0.19420159500823428,5.161765623015735e-05,0.4119797247897683,0.41302771075859784,0.0010479859688295456
0.1350000000000001,0.19532218419928726,0.19537400205048647,5.181785119920401e-05,0.4135203864564177,0.4145642782293401,0.0010438917729224118
0.1360000000000001,0.19649132408406053,0.19654334175034857,5.2017666288040054e-05,0.41505523065635885,0.4160950631116518,0.0010398324552929328
0.1370000000000001,0.1976574084949827,0.19770962561362573,5.2217118643033134e-05,0.41658431737842033,0.4176201245752035,0.001035807196783145
0.1380000000000001,0.19882044880369276,0.19887286502898613,5.241622529336687e-05,0.41810770539143255,0.4191395205923445,0.0010318152009119452
0.1390000000000001,0.19998045626717637,0.2000330712703254,5.261500314904244e-05,0.419625452274789,0.42065330796804573,0.0010278556932567517
0.1400000000000001,0.2011374420300731,0.2011902554990724,5.281346899929651e-05,0.4211376144480857,0.42216154236894077,0.0010239279208550944
0.1410000000000001,0.20229141712692697,0.2023444287664378,5.301163951082488e-05,0.42264424719987853,0.4236642783515017,0.0010200311516231908
0.1420000000000001,0.2034423924843808,0.20349560201560604,5.320953122522898e-05,0.424145404715588,0.42516156938937955,0.0010161646737915642
0.1430000000000001,0.20459037892331752,0.20464378608387557,5.34071605580444e-05,0.4256411401045849,0.4266534678999446,0.001012327795359702
0.1440000000000001,0.20573538716094852,0.20578899170474432,5.360454379579882e-05,0.4271315054264894,0.42814002527005196,0.0010085198435625387
0.1450000000000001,0.20687742781285173,0.2069312295099463,5.3801697094568723e-05,0.4286165517167076,0.4296212918810653,0.001004740164357698
0.1460000000000001,0.20801651139495986,0.20807051003143806,5.399863647820302e-05,0.43009632901124034,0.4310973171331621,0.001000988121921731
0.1470000000000001,0.20915264832550118,0.20920684370333711,5.419537783593609e-05,0.43157088637078417,0.43256814946894906,0.0009972630981648911
0.1480000000000001,0.21028584892689356,0.21034024086381417,5.4391936920611395e-05,0.433040271904154,0.43403383639641,0.000993564492256016
0.1490000000000001,0.21141612342759308,0.2114707117569401,5.4588329347016185e-05,0.4345045327910484,0.43549442451121323,0.0009898917201648372
0.1500000000000001,0.21254348196389894,0.21259826653448846,5.478457058952224e-05,0.43596371530418454,0.4369499595183961,0.0009862442142115624
0.1510000000000001,0.21366793458171507,0.21372291525769574,5.498067598067036e-05,0.43741786483082007,0.438400486253452,0.0009826214226319463
0.1520000000000001,0.2147894912382709,0.21484466789897996,5.517666070906091e-05,0.4388670258936858,0.43984604870284094,0.0009790228091551278
0.1530000000000001,0.21590816180380057,0.2159635343436186,5.537253981802159e-05,0.44031124217135037,0.4412866900239387,0.0009754478525883514
0.1540000000000001,0.21702395606318398,0.217079524391387,5.556832820302615e-05,0.44175055651803113,0.4427224525644485,0.0009718960464173421
0.1550000000000001,0.21813688371754825,0.2181926477581594,5.576404061116702e-05,0.44318501098287627,0.4441533778812901,0.0009683668984138416
0.1560000000000001,0.21924695438583275,0.2193029140774712,5.595969163846304e-05,0.4446146468287299,0.44557950675898517,0.0009648599302552463
0.1570000000000001,0.22035417760631745,0.2204103329020465,5.615529572905453e-05,0.4460395045503997,0.44700087922755444,0.000961374677154736
0.1580000000000001,0.22145856283811594,0.22151491370528908,5.635086717314941e-05,0.44745962389244504,0.4484175345799421,0.0009579106874970655
0.1590000000000001,0.22256011946263382,0.22261666588274004,5.654642010621824e-05,0.4488750438664957,0.4498295113889857,0.0009544675224900101
0.16000000000000011,0.2236588567849939,0.22371559875350058,5.6741968506690554e-05,0.45028580276812147,0.4512368475239398,0.0009510447558183088
0.16100000000000012,0.22475478403542842,0.2248117215616242,5.693752619578829e-05,0.45169193819326475,0.4526395801665758,0.0009476419733110419
0.16200000000000012,0.22584791037063962,0.22590504347747467,5.713310683505557e-05,0.4530934870542469,0.4540377458268627,0.0009442587726157803
0.16300000000000012,0.22693824487512892,0.22699557359905506,5.732872392613664e-05,0.45449048559536886,0.4554313803582485,0.0009408947628796183
0.16400000000000012,0.22802579656249655,0.22808332095330583,5.752439080927707e-05,0.4558829694081083,0.45682051897255077,0.0009375495644424747
0.16500000000000012,0.2291105743767108,0.22916829449737283,5.772012066201926e-05,0.4572709734459363,0.4582051962544685,0.0009342228085321702
0.16600000000000012,0.23019258719334945,0.23025050311984835,5.79159264988971e-05,0.4586545320387567,0.4595854461757297,0.0009309141369729934
0.16700000000000012,0.2312718438208125,0.23132995564198236,5.811182116985392e-05,0.4600336789069827,0.4609613021088812,0.0009276232018984865
0.16800000000000012,0.23234835300150808,0.23240666081886766,5.830781735957635e-05,0.46140844717526336,0.4623327968407339,0.0009243496654705585
0.16900000000000012,0.23342212341301116,0.2334806273405984,5.850392758724454e-05,0.4627788693858659,0.46369996258547447,0.0009210931996085914
0.17000000000000012,0.23449316366919726,0.2345518638334021,5.8700164204839034e-05,0.4641449775117267,0.46506283099745094,0.0009178534857242626
0.17100000000000012,0.23556148232134955,0.23562037886074716,5.8896539397612635e-05,0.46550680296918145,0.46642143318364254,0.0009146302144610874
0.17200000000000013,0.23662708785924247,0.23668618092442528,5.909306518281365e-05,0.46686437663038066,0.46777579971582334,0.0009114230854426753
0.17300000000000013,0.23768998871220037,0.23774927846560961,5.928975340924181e-05,0.4682177288353999,0.4691259606424282,0.0009082318070282591
0.17400000000000013,0.2387501932501332,0.23880967986589033,5.948661575713721e-05,0.4695668894040597,0.47047194550012916,0.0009050560960694454
0.17500000000000013,0.23980770978454896,0.23986739344828673,5.9683663737764014e-05,0.4709118876474505,0.47181378332513046,0.0009018956776799536
0.17600000000000013,0.2408625465695438,0.24092242747823653,5.988090869271656e-05,0.47225275237918474,0.47315150266419015,0.0008987502850054119
0.17700000000000013,0.2419147118027704,0.24197479016456475,6.007836179433568e-05,0.4735895119263743,0.4744851315853763,0.0008956196590020338
0.17800000000000013,0.24296421362638504,0.24302448966043014,6.027603404509807e-05,0.47492219414034487,0.47581469768856427,0.0008925035482194033
0.17900000000000013,0.24401106012797358,0.2440715340642512,6.0473936277616325e-05,0.4762508264070923,0.4771402281156825,0.0008894017085901984
0.18000000000000013,0.24505525934145744,0.24511593142061236,6.067207915491646e-05,0.477575435657491,0.47846174956071413,0.0008863139032231349
0.18100000000000013,0.24609681924797983,0.2461576897211498,6.087047316996608e-05,0.47889604837725624,0.47977928827946037,0.0008832399022041248
0.18200000000000013,0.24713574777677205,0.24719681690541806,6.106912864600744e-05,0.48021269061667293,0.48109287009907187,0.0008801794823989351
0.18300000000000013,0.24817205280600174,0.2482333208617385,6.126805573675176e-05,0.4815253880000918,0.4824025204273549,0.000877132427263061
0.18400000000000014,0.2492057421636018,0.24926720942802882,6.146726442701755e-05,0.48283416573520155,0.48370826426185887,0.0008740985266573187
0.18500000000000014,0.250236823628082,0.2502984903926141,6.166676453212006e-05,0.48413904862208346,0.4850101261987482,0.0008710775766647694
0.18600000000000014,0.25126530492932275,0.25132717149502143,6.18665656986761e-05,0.48544006106205173,0.48630813044146864,0.0008680693794169136
0.18700000000000014,0.2522911937493515,0.25235326042675654,6.206667740504823e-05,0.48673722706628925,0.48760230080920763,0.0008650737429183875
0.18800000000000014,0.2533144977231023,0.2533767648320643,6.226710896195531e-05,0.48803057026427743,0.488892660745161,0.0008620904808835927
0.18900000000000014,0.2543352244391601,0.2543976923086723,6.246786951219496e-05,0.48932011391203384,0.49017923332460395,0.0008591194125701085
0.19000000000000014,0.2553533814404868,0.25541605040851895,6.266896803214239e-05,0.490605880900155,0.49146204126277643,0.0008561603626214276
0.19100000000000014,0.2563689762251342,0.25643184663846574,6.287041333152832e-05,0.4918878937616736,0.4927411069225856,0.0008532131609120253
0.19200000000000014,0.2573820162469397,0.2574450884609945,6.307221405482677e-05,0.4931661746797336,0.4940164523221296,0.0008502776423959801
0.19300000000000014,0.2583925089162083,0.2584557832948896,6.327437868131058e-05,0.49444074549508793,0.4952880991420489,0.0008473536469609799
0.19400000000000014,0.25940046160037933,0.2594639385159054,6.347691552605061e-05,0.49571162771342303,0.4965560687327069,0.0008444410192838814
0.19500000000000015,0.26040588162467937,0.26046956145741984,6.367983274047084e-05,0.4969788425125142,0.49782038212120727,0.0008415396086930982
0.19600000000000015,0.26140877627276093,0.26147265941107467,6.388313831373615e-05,0.49824241074921854,0.4990810600182493,0.0008386492690307668
0.19700000000000015,0.2624091527873278,0.26247323962740043,6.408684007264132e-05,0.49950235296630396,0.5003381228248267,0.0008357698585227391
0.19800000000000015,0.2634070183707467,0.2634713093164305,6.429094568377591e-05,0.5007586893991248,0.5015915906387737,0.0008329012396488533
0.19900000000000015,0.264402380185647,0.26446687564829996,6.449546265296924e-05,0.5020114399821448,0.5028414832611613,0.0008300432790164791
0.20000000000000015,0.26539524535550607,0.2654599457538335,6.470039832745522e-05,0.5032606243553069,0.5040878202025486,0.0008271958472416685
0.20100000000000015,0.2663856209652238,0.26645052672512004,6.490575989626102e-05,0.504506261870265,0.5053306206890924,0.0008243588188273643
0.20200000000000015,0.2673735140616843,0.26743862561607584,6.511155439153926e-05,0.5057483715964669,0.5065699036685163,0.0008215320720493802
0.20300000000000015,0.26835893165430547,0.2684242494429948,6.531778868934524e-05,0.5069869723271042,0.5078056878159474,0.000818715488843158
0.20400000000000015,0.2693418807155781,0.2694074051850887,6.552446951063606e-05,0.5082220825849239,0.5090379915396188,0.000815908954694966
0.20500000000000015,0.27032236818159205,0.2703880997850152,6.573160342315809e-05,0.5094537206279096,0.5102668329864446,0.0008131123585349842
0.20600000000000016,0.27130040095255314,0.2713663401493946,6.593919684144689e-05,0.510681904454835,0.511492230047469,0.0008103255926340536
0.20700000000000016,0.2722759858932877,0.2723421331493167,6.614725602899219e-05,0.5119066518106903,0.5127142003631917,0.0008075485525014248
0.20800000000000016,0.2732491298337377,0.2733154856208366,6.635578709884848e-05,0.5131279801919864,0.513932761328775,0.0008047811367886126
0.20900000000000016,0.2742198395694449,0.27428640436545987,6.656479601496734e-05,0.5143459068519421,0.5151479300991336,0.0008020232471914746
0.21000000000000016,0.2751881218620249,0.2752548961506187,6.677428859380719e-05,0.5155604488055491,0.5163597235939098,0.0007992747883607265
0.21100000000000016,0.27615398343963204,0.2762209677101369,6.698427050483291e-05,0.5167716228345295,0.5175681585023372,0.0007965356678076851
0.21200000000000016,0.2771174309974138,0.2771846257446863,6.719474727245878e-05,0.5179794454921773,0.5187732512879961,0.0007938057958187805
0.21300000000000016,0.27807847119795626,0.27814587692223347,6.740572427721414e-05,0.5191839331080931,0.5199750181934633,0.0007910850853701801
0.21400000000000016,0.27903711067172,0.279104727878477,6.761720675702021e-05,0.5203851017928129,0.5211734752448556,0.0007883734520426344
0.21500000000000016,0.2799933560174678,0.2800611852172762,6.782919980841129e-05,0.5215829674423318,0.5223686382562752,0.0007856708139434287
0.21600000000000016,0.2809472138026823,0.2810152555110699,6.80417083875895e-05,0.5227775457425288,0.5235605228341542,0.0007829770916254475
0.21700000000000016,0.2818986905639761,0.28196694530128874,6.82547373126452e-05,0.5239688521734907,0.5247491443815026,0.0007802922080119012
0.21800000000000017,0.28284779280749295,0.2829162610987573,6.846829126433418e-05,0.5251569020137401,0.5259345181020617,0.0007776160883216088
0.21900000000000017,0.28379452700930097,0.2838632093840884,6.86823747874099e-05,0.5263417103443694,0.527116659004367,0.0007749486599976096
0.22000000000000017,0.28473889961577736,0.2848077966080696,6.889699229223334e-05,0.5275232920530833,0.5282955819057185,0.0007722898526351107
0.22100000000000017,0.2856809170439859,0.2857500291920421,6.911214805621624e-05,0.5287016618381486,0.5294713014360646,0.0007696395979159831
0.22200000000000017,0.2866205856820461,0.28668991352827117,6.93278462250424e-05,0.5298768342122604,0.5306438320418002,0.0007669978295398172
0.22300000000000017,0.28755791188949564,0.28762745598030975,6.954409081411095e-05,0.5310488235063179,0.5318131879894793,0.0007643644831614171
0.22400000000000017,0.28849290199764427,0.2885626628833546,6.976088571031269e-05,0.5322176438731197,0.5329793833694465,0.000761739496326852
0.22500000000000017,0.289425562309922,0.28949554054459486,6.99782346728628e-05,0.5333833092909757,0.534142432099389,0.0007591228084133927
0.22600000000000017,0.29035589910221893,0.2904260952435542,7.019614133529917e-05,0.5345458335672384,0.5353023479278092,0.0007565143605707814
0.22700000000000017,0.2912839186232189,0.2913543332324259,7.041460920698128e-05,0.5357052303417579,0.5364591444374204,0.0007539140956625001
0.22800000000000017,0.2922096270947263,0.2922802607364001,7.063364167381181e-05,0.5368615130902574,0.5376128350484688,0.0007513219582113706
0.22900000000000018,0.2931330307119867,0.2932038839539869,7.08532420001795e-05,0.5380146951276369,0.5387634330219818,0.0007487378943449308
0.23000000000000018,0.2940541356439996,0.29412520905733053,7.107341333090211e-05,0.5391647896112031,0.5399109514629458,0.0007461618517426993
0.23100000000000018,0.2949729480338271,0.29504424219251874,7.129415869161493e-05,0.5403118095438261,0.5410554033234112,0.0007435937795851055
0.23200000000000018,0.29588947399889465,0.2959609894798858,7.151548099115779e-05,0.541455767777029,0.5421968014055332,0.0007410336285041952
0.23300000000000018,0.29680371963128627,0.29687545701430884,7.173738302257426e-05,0.5425966770140073,0.5433351583645429,0.0007384813505356691
0.23400000000000018,0.2977156909980344,0.2977876508654991,7.195986746466598e-05,0.5437345498125845,0.5444704867116553,0.0007359368990708104
0.23500000000000018,0.2986253941414035,0.2986975770782871,7.218293688360244e-05,0.5448693985880974,0.5456027988169112,0.0007334002288138519
0.23600000000000018,0.29953283507916795,0.2996052416729019,7.240659373397573e-05,0.546001235616224,0.5467321069119587,0.0007308712957346808
0.23700000000000018,0.3004380198048849,0.3005106506452458,7.263084036090994e-05,0.5471300730357458,0.5478584230927742,0.0007283500570284263
0.23800000000000018,0.30134095428816143,0.30141380996716205,7.285567900061629e-05,0.5482559228512479,0.5489817593223218,0.0007258364710739373
0.23900000000000018,0.3022416444749163,0.30231472558669953,7.308111178322418e-05,0.5493787969357651,0.5501021274331562,0.0007233304973911503
0.24000000000000019,0.3031400962876373,0.30321340342836944,7.33071407321706e-05,0.5504987070333621,0.551219539129968,0.0007208320966058945
0.2410000000000002,0.30403631562563194,0.30410984939339997,7.353376776803033e-05,0.5516156647616662,0.5523340059920746,0.0007183412304083703
0.2420000000000002,0.304930308365276,0.30500406935998403,7.376099470801645e-05,0.5527296816143358,0.5534455394758548,0.0007158578615190647
0.2430000000000002,0.3058220803602538,0.30589606918352225,7.398882326842271e-05,0.5538407689634809,0.5545541509171317,0.0007133819536507824
0.2440000000000002,0.30671163744179686,0.3067858546968628,7.421725506595589e-05,0.5549489380620265,0.5556598515335038,0.0007109134714773369
0.2450000000000002,0.30759898541891595,0.3076734317105346,7.444629161862393e-05,0.5560542000460279,0.5567626524266245,0.0007084523805965803
0.2460000000000002,0.3084841300786294,0.3085588060129774,7.46759343480119e-05,0.5571565659369323,0.5578625645844318,0.0007059986474995394
0.2470000000000002,0.3093670771861874,0.30944198337076695,7.490618457955955e-05,0.5582560466437919,0.5589595988833314,0.00070355223953944
0.2480000000000002,0.31024783248529086,0.3103229695288363,7.513704354544792e-05,0.5593526529654292,0.5600537660903296,0.0007011131249003988
0.2490000000000002,0.3111264016983071,0.3112017702106915,7.536851238443276e-05,0.5604463955925548,0.5611450768651223,0.0006986812725674474
0.25000000000000017,0.31200279052648094,0.3120783911186253,7.560059214434256e-05,0.5615372851098377,0.5622335417621369,0.0006962566522992208
0.25100000000000017,0.312877004650142,0.3129528379339251,7.583328378307774e-05,0.5626253319979324,0.5633191712325308,0.0006938392345984257
0.25200000000000017,0.31374904972890766,0.3138251163170775,7.606658816983192e-05,0.5637105466354595,0.5644019756261461,0.0006914289906866378
0.25300000000000017,0.3146189314018826,0.3146952319079692,7.630050608664618e-05,0.5647929393009463,0.5654819651934228,0.0006890258924764359
0.25400000000000017,0.31548665528785413,0.31556319032608393,7.65350382297969e-05,0.5658725201747211,0.5665591500872689,0.0006866299125477537
0.25500000000000017,0.3163522269854845,0.3164289971706956,7.6770185211128e-05,0.5669492993407693,0.5676335403648919,0.0006842410241225672
0.25600000000000017,0.31721565207349867,0.31729265802105766,7.700594755899459e-05,0.568023286788548,0.5687051459895891,0.0006818592010411351
0.2570000000000002,0.31807693611086946,0.31815417843658983,7.724232572037248e-05,0.5690944924147612,0.5697739768325002,0.000679484417739018
0.2580000000000002,0.3189360846369985,0.3190135639570598,7.74793200613022e-05,0.5701629260250963,0.5708400426743214,0.0006771166492250957
0.2590000000000002,0.31979310317189447,0.3198708201027633,7.771693086883191e-05,0.5712285973359232,0.5719033532069829,0.0006747558710596957
0.2600000000000002,0.3206479972163473,0.3207259523746995,7.795515835218314e-05,0.5722915159759561,0.5729639180352903,0.0006724020593342761
0.2610000000000002,0.3215007722520997,0.32157896625474364,7.819400264391652e-05,0.5733516914878782,0.5740217466785291,0.0006700551906508867
0.2620000000000002,0.32235143374201586,0.3224298672058166,7.843346380076444e-05,0.574409133329935,0.5750768485720371,0.0006677152421020738
0.2630000000000002,0.32319998713024534,0.3232786606720515,7.867354180618458e-05,0.5754638508774879,0.5761292330687415,0.0006653821912536717
0.2640000000000002,0.32404643784238646,0.3241253520789565,7.891423657002683e-05,0.5765158534245375,0.5771789094406609,0.0006630560161233756
0.2650000000000002,0.32489079128564435,0.3249699468335753,7.915554793092028e-05,0.5775651501852127,0.5782258868803807,0.0006607366951679738
0.2660000000000002,0.32573305284898785,0.325812450324645,7.939747565716138e-05,0.578611750295229,0.5792701745024891,0.0006584242072600333
0.2670000000000002,0.32657322790330245,0.3266528679227501,7.964001944765764e-05,0.5796556628133125,0.5803117813449894,0.000656118531676908
0.2680000000000002,0.3274113218015411,0.3274912049804746,7.988317893353747e-05,0.5806968967225947,0.5813507163706767,0.0006538196480819769
0.2690000000000002,0.32824733987887195,0.32832746683255104,8.012695367909384e-05,0.5817354609319794,0.5823869884684879,0.0006515275365085449
0.2700000000000002,0.3290812874528236,0.32916165879600673,8.037134318311656e-05,0.5827713642774751,0.5834206064548224,0.0006492421773472978
0.2710000000000002,0.3299131698234279,0.3299937861703077,8.061634687983599e-05,0.5838046155235027,0.5844515790748324,0.000646963551329649
0.2720000000000002,0.3307429922733594,0.3308238542375,8.086196414058833e-05,0.584835223364174,0.5854799150036887,0.0006446916395146385
0.2730000000000002,0.33157076006807384,0.331651868262348,8.110819427414873e-05,0.5858631964245412,0.5865056228478167,0.0006424264232754995
0.2740000000000002,0.33239647845594245,0.3324778334924711,8.135503652867415e-05,0.5868885432618219,0.5875287111461076,0.0006401678842856695
0.2750000000000002,0.3332201526683852,0.33330175515847765,8.160249009242504e-05,0.5879112723665941,0.5885491883711034,0.0006379160045092425
0.2760000000000002,0.3340417879200011,0.3341236384740959,8.18505540947645e-05,0.5889313921639717,0.5895670629301549,0.0006356707661832051
0.2770000000000002,0.3348613894086962,0.334943488636304,8.209922760782362e-05,0.5899489110147459,0.5905823431665578,0.0006334321518118857
0.2780000000000002,0.33567896231580974,0.3357613108254565,8.234850964677909e-05,0.5909638372165114,0.5915950373606621,0.0006312001441507453
0.2790000000000002,0.33649451180623774,0.33657711020540926,8.259839917151846e-05,0.5919761790047615,0.5926051537309589,0.0006289747261973844
0.2800000000000002,0.33730804302855455,0.33739089192364213,8.284889508758386e-05,0.5929859445539619,0.5936127004351445,0.0006267558811825502
0.2810000000000002,0.3381195611151324,0.3382026611113795,8.309999624706021e-05,0.593993141978604,0.5946176855711606,0.0006245435925565923
0.2820000000000002,0.338929071182259,0.3390124228837088,8.335170144979642e-05,0.5949977793342311,0.5956201171782126,0.0006223378439814686
0.2830000000000002,0.3397365783302525,0.339820182339697,8.360400944451563e-05,0.5959998646184456,0.5966200032377679,0.000620138619322308
0.2840000000000002,0.34054208764357563,0.34062594456250506,8.385691892942582e-05,0.5969994057718944,0.59761735167453,0.0006179459026356415
0.2850000000000002,0.3413456041909467,0.34142971461950034,8.411042855360762e-05,0.5979964106792325,0.5986121703573947,0.0006157596781621866
0.2860000000000002,0.34214713302544975,0.3422314975623675,8.436453691773593e-05,0.5989908871700655,0.5996044671003841,0.0006135799303185197
0.2870000000000002,0.34294667918464183,0.34303129842721747,8.461924257563425e-05,0.5999828430198748,0.6005942496635622,0.0006114066436874177
0.2880000000000002,0.3437442476906599,0.343829122234694,8.487454403405259e-05,0.6009722859509175,0.6015815257539299,0.000609239803012418
0.2890000000000002,0.3445398435503241,0.34462497399007924,8.513043975516554e-05,0.6019592236331143,0.6025663030263012,0.0006070793931869378
0.2900000000000002,0.3453334717552411,0.34541885868339733,8.538692815623916e-05,0.6029436636849123,0.6035485890841623,0.0006049253992500558
0.2910000000000002,0.34612513728190475,0.3462107812895158,8.564400761107427e-05,0.6039256136741328,0.6045283914805099,0.000602777806377075
0.2920000000000002,0.34691484509179504,0.3470007467682463,8.590167645128322e-05,0.6049050811188,0.6055057177186746,0.0006006365998745267
0.2930000000000002,0.34770260013147636,0.3477887600644426,8.615993296623436e-05,0.6058820734879522,0.6064805752531244,0.0005985017651721769
0.2940000000000002,0.3484884073326927,0.3485748261080977,8.641877540499499e-05,0.6068565982024365,0.6074529714902533,0.0005963732878168093
0.2950000000000002,0.3492722716124629,0.3493589498144393,8.667820197644227e-05,0.607828662635684,0.6084229137891525,0.0005942511534684503
0.2960000000000002,0.35005419787317305,0.3501411360840238,8.693821085076214e-05,0.6087982741144728,0.6093904094623637,0.0005921353478908209
0.2970000000000002,0.35083419100266855,0.35092138980282817,8.719880015961579e-05,0.6097654399196716,0.6103554657766203,0.0005900258569486727
0.2980000000000002,0.35161225587434347,0.3516997158423412,8.745996799774947e-05,0.6107301672869673,0.6113180899535685,0.0005879226666012372
0.2990000000000002,0.35238839734722993,0.352476119059653,8.772171242305005e-05,0.6116924634075805,0.6122782891704776,0.0005858257628970076
0.3000000000000002,0.3531626202660846,0.35325060429754274,8.798403145815481e-05,0.6126523354289624,0.6132360705609315,0.0005837351319691875
0.3010000000000002,0.3539349294614752,0.3540231763845656,8.824692309039595e-05,0.6136097904554788,0.6141914412155092,0.0005816507600303611
0.3020000000000002,0.3547053297498646,0.35479384013513815,8.851038527357691e-05,0.614564835549079,0.6151444081824475,0.000579572633368497
0.3030000000000002,0.35547382593369425,0.3555626003496222,8.877441592797242e-05,0.6155174777299512,0.6160949784682934,0.0005775007383421737
0.3040000000000002,0.35624042280146617,0.3563294618144078,8.903901294160521e-05,0.6164677239771632,0.6170431590385397,0.0005754350613764725
0.3050000000000002,0.35700512512782356,0.3570944293019942,8.930417417063463e-05,0.6174155812292912,0.6179889568182502,0.0005733755889589798
0.3060000000000002,0.3577679376736304,0.3578575075710708,8.956989744041133e-05,0.6183610563850328,0.6189323786926684,0.0005713223076355689
0.3070000000000002,0.35852886518604954,0.3586187013665955,8.983618054597686e-05,0.6193041563038104,0.6198734315078174,0.0005692752040069582
0.3080000000000002,0.35928791239862,0.35937801541987324,9.010302125322944e-05,0.6202448878063582,0.6208121220710843,0.0005672342647260464
0.3090000000000002,0.36004508403133295,0.36013545444863215,9.037041729920148e-05,0.6211832576753018,0.621748457151794,0.0005651994764922508
0.3100000000000002,0.3608003847907064,0.3608910231570991,9.06383663926702e-05,0.6221192726557196,0.6226824434817704,0.0005631708260507295
0.3110000000000002,0.3615538193698592,0.3616447262360747,9.090686621548993e-05,0.623052939455698,0.6236140877558857,0.0005611483001877193
0.3120000000000002,0.3623053924485832,0.3623965683630064,9.117591442320272e-05,0.6239842647468716,0.6245433966325997,0.0005591318857280925
0.3130000000000002,0.3630551086934155,0.3631465542020601,9.144550864459422e-05,0.6249132551649542,0.6254703767344861,0.0005571215695319154
0.3140000000000002,0.36380297275770884,0.3638946884041927,9.171564648385866e-05,0.6258399173102563,0.626395034648749,0.0005551173384926722
0.3150000000000002,0.36454898928170065,0.36464097560722125,9.198632552059882e-05,0.6267642577481943,0.6273173769277292,0.0005531191795348223
0.3160000000000002,0.3652931628925824,0.3653854204358926,9.225754331021463e-05,0.6276862830097887,0.6282374100893982,0.0005511270796094703
0.3170000000000002,0.3660354982045666,0.3661280275019517,9.252929738512439e-05,0.6286059995921495,0.6291551406178436,0.0005491410256941442
0.3180000000000002,0.36677599981895387,0.36686880140420886,9.280158525498683e-05,0.6295234139589551,0.6300705749637445,0.0005471610047894648
0.31900000000000023,0.3675146723241983,0.36760774672860586,9.307440440753378e-05,0.630438532540919,0.6309837195448363,0.000545187003917369
0.32000000000000023,0.36825152029597275,0.36834486804828187,9.334775230912529e-05,0.6313513617362474,0.6318945807463661,0.0005432190101186674
0.32100000000000023,0.36898654829723215,0.3690801699236373,9.362162640513816e-05,0.6322619079110878,0.6328031649215393,0.0005412570104514902
0.32200000000000023,0.36971976087827707,0.36981365690239815,9.389602412107623e-05,0.6331701773999673,0.6337094783919568,0.0005393009919895109
0.32300000000000023,0.37045116257681576,0.37054533351967833,9.417094286257033e-05,0.6340761765062227,0.6346135274480427,0.0005373509418199474
0.32400000000000023,0.3711807579180252,0.3712752042980417,9.444638001654404e-05,0.6349799115024226,0.6355153183494641,0.000535406847041453
0.32500000000000023,0.37190855141461215,0.3720032737475634,9.47223329512692e-05,0.6358813886307774,0.6364148573255423,0.0005334686947648937
0.32600000000000023,0.37263454756687253,0.37272954636588956,9.499879901703201e-05,0.6367806141035468,0.6373121505756546,0.0005315364721077964
0.32700000000000023,0.3733587508627505,0.3734540266382975,9.527577554702127e-05,0.6376775941034322,0.6382072042696287,0.0005296101661965702
0.32800000000000024,0.3740811657778966,0.37417671903775407,9.555325985749485e-05,0.6385723347839657,0.6391000245481298,0.0005276897641640632
0.32900000000000024,0.3748017967757249,0.37489762802497345,9.58312492485569e-05,0.6394648422698906,0.6399906175230378,0.0005257752531471205
0.33000000000000024,0.37552064830747034,0.3756167580484747,9.610974100437986e-05,0.6403551226575317,0.640878989277819,0.00052386662028725
0.33100000000000024,0.3762377248122438,0.376334113544638,9.638873239420365e-05,0.641243182015161,0.6417651458678895,0.0005219638527285131
0.33200000000000024,0.3769530307170883,0.3770496989377605,9.666822067222469e-05,0.6421290263833532,0.64264909332097,0.0005200669376167477
0.33300000000000024,0.37766657043703245,0.37776351864011126,9.694820307881713e-05,0.6430126617753379,0.6435308376374361,0.0005181758620982357
0.33400000000000024,0.3783783483751454,0.3784755770519857,9.722867684031078e-05,0.6438940941773391,0.644410384790659,0.0005162906133199252
0.33500000000000024,0.37908836892258924,0.3791858785617591,9.750963916987931e-05,0.6447733295489141,0.6452877407273405,0.0005144111784264327
0.33600000000000024,0.37979663645867184,0.37989442754593994,9.779108726809538e-05,0.6456503738232799,0.6461629113678414,0.0005125375445614866
0.33700000000000024,0.38050315535089885,0.3806012283692217,9.807301832287507e-05,0.6465252329076366,0.6470359026065033,0.0005106696988667059
0.33800000000000024,0.3812079299550245,0.3813062853845354,9.835542951092124e-05,0.6473979126834839,0.647906720311963,0.0005088076284790466
0.33900000000000025,0.38191096461510315,0.3820096029331,9.863831799683531e-05,0.6482684190069282,0.6487753703274622,0.0005069513205340215
0.34000000000000025,0.3826122636635382,0.3827111853444729,9.892168093472709e-05,0.6491367577089894,0.6496418584711497,0.0005051007621603709
0.34100000000000025,0.38331183142113234,0.38341103693660045,9.920551546810374e-05,0.6500029345958953,0.650506190536378,0.0005032559404827275
0.34200000000000025,0.3840096721971362,0.3841091620158667,9.948981873048046e-05,0.6508669554493731,0.651368372291995,0.0005014168426218379
0.34300000000000025,0.38470579028929663,0.38480556487714196,9.977458784532489e-05,0.6517288260269369,0.6522284094826275,0.0004995834556905665
0.34400000000000025,0.38540018998390446,0.38550024980383174,0.00010005981992727842,0.652588552062166,0.653086307828962,0.0004977557667960042
0.34500000000000025,0.3860928755558415,0.38619322106792375,0.00010034551208226716,0.653446139264978,0.6539420730280181,0.000495933763040135
0.34600000000000025,0.3867838512686277,0.3868844829300349,0.00010063166140722446,0.6543015933219006,0.6547957107534166,0.0004941174315159502
0.34700000000000025,0.38747312137446666,0.3875740396394584,0.00010091826499175616,0.6551549198963316,0.6556472266556432,0.000492306759311667
0.34800000000000025,0.38816069011429205,0.3882618954342089,0.00010120531991686388,0.6560061246288005,0.6564966263623064,0.0004905017335059547
0.34900000000000025,0.3888465617178118,0.3889480545410691,0.000101492823257332,0.6568552131372197,0.6573439154783909,0.0004887023411711544
0.35000000000000026,0.3895307404035534,0.3896325211756335,0.00010178077208011782,0.6577021910171327,0.6581890995865043,0.00048690856937161353
0.35100000000000026,0.39021323037890787,0.3903152995423542,0.00010206916344634998,0.6585470638419588,0.6590321842471223,0.0004851204051634639
0.35200000000000026,0.39089403584017324,0.3909963938345838,0.00010235799441055127,0.6593898371632302,0.6598731749988255,0.00048333783559528776
0.35300000000000026,0.3915731609725981,0.3916758082346197,0.00010264726202163788,0.6602305165108265,0.6607120773585342,0.0004815608477076738
0.35400000000000026,0.3922506099504241,0.3923535469137469,0.00010293696332280833,0.6610691073932055,0.6615488968217372,0.00047978942853177386
0.35500000000000026,0.39292638693692816,0.3930296140322805,0.00010322709535232066,0.6619056152976249,0.6623836388627176,0.00047802356509263344
0.35600000000000026,0.3936004960844647,0.3937040137396082,0.00010351765514354794,0.6627400456903662,0.6632163089347719,0.0004762632444057502
0.35700000000000026,0.3942729415345064,0.3943767501742319,0.00010380863972547782,0.6635724040169494,0.6640469124704277,0.00047450845347829507
0.35800000000000026,0.39494372741768635,0.39504782746380895,0.0001041000461226016,0.6644026957023447,0.6648754548816551,0.00047275917931044464
0.35900000000000026,0.39561285785383715,0.39571724972519334,0.00010439187135619088,0.6652309261511814,0.6657019415600754,0.0004710154088940488
0.36000000000000026,0.39628033695203246,0.3963850210644758,0.00010468411244335396,0.6660571007479533,0.6665263778771646,0.0004692771292112985
0.36100000000000027,0.39694616881062594,0.39705114557702414,0.00010497676639820153,0.6668812248572145,0.6673487691844542,0.0004675443272397217
0.36200000000000027,0.3976103575172909,0.39771562734752286,0.00010526983023195768,0.6677033038237812,0.6681691208137269,0.0004658169899457443
0.36300000000000027,0.39827290714905933,0.3983784704500126,0.00010556330095329303,0.66852334297292,0.6689874380772107,0.0004640951042906849
0.36400000000000027,0.3989338217723606,0.3990396789479289,0.00010585717556832464,0.6693413476105394,0.6698037262677666,0.0004623786572272026
0.36500000000000027,0.39959310544305954,0.39969925689414065,0.00010615145108111568,0.6701573230233739,0.6706179906590752,0.0004606676357012951
0.36600000000000027,0.4002507622064945,0.4003572083309886,0.00010644612449406399,0.6709712744791663,0.6714302365058179,0.00045896202665163255
0.36700000000000027,0.40090679609751484,0.40101353729032274,0.00010674119280790206,0.671783207226846,0.6722404690438561,0.0004572618170101128
0.36800000000000027,0.40156121114051807,0.4016682477935404,0.00010703665302230769,0.6725931264967046,0.6730486934904062,0.00045556699370163933
0.36900000000000027,0.40221401134948687,0.40232134385162255,0.0001073325021356819,0.6734010375005672,0.6738549150442124,0.00045387754364512034
0.3700000000000003,0.4028652007280255,0.4029728294651713,0.00010762873714581511,0.6742069454319606,0.6746591388857139,0.00045219345375335784
0.3710000000000003,0.4035147832693958,0.403622708624446,0.00010792535505016465,0.6750108554662798,0.6754613701772131,0.00045051471093326967
0.3720000000000003,0.4041627629565536,0.4042709853093992,0.00010822235284557724,0.6758127727609498,0.6762616140630355,0.00044884130208577844
0.3730000000000003,0.4048091437621837,0.4049176634897129,0.00010851972752923267,0.6766127024555848,0.6770598756696916,0.00044717321410681077
0.3740000000000003,0.40545392964873517,0.4055627471248336,0.00010881747609842174,0.6774106496721457,0.6778561601060327,0.0004455104338869642
0.3750000000000003,0.4060971245684569,0.4062062401640077,0.00010911559555076833,0.6782066195150922,0.6786504724634045,0.0004438529483122844
0.3760000000000003,0.40673873246343156,0.40684814654631624,0.00010941408288467347,0.6790006170715355,0.6794428178157993,0.00044220074426382094
0.3770000000000003,0.40737875726561,0.40748847020070955,0.00010971293509953739,0.6797926474113837,0.6802332012200031,0.00044055380861940385
0.3780000000000003,0.4080172028968456,0.40812721504604155,0.00011001214919592606,0.6805827155874896,0.6810216277157418,0.00043891212825220016
0.3790000000000003,0.4086540732689281,0.40876438499110335,0.0001103117221752381,0.6813708266357923,0.6818081023258241,0.0004372756900318242
0.3800000000000003,0.4092893722836164,0.4093999839346576,0.00011061165104120363,0.6821569855754572,0.682592630056283,0.0004356444808257809
0.3810000000000003,0.4099231038326726,0.4100340157654714,0.00011091193279877398,0.6829411974090142,0.6833752158965117,0.0004340184874975783
0.3820000000000003,0.4105552717978945,0.41066648436234937,0.0001112125644548434,0.6837234671224923,0.6841558648194008,0.00043239769690850416
0.3830000000000003,0.4111858800511484,0.4112973935941672,0.00011151354301880412,0.6845037996855535,0.6849345817814708,0.00043078209591729255
0.3840000000000003,0.4118149324544014,0.41192674731990353,0.0001118148655021578,0.6852822000516203,0.6857113717230022,0.0004291716713819005
0.3850000000000003,0.4124424328597537,0.4125545493886725,0.00011211652891879309,0.6860586731580076,0.6864862395681657,0.0004275664101580645
0.3860000000000003,0.4130683851094704,0.41318080363975596,0.00011241853028554072,0.6868332239260455,0.6872591902251461,0.000425966299100633
0.3870000000000003,0.41369279303601325,0.4138055139026355,0.00011272086662222902,0.6876058572612043,0.6880302285862678,0.0004243713250635661
0.3880000000000003,0.414315660462072,0.4144286839970234,0.00011302353495135087,0.6883765780532156,0.6887993595281161,0.000422781474900491
0.3890000000000003,0.4149369912005958,0.41505031773289486,0.00011332653229906287,0.689145391176191,0.6895665879116566,0.0004211967354655899
0.3900000000000003,0.41555678905482374,0.41567041891051837,0.00011362985569463024,0.6899123014887415,0.6903319185823535,0.0004196170936120458
0.3910000000000003,0.416175057818316,0.41628899132048686,0.00011393350217087095,0.6906773138340891,0.6910953563702844,0.0004180425361952622
0.3920000000000003,0.41679180127498405,0.4169060387437488,0.00011423746876476626,0.6914404330401841,0.6918569060902543,0.0004164730500701985
0.3930000000000003,0.41740702319912093,0.41752156495163784,0.00011454175251690568,0.6922016639198117,0.6926165725419072,0.00041490862209547785
0.3940000000000003,0.41802072735543166,0.4181355737059034,0.00011484635047170899,0.6929610112707069,0.6933743605098355,0.0004133492391286131
0.3950000000000003,0.41863291749906273,0.4187480687587409,0.00011515125967814788,0.6937184798756563,0.6941302747636889,0.0004117948880326683
0.3960000000000003,0.4192435973756318,0.41935905385282113,0.00011545647718930185,0.6944740745026087,0.6948843200582789,0.00041024555567026333
0.3970000000000003,0.41985277072125715,0.4199685327213202,0.0001157620000630244,0.6952277999047757,0.6956365011336844,0.0004087012289086811
0.3980000000000003,0.420460441262587,0.4205765090879486,0.00011606782536155436,0.695979660820735,0.6963868227153536,0.00040716189461853514
0.3990000000000003,0.4210666127168284,0.42118298666698034,0.00011637395015196006,0.6967296619745318,0.6971352895142052,0.00040562753967343657
0.4000000000000003,0.42167128879177596,0.4217879691632823,0.00011668037150636135,0.6974778080757751,0.697881906226727,0.0004040981509518815
0.4010000000000003,0.4222744731858409,0.4223914602723426,0.00011698708650170753,0.6982241038197382,0.6986266775350739,0.00040257371533569675
0.4020000000000003,0.42287616958807894,0.42299346368029916,0.00011729409222022147,0.6989685538874508,0.6993696081071639,0.00040105421971303734
0.4030000000000003,0.423476381678219,0.42359398306396856,0.00011760138574956613,0.699711162945796,0.7001107025967717,0.00039953965097561106
0.4040000000000003,0.4240751131266911,0.4241930220908736,0.00011790896418251151,0.7004519356476004,0.7008499656436226,0.0003980299960221201
0.4050000000000003,0.4246723675946541,0.42479058441927176,0.00011821682461765626,0.7011908766317266,0.7015874018734828,0.00039652524175615156
0.4060000000000003,0.4252681487340238,0.4253866736981828,0.00011852496415898361,0.7019279905231613,0.7023230158982501,0.00039502537508873115
0.4070000000000003,0.42586246018749985,0.42598129356741643,0.00011883337991658305,0.7026632819331052,0.7030568123160417,0.0003935303829364356
0.4080000000000003,0.4264553055885938,0.42657444765760005,0.00011914206900626167,0.7033967554590577,0.7037887957112815,0.0003920402522238353
0.4090000000000003,0.42704668856165595,0.4271661395902055,0.00011945102854954426,0.7041284156849034,0.7045189706547855,0.000390554969882162
0.4100000000000003,0.4276366127219023,0.42775637297757685,0.00011976025567456139,0.7048582671809963,0.7052473417038463,0.0003890745228499748
0.4110000000000003,0.4282250816754415,0.42834515142295687,0.00012006974751538335,0.7055863145042403,0.7059739134023161,0.0003875988980758249
0.4120000000000003,0.42881209901930173,0.4289324785205141,0.00012037950121235319,0.7063125621981726,0.7066986902806879,0.000386128082515258
0.4130000000000003,0.4293976683414569,0.4295183578553691,0.00012068951391225324,0.7070370147930441,0.7074216768561762,0.0003846620631320352
0.4140000000000003,0.4299817932208533,0.43010279300362164,0.00012099978276836065,0.7077596768058955,0.7081428776327964,0.00038320082690090906
0.4150000000000003,0.4305644772274357,0.4306857875323763,0.0001213103049406139,0.7084805527406379,0.7088622971014423,0.00038174436080440355
0.4160000000000003,0.43114572392217343,0.431267344999769,0.00012162107759555729,0.7091996470881264,0.7095799397399629,0.000380292651836478
0.4170000000000003,0.43172553685708637,0.431847468954993,0.00012193209790661852,0.7099169643262387,0.7102958100132385,0.0003788456869997514
0.4180000000000003,0.4323039195752707,0.4324261629383246,0.0001222433630538866,0.7106325089199456,0.7110099123732541,0.0003774034533085002
0.4190000000000003,0.4328808756109244,0.4330034304811491,0.00012255487022466705,0.711346285321386,0.7117222512591738,0.00037596593778777
0.4200000000000003,0.43345640848937306,0.4335792751059861,0.00012286661661303766,0.7120582979699391,0.7124328310974124,0.0003745331274732644
0.4210000000000003,0.4340305217270948,0.43415370032651507,0.00012317859942029274,0.7127685512922952,0.7131416563017066,0.0003731050094113453
0.4220000000000003,0.43460321883174585,0.43472670964760085,0.00012349081585499855,0.7134770497025225,0.7138487312731856,0.00037168157066314045
0.4230000000000003,0.43517450330218543,0.43529830656531826,0.00012380326313282675,0.7141837976021411,0.7145540604004393,0.0003702627982982154
0.4240000000000003,0.4357443786285007,0.43586849456697757,0.0001241159384768875,0.7148887993801853,0.7152576480595876,0.00036884867940223387
0.4250000000000003,0.4363128482920316,0.4364372771311492,0.00012442883911761848,0.7155920594132754,0.7159594986143458,0.0003674392010704075
0.4260000000000003,0.43687991576539553,0.4370046577276886,0.00012474196229306234,0.7162935820656792,0.7166596164160929,0.00036603435041371313
0.4270000000000003,0.4374455845125119,0.43757063981776045,0.0001250553052485337,0.71699337168938,0.7173580058039344,0.0003646341145543408
0.4280000000000003,0.43800985798862635,0.43813522685386386,0.00012536886523750734,0.7176914326241387,0.7180546711047686,0.0003632384806299127
0.4290000000000003,0.4385727396403355,0.43869842227985595,0.00012568263952045244,0.7183877691975582,0.7187496166333488,0.00036184743579059653
0.4300000000000003,0.4391342329056104,0.4392602295309766,0.00012599662536622036,0.7190823857251436,0.7194428466923461,0.00036046096720254717
0.4310000000000003,0.43969434121382145,0.4398206520338723,0.0001263108200508234,0.7197752865103664,0.7201343655724113,0.00035907906204490914
0.43200000000000033,0.4402530679857616,0.44037969320662024,0.00012662522085865602,0.7204664758447223,0.7208241775522346,0.00035770170751225905
0.43300000000000033,0.4408104166336704,0.44093735645875204,0.00012693982508166224,0.7211559580077926,0.7215122868986071,0.0003563288908144946
0.43400000000000033,0.4413663905612577,0.4414936451912778,0.00012725463002011272,0.7218437372673012,0.7221986978664785,0.0003549605991772786
0.43500000000000033,0.44192099316372746,0.44204856279670945,0.0001275696329819942,0.7225298178791753,0.722883414699016,0.0003535968198407069
0.43600000000000033,0.44247422782780066,0.4426021126590841,0.00012788483128345352,0.7232142040875992,0.723566441627662,0.0003522375400628608
0.43700000000000033,0.44302609793173914,0.44315429815398794,0.00012820022224879768,0.7238969001250745,0.7242477828721905,0.0003508827471160325
0.43800000000000033,0.4435766068453685,0.4437051226485791,0.00012851580321060485,0.724577910212473,0.7249274426407631,0.00034953242829016684
0.43900000000000033,0.44412575793010156,0.4442545895016109,0.00012883157150933577,0.7252572385590924,0.7256054251299846,0.00034818657089219496
0.44000000000000034,0.44467355453896096,0.44480270206345507,0.00012914752449411093,0.7259348893627124,0.7262817345249573,0.0003468451622448132
0.44100000000000034,0.44522000001660234,0.44534946367612455,0.00012946365952221095,0.7266108668096452,0.7269563749993345,0.0003455081896893697
0.44200000000000034,0.4457650976993372,0.44589487767329633,0.0001297799739591321,0.72728517507479,0.7276293507153745,0.000344175640584532
0.44300000000000034,0.4463088509151555,0.44643894738033435,0.00013009646517886386,0.7279578183216867,0.728300665823992,0.00034284750230528793
0.44400000000000034,0.446851262983748,0.446981676114312,0.00013041313056399995,0.7286288007025643,0.7289703244648111,0.00034152376224683145
0.44500000000000034,0.4473923372165292,0.44752306718403445,0.0001307299675052387,0.7292981263583942,0.7296383307662154,0.00034020440782123185
0.44600000000000034,0.4479320769166595,0.44806312389006175,0.00013104697340227123,0.7299657994189396,0.7303046888453988,0.00033888942645921016
0.44700000000000034,0.4484704853790674,0.44860184952473015,0.0001313641456627268,0.7306318240028049,0.7309694028084159,0.0003375788056110274
0.44800000000000034,0.4490075658904721,0.4491392473721753,0.00013168148170322747,0.731296204217486,0.7316324767502305,0.000336272532744486
0.44900000000000034,0.4495433217294048,0.4496753207083538,0.00013199897894899948,0.7319589441594173,0.7322939147547646,0.0003349705953472615
0.45000000000000034,0.4500777561662319,0.4502100728010655,0.0001323166348335958,0.7326200479140201,0.7329537208949473,0.0003336729809271244
0.45100000000000035,0.45061087246317555,0.4507435069099754,0.0001326344467998397,0.7332795195557498,0.7336118992327603,0.000332379677010497
0.45200000000000035,0.4511426738743366,0.4512756262866351,0.00013295241229849264,0.7339373631481434,0.7342684538192868,0.0003310906711434525
0.45300000000000035,0.45167316364571575,0.45180643417450533,0.00013327052878958634,0.7345935827438643,0.734923388694757,0.00032980595089271425
0.45400000000000035,0.4522023450152352,0.45233593380897696,0.0001335887937417568,0.7352481823847486,0.7355767078885944,0.00032852550384576684
0.45500000000000035,0.4527302212127604,0.4528641284173927,0.00013390720463229977,0.7359011661018513,0.7362284154194603,0.0003272493176089686
0.45600000000000035,0.45325679546012143,0.4533910212190689,0.00013422575894744826,0.7365525379154887,0.7368785152952992,0.0003259773798105492
0.45700000000000035,0.4537820709711342,0.4539166154253164,0.00013454445418220606,0.7372023018352845,0.7375270115133833,0.00032470967809883344
0.45800000000000035,0.4543060509516219,0.45444091423946253,0.0001348632878406253,0.7378504618602116,0.7381739080603552,0.0003234462001435734
0.45900000000000035,0.4548287385994364,0.45496392085687143,0.0001351822574350292,0.7384970219786376,0.7388192089122728,0.00032218693363517126
0.46000000000000035,0.4553501371044787,0.45548563846496626,0.00013550136048756656,0.7391419861683649,0.7394629180346508,0.00032093186628590065
0.46100000000000035,0.4558702496487207,0.4560060702432491,0.0001358205945283797,0.7397853583966735,0.7401050393825033,0.00031968098582979554
0.46200000000000035,0.45638907940622564,0.4565252193633227,0.00013613995709704785,0.740427142620364,0.7407455769003859,0.00031843428002187313
0.46300000000000036,0.45690662954316924,0.45704308898891116,0.00013645944574192104,0.7410673427857973,0.7413845345224375,0.0003171917366401322
0.46400000000000036,0.4574229032178603,0.4575596822758807,0.00013677905802039758,0.7417059628289374,0.7420219161724199,0.00031595334348244464
0.46500000000000036,0.4579379035807615,0.4580750023722603,0.0001370987914988131,0.7423430066753883,0.7426577257637597,0.0003147190883713291
0.46600000000000036,0.45845163377451004,0.4585890524182625,0.0001374186437524405,0.7429784782404381,0.7432919671995882,0.0003134889591501766
0.46700000000000036,0.45896409693393786,0.45910183554630357,0.00013773861236571205,0.7436123814290942,0.7439246443727806,0.0003122629436863589
0.46800000000000036,0.45947529618609273,0.45961335488102445,0.00013805869493171974,0.7442447201361272,0.7445557611659951,0.00031104102986789783
0.46900000000000036,0.4599852346502579,0.46012361353931097,0.00013837888905304796,0.7448754982461054,0.7451853214517125,0.00030982320560701826
0.47000000000000036,0.4604939154379732,0.46063261463031413,0.00013869919234094086,0.745504719633435,0.7458133290922743,0.0003086094588392596
0.47100000000000036,0.46100134165305445,0.4611403612554702,0.0001390196024157464,0.7461323881623988,0.7464397879399204,0.00030739977752158865
0.47200000000000036,0.46150751639161414,0.4616468565085214,0.00013934011690724946,0.7467585076871914,0.7470647018368276,0.0003061941496361742
0.47300000000000036,0.4620124427420814,0.46215210347553515,0.0001396607334537281,0.7473830820519589,0.7476880746151464,0.00030499256318750056
0.47400000000000037,0.4625161237852221,0.46265610523492484,0.00013998144970273074,0.7480061150908344,0.748309910097038,0.0003037950062035888
0.47500000000000037,0.4630185625941584,0.46315886485746954,0.00014030226331113171,0.7486276106279746,0.7489302120947109,0.0003026014667363297
0.47600000000000037,0.4635197622343893,0.46366038540633375,0.00014062317194446505,0.7492475724775954,0.749548984410457,0.00030141193286159496
0.47700000000000037,0.46401972576380945,0.4641606699370872,0.0001409441732777572,0.7498660044440092,0.7501662308366884,0.000300226392679237
0.47800000000000037,0.4645184562327299,0.4646597214977247,0.0001412652649948054,0.7504829103216594,0.7507819551559713,0.0002990448343119789
0.47900000000000037,0.46501595668389717,0.46515754312868585,0.0001415864447886772,0.7510982938951544,0.751396161141063,0.000297867245908634
0.48000000000000037,0.46551223015251286,0.46565413786287435,0.00014190771036148853,0.7517121589393047,0.7520088525549454,0.0002966936156407751
0.48100000000000037,0.4660072796662533,0.46614950872567784,0.00014222905942451458,0.7523245092191552,0.7526200331508603,0.0002955239317051772
0.4820000000000004,0.4665011082452891,0.4666436587349871,0.0001425504896979679,0.7529353484900211,0.7532297066723436,0.000294358182322485
0.4830000000000004,0.46699371890230423,0.46713659090121534,0.00014287199891110935,0.7535446804975211,0.753837876853259,0.00029319635573787917
0.4840000000000004,0.4674851146425154,0.46762830822731805,0.00014319358480263666,0.7541525089776092,0.7544445474178318,0.0002920384402226306
0.4850000000000004,0.4679752984636915,0.46811881370881153,0.00014351524512001834,0.754758837656612,0.7550497220806824,0.0002908844240704367
0.4860000000000004,0.4684642733561727,0.4686081103337928,0.00014383697762010428,0.7553636702512564,0.7556534045468591,0.00028973429560275044
0.4870000000000004,0.46895204230288956,0.46909620108295796,0.0001441587800684041,0.7559670104687078,0.7562555985118707,0.0002885880431628962
0.4880000000000004,0.4694386082793817,0.4695830889296219,0.0001444806502401974,0.7565688620065971,0.7568563076617196,0.0002874456551225091
0.4890000000000004,0.4699239742538175,0.4700687768397367,0.00014480258591920148,0.757169228553058,0.7574555356729337,0.0002863071198756506
0.4900000000000004,0.47040814318701263,0.47055326777191103,0.00014512458489840396,0.7577681137867539,0.7580532862125975,0.0002851724258435828
0.4910000000000004,0.47089111803244865,0.4710365646774287,0.00014544664498006288,0.7583655213769138,0.7586495629383856,0.0002840415614717706
0.4920000000000004,0.4713729017362924,0.47151867050026763,0.000145768763975207,0.758961454983361,0.7592443694985924,0.00028291451523143607
0.4930000000000004,0.4718534972374142,0.47199958817711857,0.0001460909397043575,0.7595559182565448,0.7598377095321638,0.0002817912756190033
0.4940000000000004,0.4723329074674067,0.4724793206374035,0.00014641316999680631,0.7601489148375707,0.7604295866687288,0.0002806718311580969
0.4950000000000004,0.4728111353506037,0.4729578708032946,0.00014673545269089372,0.7607404483582337,0.761020004528629,0.0002795561703952121
0.4960000000000004,0.47328818380409854,0.4734352415897325,0.00014705778563395278,0.7613305224410442,0.7616089667229495,0.00027844428190537673
0.4970000000000004,0.47376405573776237,0.47391143590444507,0.00014738016668269793,0.7619191406992621,0.7621964768535497,0.0002773361542875996
0.4980000000000004,0.47423875405426286,0.4743864566479654,0.0001477025937025589,0.7625063067369248,0.762782538513092,0.00027623177616720174
0.4990000000000004,0.4747122816490826,0.4748603067136508,0.00014802506456823572,0.7630920241488761,0.763367155285072,0.00027513113619592744
0.5000000000000003,0.4751846414105373,0.4753329889877004,0.00014834757716308822,0.7636762965207974,0.7639503307438489,0.00027403422305150027
0.5010000000000003,0.4756558362197938,0.4758045063491739,0.00014867012938007962,0.7642591274292366,0.7645320684546733,0.0002729410254366238
0.5020000000000003,0.47612586895088893,0.4762748616700094,0.00014899271912044432,0.764840520441635,0.7651123719737166,0.00027185153208164614
0.5030000000000003,0.47659474247074696,0.47674405781504187,0.00014931534429490911,0.765420479116359,0.7656912448481007,0.0002707657317416734
0.5040000000000003,0.4770624596391979,0.47721209764202116,0.00014963800282324913,0.7659990070027268,0.7662686906159257,0.0002696836131989011
0.5050000000000003,0.4775290233089958,0.47767898400162956,0.00014996069263373268,0.766576107641036,0.7668447128062982,0.00026860516526217015
0.5060000000000003,0.47799443632583644,0.4781447197375006,0.00015028341166417603,0.7671517845625953,0.7674193149393602,0.0002675303767649684
0.5070000000000003,0.4784587015283752,0.47860930768623605,0.0001506061578608331,0.7677260412897471,0.7679925005263165,0.0002664592365694274
0.5080000000000003,0.47892182174824527,0.4790727506774244,0.00015092892917911716,0.7682988813359001,0.7685642730694628,0.0002653917335627698
0.5090000000000003,0.4793837998100748,0.4795350515336583,0.00015125172358348982,0.7688703082055549,0.7691346360622132,0.0002643278566583085
0.5100000000000003,0.4798446385315055,0.47999621307055257,0.0001515745390470724,0.7694403253943302,0.7697035929891274,0.00026326759479722295
0.5110000000000003,0.4803043407232095,0.48045623809676163,0.0001518973735521456,0.770008936388992,0.7702711473259377,0.00026221093694567266
0.5120000000000003,0.48076290918890785,0.48091512941399744,0.00015222022508959432,0.7705761446674791,0.770837302539577,0.00026115787209790575
0.5130000000000003,0.4812203467253871,0.4813728898170465,0.00015254309165940727,0.7711419536989312,0.771402062088205,0.0002601083892738165
0.5140000000000003,0.48167665612251775,0.48182952209378815,0.00015286597127039947,0.7717063669437143,0.7719654294212344,0.0002590624775200556
0.5150000000000003,0.48213184016327126,0.4822850290252113,0.00015318886194004566,0.7722693878534478,0.7725274079793579,0.0002580201259101411
0.5160000000000003,0.4825859016237376,0.4827394133854324,0.0001535117616948134,0.7728310198710303,0.7730880011945751,0.00025698132354479153
0.5170000000000003,0.4830388432731424,0.4831926779417125,0.00015383466857010752,0.7733912664306664,0.7736472124902171,0.0002559460595507046
0.5180000000000003,0.48349066787386463,0.48364482545447457,0.00015415758060993712,0.7739501309578929,0.774205045280974,0.0002549143230811124
0.5190000000000003,0.4839413781814539,0.484095858677321,0.00015448049586713752,0.7745076168696026,0.7747615029729199,0.00025388610331733563
0.5200000000000004,0.48439097694464706,0.48454578035705026,0.00015480341240320383,0.7750637275740725,0.7753165889635388,0.0002528613894663412
0.5210000000000004,0.4848394669053863,0.48499459323367494,0.00015512632828862394,0.7756184664709872,0.7758703066417497,0.0002518401707625184
0.5220000000000004,0.48528685079883527,0.4854423000404378,0.00015544924160254547,0.7761718369514656,0.7764226593879325,0.00025082243646690205
0.5230000000000004,0.48573313135339713,0.48588890350382974,0.00015577215043260928,0.776723842398086,0.776973650573953,0.00024980817586695014
0.5240000000000004,0.4861783112907307,0.48633440634360636,0.00015609505287567105,0.7772744861849092,0.7775232835631873,0.00024879737827809834
0.5250000000000004,0.4866223933257682,0.4867788112728047,0.00015641794703652456,0.7778237716775056,0.7780715617105479,0.0002477900330423166
0.5260000000000004,0.4870653801667314,0.4872221209977609,0.00015674083102951153,0.7783717022329796,0.7786184883625072,0.0002467861295276652
0.5270000000000004,0.4875072745151492,0.4876643382181261,0.00015706370297691175,0.7789182811999928,0.7791640668571225,0.00024578565712962686
0.5280000000000004,0.4879480790658741,0.488105465626884,0.0001573865610098868,0.7794635119187893,0.7797083005240607,0.00024478860527143986
0.5290000000000004,0.488387796507099,0.4885455059103673,0.000157709403268258,0.7800073977212207,0.7802511926846224,0.00024379496340165563
0.5300000000000004,0.4888264295203737,0.48898446174827426,0.00015803222790056193,0.7805499419307683,0.7807927466517663,0.00024280472099802441
0.5310000000000004,0.4892639807806223,0.4894223358136858,0.0001583550330635508,0.7810911478625693,0.7813329657301324,0.00024181786756316548
0.5320000000000004,0.48970045295615894,0.48985913077308185,0.00015867781692291416,0.7816310188234397,0.7818718532160667,0.00024083439262700956
0.5330000000000004,0.49013584870870486,0.4902948492863577,0.0001590005776528347,0.7821695581118963,0.7824094123976447,0.00023985428574846424
0.5340000000000004,0.4905701706934052,0.4907294940068408,0.0001593233134355998,0.782706769018185,0.782945646554695,0.0002388775365099738
0.5350000000000004,0.4910034215588448,0.49116306758130723,0.0001596460224624341,0.7832426548242982,0.7834805589588226,0.00023790413452440262
0.5360000000000004,0.4914356039470651,0.4915955726499983,0.00015996870293322196,0.7837772188040039,0.7840141528734327,0.000236934069428818
0.5370000000000004,0.4918667204935805,0.4920270118466362,0.0001602913530557304,0.784310464222864,0.7845464315537533,0.00023596733088926403
0.5380000000000004,0.4922967738273948,0.4924573877984412,0.0001606139710464416,0.784842394338261,0.7850773982468591,0.00023500390859809706
0.5390000000000004,0.49272576657101697,0.49288670312614746,0.00016093655513049754,0.7853730123994196,0.7856070561916937,0.00023404379227409677
0.5400000000000004,0.4931537013404782,0.4933149604440192,0.00016125910354097828,0.7859023216474295,0.7861354086190929,0.00023308697166346537
0.5410000000000004,0.49358058074534744,0.4937421623598674,0.00016158161451995667,0.7864303253152685,0.7866624587518075,0.00023213343653905039
0.5420000000000004,0.49400640738874796,0.4941683114750652,0.00016190408631722164,0.7869570266278242,0.7871882098045255,0.00023118317670134392
0.5430000000000004,0.49443118386737334,0.4945934103845647,0.00016222651719138836,0.7874824288019181,0.7877126649838954,0.00023023618197726137
0.5440000000000004,0.4948549127715035,0.4950174616769126,0.00016254890540906564,0.7880065350463269,0.7882358274885475,0.00022929244222058554
0.5450000000000004,0.4952775966850209,0.4954404679342663,0.00016287124924541097,0.7885293485618052,0.7887577005091174,0.00022835194731218866
0.5460000000000004,0.4956992381854263,0.4958624317324102,0.00016319354698385302,0.7890508725411072,0.7892782872282672,0.00022741468716003244
0.5470000000000004,0.4961198398438549,0.49628335564077086,0.00016351579691598062,0.7895711101690098,0.7897975908207079,0.00022648065169805776
0.5480000000000004,0.4965394042250923,0.4967032422224338,0.00016383799734148718,0.7900900646223337,0.7903156144532216,0.0002255498308879611
0.5490000000000004,0.4969579338875898,0.4971220940341586,0.00016416014656878142,0.7906077390699647,0.7908323612846831,0.00022462221471841737
0.5500000000000004,0.4973754313834811,0.49753991362639494,0.00016448224291382152,0.7911241366728784,0.7913478344660819,0.00022369779320352556
0.5510000000000004,0.49779189925859746,0.49795670354329863,0.00016480428470116992,0.7916392605841566,0.7918620371405434,0.0002227765563868056
0.5520000000000004,0.49820734005248357,0.498372466322747,0.00016512627026343818,0.7921531139490152,0.792374972443351,0.00022185849433575822
0.5530000000000004,0.4986217562984131,0.49878720449635455,0.0001654481979414535,0.79266569990482,0.7928866435019668,0.00022094359714674994
0.5540000000000004,0.49903515052340464,0.49920092058948873,0.00016577006608409217,0.7931770215811126,0.7933970534360536,0.0002200318549410163
0.5550000000000004,0.4994475252482372,0.49961361712128527,0.00016609187304805761,0.7936870820996279,0.7939062053574963,0.00021912325786843656
0.5560000000000004,0.49985888298746556,0.5000252966046643,0.00016641361719876846,0.7941958845743177,0.7944141023704224,0.00021821779610475822
0.5570000000000004,0.5002692262494361,0.5004359615463448,0.00016673529690869326,0.7947034321113714,0.7949207475712233,0.00021731545985193002
0.5580000000000004,0.500678557536302,0.5008456144468614,0.00016705691055940441,0.7952097278092363,0.7954261440485754,0.00021641623933910115
0.5590000000000004,0.5010868793440386,0.5012542578005788,0.00016737845654013483,0.7957147747586388,0.795930294883461,0.0002155201248221772
0.5600000000000004,0.5014941941624596,0.5016618940957068,0.0001676999332472784,0.7962185760426052,0.7964332031491888,0.00021462710658359807
0.5610000000000004,0.5019005044752308,0.5020685258143174,0.0001680213390865548,0.7967211347364829,0.7969348719114147,0.0002137371749317829
0.5620000000000004,0.5023058127598874,0.502474155432358,0.00016834267247056722,0.7972224539079594,0.7974353042281627,0.00021285032020323946
0.5630000000000004,0.5027101214878477,0.502878785419668,0.00016866393182035644,0.7977225366170866,0.7979345031498452,0.00021196653275856736
0.5640000000000004,0.5031134331244289,0.5032824182399933,0.00016898511556440177,0.7982213859162958,0.7984324717192827,0.00021108580298689894
0.5650000000000004,0.5035157501288623,0.503685056351002,0.00016930622213973123,0.7987190048504217,0.7989292129717255,0.00021020812130378985
0.5660000000000004,0.5039170749543086,0.5040867022042991,0.0001696272499904783,0.7992153964567235,0.799424729934873,0.00020933347814955372
0.5670000000000004,0.5043174100478727,0.5044873582454418,0.00016994819756910307,0.7997105637649012,0.7999190256288942,0.00020846186399292588
0.5680000000000004,0.5047167578506186,0.5048870269139544,0.00017026906333572622,0.80020450979712,0.8004121030664474,0.00020759326932739963
0.5690000000000004,0.5051151207975851,0.5052857106433434,0.00017058984575824,0.8006972375680267,0.8009039652527007,0.00020672768467400182
0.5700000000000004,0.5055125013178003,0.5056834118611124,0.0001709105433120861,0.8011887500847722,0.8013946151853517,0.00020586510057951646
0.5710000000000004,0.5059089018342966,0.5060801329887773,0.00017123115448069992,0.8016790503470307,0.8018840558546473,0.00020500550761659575
0.5720000000000004,0.5063043247641255,0.5064758764418807,0.00017155167775528835,0.8021681413470183,0.8023722902434032,0.00020414889638487033
0.5730000000000004,0.5066987725183725,0.506870644630007,0.00017187211163449678,0.8026560260695144,0.8028593213270243,0.00020329525750995003
0.5740000000000004,0.5070922475021726,0.5072644399567972,0.00017219245462452015,0.8031427074918798,0.8033451520735233,0.00020244458164353496
0.5750000000000004,0.5074847521147239,0.5076572648199638,0.00017251270523988005,0.8036281885840777,0.8038297854435413,0.00020159685946363748
0.5760000000000004,0.5078762887493034,0.508049121611305,0.00017283286200164838,0.8041124723086923,0.8043132243903663,0.00020075208167402714
0.5770000000000004,0.5082668597932807,0.5084400127167202,0.0001731529234395568,0.804595561620949,0.8047954718599531,0.00019991023900411964
0.5780000000000004,0.508656467628134,0.508829940516224,0.00017347288808999828,0.8050774594687315,0.8052765307909426,0.00019907132221108625
0.5790000000000004,0.5090451146294632,0.5092189073839611,0.00017379275449791454,0.8055581687926042,0.8057564041146804,0.0001982353220761901
0.5800000000000004,0.5094328031670061,0.5096069156882206,0.00017411252121446452,0.8060376925258295,0.8062350947552366,0.0001974022294071176
0.5810000000000004,0.5098195356046514,0.509993967791451,0.00017443218679957795,0.8065160335943866,0.806712605629425,0.00019657203503842258
0.5820000000000004,0.5102053143004543,0.5103800660502739,0.0001747517498195128,0.806993194916992,0.8071889396468211,0.00019574472982919477
0.5830000000000004,0.5105901416066503,0.5107652128154999,0.0001750712088496309,0.8074691794051172,0.8076640997097826,0.00019492030466539134
0.5840000000000004,0.5109740198696706,0.5111494104321409,0.00017539056247029006,0.8079439899630083,0.8081380887134663,0.00019409875045794944
0.5850000000000004,0.511356951430155,0.5115326612394266,0.00017570980927161806,0.8084176294877047,0.8086109095458485,0.00019328005814378546
0.5860000000000004,0.511738938622968,0.5119149675708177,0.00017602894784962686,0.8088901008690574,0.8090825650877432,0.000192464218685795
0.5870000000000004,0.5121199837772117,0.5122963317540201,0.00017634797680843306,0.8093614069897479,0.8095530582128203,0.00019165122307240878
0.5880000000000004,0.5125000892162408,0.5126767561109997,0.0001766668947589256,0.8098315507253077,0.810022391787625,0.00019084106231737064
0.5890000000000004,0.5128792572576766,0.5130562429579966,0.00017698570031998706,0.8103005349441358,0.8104905686715957,0.0001900337274599595
0.5900000000000004,0.5132574902134216,0.5134347946055389,0.00017730439211727234,0.810768362507517,0.8109575917170824,0.00018922920956532252
0.5910000000000004,0.5136347903896733,0.513812413358457,0.0001776229687836528,0.811235036269641,0.8114234637693656,0.00018842749972458606
0.5920000000000004,0.5140111600869381,0.5141891015158979,0.00017794142895977139,0.8117005590776216,0.811888187666674,0.0001876285890524132
0.5930000000000004,0.5143866016000467,0.5145648613713393,0.0001782597712925993,0.8121649337715123,0.8123517662402034,0.00018683246869111159
0.5940000000000004,0.5147611172181661,0.5149396952126033,0.00017857799443721234,0.8126281631843275,0.8128142023141344,0.00018603912980685866
0.5950000000000004,0.5151347092248155,0.5153136053218709,0.0001788960970553477,0.8130902501420586,0.8132754987056506,0.00018524856359203312
0.5960000000000004,0.5155073798978793,0.5156865939756954,0.00017921407781607002,0.8135511974636941,0.8137356582249569,0.00018446076126277244
0.5970000000000004,0.5158791315096212,0.5160586634450168,0.00017953193539566037,0.8140110079612347,0.8141946836752971,0.00018367571406241456
0.5980000000000004,0.5162499663266988,0.5164298159951758,0.00017984966847695016,0.8144696844397142,0.8146525778529721,0.00018289341325783415
0.5990000000000004,0.5166198866101765,0.516800053885927,0.00018016727575043134,0.8149272296972161,0.815109343547358,0.00018211385014188508
0.6000000000000004,0.5169888946155399,0.5171693793714535,0.00018048475591359026,0.8153836465248911,0.8155649835409231,0.00018133701603195718
0.6010000000000004,0.5173569925927095,0.51753779470038,0.00018080210767046356,0.8158389377069761,0.8160195006092468,0.0001805629022706423
0.6020000000000004,0.5177241827860546,0.5179053021157872,0.00018111932973263745,0.8162931060208104,0.8164728975210362,0.00017979150022584545
0.6030000000000004,0.5180904674344068,0.5182719038552256,0.0001814364208188035,0.8167461542368548,0.8169251770381447,0.00017902280128989645
0.6040000000000004,0.5184558487710742,0.5186376021507276,0.00018175337965342653,0.8171980851187084,0.8173763419155886,0.00017825679688021623
0.6050000000000004,0.5188203290238544,0.519002399228824,0.00018207020496951998,0.817648901423127,0.8178263949015654,0.00017749347843842855
0.6060000000000004,0.5191839104150489,0.5193662973105546,0.00018238689550575948,0.8180986059000386,0.8182753387374708,0.00017673283743224744
0.6070000000000004,0.5195465951614757,0.5197292986114842,0.0001827034500084812,0.8185472012925641,0.8187231761579165,0.0001759748653523685
0.6080000000000004,0.5199083854744841,0.5200914053417146,0.0001830198672304606,0.8189946903370313,0.8191699098907469,0.00017521955371557763
0.6090000000000004,0.5202692835599674,0.5204526197058988,0.00018333614593146752,0.819441075762995,0.8196155426570574,0.00017446689406241944
0.6100000000000004,0.5206292916183763,0.5208129439032543,0.00018365228487793317,0.8198863602932516,0.8200600771712103,0.00017371687795875168
0.6110000000000004,0.5209884118447334,0.5211723801275767,0.00018396828284328315,0.8203305466438594,0.8205035161408535,0.00017296949699407982
0.6120000000000004,0.5213466464286455,0.5215309305672532,0.00018428413860771542,0.8207736375241537,0.8209458622669362,0.00017222474278255628
0.6130000000000004,0.5217039975543173,0.521888597405275,0.00018459985095775622,0.8212156356367634,0.8213871182437267,0.00017148260696331352
0.6140000000000004,0.5220604674005651,0.5222453828192526,0.0001849154186874813,0.8216565436776302,0.8218272867588295,0.00017074308119935377
0.6150000000000004,0.5224160581408301,0.5226012889814268,0.00018523084059662853,0.8220963643360237,0.8222663704932021,0.00017000615717832623
0.6160000000000004,0.5227707719431914,0.5229563180586838,0.00018554611549237432,0.8225351002945602,0.8227043721211714,0.00016927182661119478
0.6170000000000004,0.5231246109703792,0.5233104722125678,0.00018586124218855637,0.8229727542292177,0.8231412943104517,0.00016854008123401432
0.6180000000000004,0.5234775773797884,0.5236637535992936,0.00018617621950522967,0.8234093288093531,0.8235771397221601,0.0001678109128069316
0.6190000000000004,0.523829673323492,0.5240161643697611,0.0001864910462691105,0.8238448266977205,0.8240119110108345,0.0001670843131139632
0.6200000000000004,0.5241809009482534,0.5243677066695668,0.0001868057213133545,0.8242792505504862,0.8244456108244493,0.00016636027396310649
0.6210000000000004,0.5245312623955403,0.5247183826390187,0.0001871202434784447,0.8247126030172472,0.8248782418044331,0.00016563878718589553
0.6220000000000004,0.5248807598015373,0.5250681944131481,0.0001874346116108594,0.8251448867410449,0.8253098065856842,0.00016491984463928855
0.6230000000000004,0.5252293952971594,0.5254171441217228,0.00018774882456340514,0.825576104358385,0.8257403077965876,0.00016420343820255923
0.6240000000000004,0.5255771710080648,0.5257652338892607,0.00018806288119588288,0.8260062584992531,0.8261697480590317,0.00016348955977851798
0.6250000000000004,0.5259240890546681,0.5261124658350419,0.00018837678037375571,0.8264353517871285,0.8265981299884245,0.00016277820129606546
0.6260000000000004,0.5262701515521531,0.5264588420731228,0.00018869052096970318,0.8268633868390043,0.82702545619371,0.00016206935470575168
0.6270000000000004,0.5266153606104853,0.526804364712348,0.0001890041018627331,0.8272903662654026,0.8274517292773848,0.00016136301198210745
0.6280000000000004,0.5269597183344257,0.5271490358563635,0.00018931752193784845,0.8277162926703902,0.8278769518355138,0.00016065916512364442
0.6290000000000004,0.5273032268235429,0.5274928576036297,0.00018963078008682466,0.8281411686515949,0.8283011264577469,0.00015995780615196686
0.6300000000000004,0.5276458881722265,0.5278358320474341,0.00018994387520765432,0.8285649968002223,0.8287242557273353,0.00015925892711299294
0.6310000000000004,0.5279877044696997,0.5281779612759041,0.0001902568062044363,0.828987779701072,0.8291463422211475,0.00015856252007551142
0.6320000000000005,0.5283286778000316,0.5285192473720196,0.0001905695719880418,0.8294095199325535,0.8295673885096848,0.00015786857713129265
0.6330000000000005,0.5286688102421511,0.528859692413626,0.00019088217147489317,0.8298302200667015,0.8299873971570985,0.00015717709039697603
0.6340000000000005,0.5290081038698577,0.5291992984734467,0.00019119460358896223,0.8302498826691956,0.830406370721205,0.00015648805200940696
0.6350000000000005,0.529346560751837,0.5295380676190955,0.0001915068672585507,0.8306685102993694,0.8308243117535021,0.00015580145413274238
0.6360000000000005,0.5296841829516701,0.5298760019130901,0.00019181896142006494,0.8310861055102337,0.8312412227991849,0.00015511728895123422
0.6370000000000005,0.5300209725278486,0.5302131034128638,0.00019213088501512932,0.8315026708484885,0.8316571063971613,0.0001544355486727822
0.6380000000000005,0.5303569315337864,0.5305493741707781,0.0001924426369916965,0.8319182088545388,0.8320719650800688,0.00015375622552993295
0.6390000000000005,0.5306920620178321,0.5308848162341359,0.00019275421630371437,0.8323327220625127,0.8324858013742888,0.00015307931177610534
0.6400000000000005,0.5310263660232817,0.5312194316451933,0.00019306562191157006,0.8327462130002752,0.8328986177999635,0.00015240479968836596
0.6410000000000005,0.5313598455883906,0.5315532224411723,0.00019337685278175698,0.8331586841894436,0.8333104168710115,0.00015173268156787323
0.6420000000000005,0.5316925027463872,0.5318861906542737,0.00019368790788643064,0.8335701381454055,0.8337212010951426,0.00015106294973710188
0.6430000000000005,0.5320243395254844,0.5322183383116885,0.00019399878620407485,0.833980577377332,0.8341309729738741,0.00015039559654206336
0.6440000000000005,0.532355357948892,0.5325496674356114,0.00019430948671939063,0.8343900043881949,0.834539735002546,0.0001497306143510846
0.6450000000000005,0.5326855600348293,0.5328801800432521,0.0001946200084228522,0.8347984216747817,0.834947489670337,0.0001490679955553631
0.6460000000000005,0.5330149477965374,0.5332098781468484,0.00019493035031104,0.8352058317277111,0.8353542394602795,0.0001484077325684119
0.6470000000000005,0.5333435232422918,0.5335387637536781,0.0001952405113863076,0.8356122370314478,0.835759986849275,0.00014774981782716967
0.6480000000000005,0.533671288375414,0.5338668388660713,0.00019555049065733687,0.8360176400643191,0.8361647343081094,0.00014709424379033553
0.6490000000000005,0.5339982451942843,0.5341941054814225,0.00019586028713824977,0.8364220432985301,0.8365684843014689,0.00014644100293881301
0.6500000000000005,0.5343243956923537,0.5345205655922032,0.0001961698998494965,0.8368254492001777,0.8369712392879546,0.00014579008777693137
0.6510000000000005,0.5346497418581562,0.5348462211859735,0.0001964793278173005,0.8372278602292685,0.8373730017200983,0.000145141490829781
0.6520000000000005,0.5349742856753212,0.5351710742453947,0.0001967885700734362,0.8376292788397302,0.8377737740443768,0.00014449520464665522
0.6530000000000005,0.5352980291225848,0.5354951267482408,0.00019709762565600641,0.8380297074794315,0.8381735587012283,0.0001438512217968313
0.6540000000000005,0.5356209741738032,0.5358183806674116,0.00019740649360844298,0.8384291485901927,0.8385723581250669,0.0001432095348742335
0.6550000000000005,0.535943122797963,0.5361408379709435,0.000197715172980506,0.8388276046078045,0.8389701747442969,0.000142570136492437
0.6560000000000005,0.5362644769591951,0.5364625006220224,0.00019802366282728467,0.8392250779620397,0.8393670109813293,0.00014193301928955293
0.6570000000000005,0.5365850386167854,0.5367833705789953,0.00019833196220986338,0.839621571076672,0.8397628692525956,0.00014129817592356542
0.6580000000000005,0.5369048097251874,0.537103449795382,0.00019864007019465557,0.8400170863694881,0.8401577519685633,0.00014066559907521814
0.6590000000000005,0.5372237922340335,0.5374227402198881,0.00019894798585462503,0.8404116262523039,0.8405516615337509,0.00014003528144701516
0.6600000000000005,0.5375419880881477,0.5377412437964151,0.00019925570826739847,0.8408051931309781,0.8409446003467421,0.00013940721576399806
0.6610000000000005,0.5378593992275568,0.538058962464074,0.00019956323651726393,0.8411977894054299,0.8413365708002015,0.00013878139477163653
0.6620000000000005,0.5381760275875029,0.538375898157196,0.00019987056969306138,0.84158941746965,0.8417275752808886,0.00013815781123860393
0.6630000000000005,0.5384918750984544,0.5386920528053448,0.00020017770689040315,0.8419800797117194,0.8421176161696731,0.00013753645795366864
0.6640000000000005,0.5388069436861187,0.5390074283333285,0.00020048464720978654,0.8423697785138197,0.8425066958415489,0.0001369173277292468
0.6650000000000005,0.5391212352714532,0.5393220266612103,0.00020079138975714894,0.8427585162522535,0.8428948166656498,0.00013630041339629528
0.6660000000000005,0.5394347517706772,0.539635849704322,0.00020109793364475603,0.843146295297453,0.8432819810052634,0.0001356857078104179
0.6670000000000005,0.5397474950952841,0.5399488993732738,0.00020140427798975846,0.8435331180139982,0.8436681912178454,0.00013507320384720245
0.6680000000000005,0.5400594671520524,0.5402611775739674,0.00020171042191496902,0.8439189867606319,0.844053449655035,0.000134462894403109
0.6690000000000005,0.5403706698430578,0.5405726862076067,0.00020201636454886263,0.8443039038902722,0.8444377586626688,0.00013385477239657995
0.6700000000000005,0.5406811050656846,0.5408834271707097,0.00020232210502513226,0.8446878717500278,0.8448211205807951,0.00013324883076726302
0.6710000000000005,0.540990774712637,0.5411934023551201,0.00020262764248313303,0.8450708926812123,0.8452035377436891,0.0001326450624767883
0.6720000000000005,0.5412996806719517,0.5415026136480192,0.00020293297606754912,0.8454529690193605,0.8455850124798664,0.00013204346050588178
0.6730000000000005,0.5416078248270081,0.5418110629319365,0.00020323810492839378,0.8458341030942392,0.8459655471120979,0.00013144401785869508
0.6740000000000005,0.5419152090565404,0.542118752084762,0.00020354302822156445,0.8462142972298655,0.846345143957424,0.0001308467275584757
0.6750000000000005,0.5422218352346495,0.5424256829797571,0.0002038477451076215,0.8465935537445177,0.8467238053271685,0.00013025158265078662
0.6760000000000005,0.5425277052308135,0.5427318574855665,0.00020415225475300947,0.8469718749507519,0.8471015335269536,0.00012965857620172994
0.6770000000000005,0.5428328209099,0.5430372774662292,0.00020445655632916893,0.8473492631554149,0.8474783308567131,0.0001290677012981689
0.6780000000000005,0.543137184132177,0.54334194478119,0.00020476064901298052,0.8477257206596595,0.8478541996107074,0.00012847895104795004
0.6790000000000005,0.5434407967533242,0.543645861285311,0.000205064531986765,0.8481012497589575,0.8482291420775372,0.00012789231857968097
0.6800000000000005,0.5437436606244448,0.5439490288288825,0.00020536820443772807,0.8484758527431152,0.8486031605401575,0.00012730779704228645
0.6810000000000005,0.544045777592076,0.5442514492576348,0.00020567166555884864,0.8488495318962863,0.848976257275892,0.00012672537960567443
0.6820000000000005,0.544347149498201,0.544553124412749,0.00020597491454799055,0.8492222894969864,0.8493484345564465,0.00012614505946006993
0.6830000000000005,0.5446477781802601,0.5448540561308683,0.00020627795060823573,0.8495941278181066,0.8497196946479237,0.0001255668298171253
0.6840000000000005,0.5449476654711617,0.5451542462441096,0.00020658077294788413,0.8499650491269284,0.8500900398108363,0.00012499068390792178
0.6850000000000005,0.5452468131992936,0.545453696580074,0.00020688338078045376,0.8503350556851369,0.8504594723001216,0.00012441661498474588
0.6860000000000005,0.545545223188534,0.5457524089618585,0.00020718577332445864,0.8507041497488352,0.8508279943651547,0.000123844616319424
0.6870000000000005,0.545842897258263,0.5460503852080669,0.0002074879498039639,0.8510723335685574,0.8511956082497626,0.0001232746812052099
0.6880000000000005,0.5461398372233732,0.5463476271328207,0.00020778990944747555,0.8514396093892841,0.8515623161922383,0.0001227068029542311
0.6890000000000005,0.5464360448942815,0.5466441365457707,0.00020809165148916176,0.8518059794504531,0.851928120425354,0.00012214097490093057
0.6900000000000005,0.5467315220769391,0.5469399152521073,0.00020839317516818667,0.8521714459859782,0.852293023176375,0.00012157719039684878
0.6910000000000005,0.5470262705728437,0.547234965052572,0.00020869447972826638,0.8525360112242567,0.8526570266670735,0.00012101544281684085
0.6920000000000005,0.5473202921790494,0.5475292877434681,0.00020899556441866807,0.8528996773881884,0.8530201331137425,0.00012045572555408057
0.6930000000000005,0.5476135886881787,0.5478228851166722,0.0002092964284935439,0.8532624466951866,0.8533823447272081,0.00011989803202150373
0.6940000000000005,0.5479061618884322,0.5481157589596444,0.0002095970712121531,0.8536243213571926,0.8537436637128449,0.00011934235565236317
0.6950000000000005,0.5481980135636011,0.5484079110554394,0.00020989749183830675,0.8539853035806886,0.8541040922705885,0.00011878868989989577
0.6960000000000005,0.5484891454930763,0.5486993431827175,0.00021019768964125607,0.8543453955667102,0.8544636325949487,0.00011823702823854365
0.6970000000000005,0.548779559451861,0.5489900571157557,0.00021049766389469315,0.854704599510864,0.8548222868750238,0.00011768736415984637
0.6980000000000005,0.54906925721058,0.5492800546244577,0.0002107974138777502,0.8550629176033366,0.8551800572945134,0.00011713969117677081
0.6990000000000005,0.5493582405354918,0.5495693374743658,0.00021109693887400027,0.8554203520289101,0.8555369460317321,0.0001165940028220458
0.7000000000000005,0.5496465111884983,0.5498579074266703,0.00021139623817201247,0.8557769049669761,0.8558929552596225,0.00011605029264638578
0.7010000000000005,0.5499340709271561,0.5501457662382215,0.0002116953110654629,0.8561325785915467,0.856248087145769,0.0001155085542223766
0.7020000000000005,0.5502209215046875,0.5504329156615401,0.0002119941568525796,0.8564873750712706,0.856602343852411,0.00011496878114036768
0.7030000000000005,0.5505070646699903,0.5507193574448268,0.00021229277483647557,0.8568412965694444,0.8569557275364554,0.00011443096701102551
0.7040000000000005,0.5507925021676495,0.5510050933319747,0.0002125911643251488,0.8571943452440275,0.857308240349491,0.0001138951054635573
0.7050000000000005,0.5510772357379472,0.5512901250625786,0.00021288932463137122,0.8575465232476526,0.857659884437801,0.00011336119014837553
0.7060000000000005,0.5513612671168735,0.551574454371946,0.00021318725507246672,0.8578978327276433,0.8580106619423759,0.00011282921473254603
0.7070000000000005,0.5516445980361371,0.5518580829911076,0.0002134849549705331,0.858248275826022,0.858360574998927,0.00011229917290500602
0.7080000000000005,0.5519272302231757,0.5521410126468286,0.00021378242365288624,0.8585978546795286,0.8587096257378998,0.000111771058371124
0.7090000000000005,0.5522091654011669,0.5524232450616174,0.00021407966045050575,0.8589465714196283,0.8590578162844864,0.00011124486485813989
0.7100000000000005,0.5524904052890383,0.5527047819537386,0.00021437666470036643,0.8592944281725275,0.8594051487586386,0.00011072058611105717
0.7110000000000005,0.552770951601478,0.5529856250372214,0.00021467343574332887,0.8596414270591884,0.8597516252750813,0.00011019821589286494
0.7120000000000005,0.5530508060489456,0.5532657760218704,0.00021496997292480557,0.8599875701953376,0.8600972479433254,0.00010967774798786856
0.7130000000000005,0.5533299703376824,0.5535452366132771,0.00021526627559476097,0.8603328596914824,0.86044201886768,0.00010915917619758186
0.7140000000000005,0.5536084461697208,0.5538240085128294,0.00021556234310859956,0.8606772976529232,0.860785940147266,0.00010864249434272555
0.7150000000000005,0.5538862352428964,0.5541020934177219,0.00021585817482550063,0.8610208861797655,0.8611290138760286,0.00010812769626311614
0.7160000000000005,0.5541633392508569,0.5543794930209666,0.00021615377010963943,0.8613636273669337,0.8614712421427507,0.00010761477581699985
0.7170000000000005,0.5544397598830737,0.554656209011403,0.00021644912832929908,0.8617055233041827,0.8618126270310649,0.00010710372688216285
0.7180000000000005,0.5547154988248508,0.5549322430737087,0.0002167442488578697,0.8620465760761131,0.8621531706194662,0.00010659454335304464
0.7190000000000005,0.5549905577573365,0.5552075968884094,0.00021703913107284922,0.8623867877621801,0.8624928749813258,0.00010608721914562302
0.7200000000000005,0.5552649383575325,0.5554822721318889,0.00021733377435639856,0.8627261604367109,0.8628317421849024,0.00010558174819152999
0.7210000000000005,0.5555386422983047,0.5557562704763999,0.00021762817809511947,0.8630646961689131,0.8631697742933561,0.00010507812444293663
0.7220000000000005,0.5558116712483936,0.5560295935900733,0.00021792234167972158,0.8634023970228901,0.8635069733647599,0.0001045763418697776
0.7230000000000005,0.5560840268724236,0.55630224313693,0.00021821626450635456,0.8637392650576531,0.863843341452113,0.00010407639445986216
0.7240000000000005,0.5563557108309143,0.5565742207768889,0.00021850994597460982,0.8640753023271328,0.8641788806033533,0.0001035782762205395
0.7250000000000005,0.5566267247802898,0.5568455281657786,0.00021880338548874168,0.8644105108801937,0.8645135928613696,0.00010308198117592315
0.7260000000000005,0.5568970703728893,0.5571161669553468,0.00021909658245755637,0.864744892760645,0.8648474802640144,0.00010258750336933353
0.7270000000000005,0.5571667492569764,0.5573861387932708,0.00021938953629441205,0.8650784500072529,0.8651805448441159,0.00010209483686296483
0.7280000000000005,0.5574357630767504,0.5576554453231668,0.00021968224641644163,0.865411184653756,0.865512788629491,0.00010160397573499846
0.7290000000000005,0.5577041134723552,0.5579240881846007,0.00021997471224555198,0.8657430987288735,0.8658442136429576,0.00010111491408415496
0.7300000000000005,0.5579718020798898,0.5581920690130976,0.0002202669332077578,0.8660741942563212,0.8661748219023464,0.00010062764602525309
0.7310000000000005,0.5582388305314183,0.5584593894401519,0.00022055890873362571,0.8664044732548217,0.8665046154205139,0.00010014216569220746
0.7320000000000005,0.5585052004549795,0.5587260510932377,0.0002208506382581632,0.8667339377381178,0.8668335962053545,9.965846723669625e-05
0.7330000000000005,0.5587709134745977,0.5589920555958174,0.00022114212121970844,0.867062589714985,0.8671617662598123,9.917654482738403e-05
0.7340000000000005,0.5590359712102915,0.5592574045673532,0.00022143335706170664,0.8673904311892416,0.8674891275818941,9.869639265247532e-05
0.7350000000000005,0.559300375278084,0.5595220996233159,0.00022172434523193285,0.8677174641597648,0.8678156821646812,9.821800491638388e-05
0.7360000000000005,0.5595641272900134,0.5597861423751952,0.0002220150851818259,0.8680436906204989,0.8681414319963414,9.77413758425083e-05
0.7370000000000005,0.5598272288541418,0.560049534430509,0.00022230557636715442,0.8683691125604717,0.8684663790601415,9.726649966979029e-05
0.7380000000000005,0.5600896815745658,0.5603122773928141,0.00022259581824823904,0.8686937319638014,0.8687905253344592,9.679337065782168e-05
0.7390000000000005,0.5603514870514261,0.560574372861715,0.00022288581028884202,0.869017550809714,0.8691138727927954,9.632198308140438e-05
0.7400000000000005,0.5606126468809163,0.5608358224328744,0.00022317555195816574,0.8693405710725518,0.8694364234037858,9.585233123399206e-05
0.7410000000000005,0.5608731626552945,0.5610966276980222,0.000223465042727633,0.8696627947217874,0.8697581791312134,9.538440942602477e-05
0.7420000000000005,0.561133035962891,0.5613567902449658,0.00022375428207477288,0.8699842237220351,0.8700791419340207,9.491821198559514e-05
0.7430000000000005,0.5613922683881198,0.5616163116575996,0.00022404326947977893,0.8703048600330622,0.8703993137663206,9.44537332584483e-05
0.7440000000000005,0.561650861511487,0.5618751935159145,0.00022433200442750767,0.8706247056098027,0.8707186965774093,9.399096760664971e-05
0.7450000000000006,0.5619088169096007,0.5621334373960077,0.00022462048640703447,0.8709437624023669,0.8710372923117781,9.352990941113859e-05
0.7460000000000006,0.5621661361551809,0.562391044870092,0.00022490871491109843,0.8712620323560566,0.8713551029091247,9.307055306806422e-05
0.7470000000000006,0.5624228208170693,0.562648017506506,0.0002251966894366575,0.8715795174113725,0.8716721303043654,9.261289299289377e-05
0.7480000000000006,0.5626788724602381,0.5629043568697224,0.00022548440948433335,0.8718962195040311,0.8719883764276477,9.215692361663752e-05
0.7490000000000006,0.5629342926457999,0.5631600645203595,0.00022577187455963266,0.8722121405649722,0.8723038432043603,9.170263938806933e-05
0.7500000000000006,0.5631890829310178,0.5634151420151888,0.0002260590841710597,0.8725272825203739,0.8726185325551463,9.125003477239435e-05
0.7510000000000006,0.5634432448693139,0.5636695909071455,0.00022634603783167062,0.8728416472916611,0.8729324463959147,9.079910425358051e-05
0.7520000000000006,0.5636967800102795,0.5639234127453376,0.00022663273505818538,0.8731552367955216,0.8732455866378516,9.03498423299176e-05
0.7530000000000006,0.5639496898996842,0.5641766090750556,0.0002269191753714317,0.8734680529439135,0.8735579551874321,8.990224351856924e-05
0.7540000000000006,0.5642019760794856,0.5644291814377815,0.00022720535829590105,0.8737800976440798,0.8738695539464321,8.945630235224211e-05
0.7550000000000006,0.5644536400878384,0.5646811313711988,0.0002274912833604148,0.8740913727985579,0.8741803848119397,8.901201338185061e-05
0.7560000000000006,0.5647046834591036,0.564932460409201,0.000227776950097347,0.8744018803051936,0.874490449676367,8.856937117340813e-05
0.7570000000000006,0.5649551077238593,0.565183170081902,0.00022806235804273545,0.8747116220571497,0.8747997504274614,8.812837031169085e-05
0.7580000000000006,0.5652049144089073,0.5654332619156447,0.0002283475067373919,0.8750205999429219,0.875108288948317,8.768900539513069e-05
0.7590000000000006,0.5654541050372852,0.5656827374330099,0.00022863239572468164,0.8753288158463451,0.875416067117387,8.725127104181052e-05
0.7600000000000006,0.5657026811282744,0.5659315981528269,0.00022891702455252183,0.8756362716466084,0.8757230868084933,8.681516188491223e-05
0.7610000000000006,0.5659506441974089,0.5661798455901816,0.00022920139277271545,0.8759429692182665,0.8760293498908404,8.638067257382698e-05
0.7620000000000006,0.5661979957564854,0.5664274812564262,0.0002294854999407292,0.8762489104312501,0.8763348582290245,8.594779777437722e-05
0.7630000000000006,0.5664447373135728,0.5666745066591882,0.00022976934561536044,0.8765540971508757,0.8766396136830463,8.551653217059307e-05
0.7640000000000006,0.5666908703730198,0.5669209233023798,0.00023005292935995847,0.8768585312378615,0.876943618108322,8.508687046049346e-05
0.7650000000000006,0.5669363964354658,0.5671667326862068,0.00023033625074098119,0.8771622145483349,0.8772468733556943,8.465880735941678e-05
0.7660000000000006,0.5671813169978491,0.567411936307178,0.0002306193093288833,0.8774651489338444,0.8775493812714441,8.423233759968785e-05
0.7670000000000006,0.5674256335534166,0.5676565356581141,0.00023090210469756123,0.8777673362413732,0.8778511436973016,8.380745592839745e-05
0.7680000000000006,0.567669347591732,0.5679005322281571,0.00023118463642501919,0.878068778313347,0.8781521624704571,8.338415711017788e-05
0.7690000000000006,0.5679124605986863,0.5681439275027789,0.00023146690409259207,0.8783694769876493,0.8784524394235734,8.296243592409436e-05
0.7700000000000006,0.5681549740565051,0.5683867229637907,0.0002317489072856116,0.8786694340976281,0.8787519763847955,8.254228716741974e-05
0.7710000000000006,0.5683968894437592,0.5686289200893518,0.0002320306455926291,0.878968651472111,0.8790507751777626,8.212370565163774e-05
0.7720000000000006,0.5686382082353729,0.568870520353979,0.0002323121186060817,0.8792671309354139,0.8793488376216194,8.170668620555155e-05
0.7730000000000006,0.5688789319026331,0.5691115252285549,0.00023259332592184823,0.8795648743073542,0.8796461655310267,8.12912236725083e-05
0.7740000000000006,0.5691190619131978,0.5693519361803376,0.0002328742671398043,0.8798618834032588,0.8799427607161722,8.087731291339662e-05
0.7750000000000006,0.569358599731106,0.5695917546729691,0.0002331549418630452,0.8801581600339797,0.8802386249827826,8.046494880287192e-05
0.7760000000000006,0.5695975468167862,0.5698309821664845,0.0002334353496983299,0.8804537060058998,0.8805337601321336,8.005412623379726e-05
0.7770000000000006,0.5698359046270648,0.5700696201173208,0.00023371549025597016,0.8807485231209483,0.8808281679610614,7.964484011313555e-05
0.7780000000000006,0.5700736746151757,0.5703076699783255,0.00023399536314983038,0.8810426131766097,0.8811218502619734,7.923708536372587e-05
0.7790000000000006,0.5703108582307689,0.5705451331987661,0.0002342749679972167,0.8813359779659343,0.8814148088228593,7.883085692494962e-05
0.7800000000000006,0.570547456919919,0.5707820112243382,0.00023455430441921,0.8816286192775521,0.8817070454273019,7.842614974984397e-05
0.7810000000000006,0.5707834721251349,0.571018305497175,0.0002348333720401108,0.8819205388956781,0.8819985618544883,7.802295881020882e-05
0.7820000000000006,0.5710189052853676,0.5712540174558551,0.0002351121704875503,0.8822117386001301,0.8822893598792201,7.762127908994554e-05
0.7830000000000006,0.5712537578360194,0.5714891485354127,0.0002353906993932675,0.8825022201663341,0.8825794412719246,7.7221105590497e-05
0.7840000000000006,0.571488031208953,0.5717237001673446,0.00023566895839166602,0.8827919853653368,0.8828688077986655,7.682243332873817e-05
0.7850000000000006,0.5717217268324994,0.5719576737796208,0.0002359469471213682,0.8830810359638189,0.8831574612211543,7.642525733542183e-05
0.7860000000000006,0.5719548461314677,0.5721910707966913,0.00023622466522355,0.8833693737241013,0.8834454032967598,7.602957265850918e-05
0.7870000000000006,0.5721873905271527,0.5724238926394961,0.00023650211234338414,0.8836570004041601,0.88373263577852,7.563537435995027e-05
0.7880000000000006,0.5724193614373443,0.5726561407254739,0.00023677928812959603,0.8839439177576347,0.8840191604151518,7.524265751712722e-05
0.7890000000000006,0.5726507602763355,0.5728878164685693,0.0002370561922337977,0.8842301275338388,0.8843049789510625,7.485141722374244e-05
0.7900000000000006,0.5728815884549323,0.5731189212792432,0.00023733282431093183,0.8845156314777727,0.8845900931263598,7.44616485871541e-05
0.7910000000000006,0.5731118473804605,0.5733494565644802,0.00023760918401971587,0.8848004313301324,0.8848745046768632,7.407334673081856e-05
0.7920000000000006,0.5733415384567755,0.5735794237277979,0.00023788527102241996,0.8850845288273215,0.8851582153341132,7.368650679173694e-05
0.7930000000000006,0.5735706630842712,0.5738088241692544,0.00023816108498320165,0.8853679257014581,0.8854412268253834,7.330112392534005e-05
0.7940000000000006,0.5737992226598867,0.5740376592854582,0.00023843662557154754,0.8856506236803922,0.8857235408736901,7.291719329793889e-05
0.7950000000000006,0.5740272185771169,0.5742659304695756,0.0002387118924587206,0.8859326244877092,0.8860051591978028,7.253471009360801e-05
0.7960000000000006,0.5742546522260201,0.57449363911134,0.00023898688531986956,0.8862139298427452,0.8862860835122554,7.215366951018876e-05
0.7970000000000006,0.5744815249932262,0.5747207865970595,0.0002392616038332518,0.8864945414605955,0.8865663155273558,7.177406676028841e-05
0.7980000000000006,0.5747078382619455,0.5749473743096261,0.00023953604768056636,0.8867744610521248,0.8868458569491967,7.139589707194638e-05
0.7990000000000006,0.574933593411977,0.5751734036285235,0.0002398102165465099,0.8870536903239781,0.887124709479666,7.101915568796802e-05
0.8000000000000006,0.5751587918197174,0.5753988759298363,0.00024008411011888775,0.887332230978593,0.8874028748164573,7.064383786425932e-05
0.8010000000000006,0.5753834348581683,0.5756237925862576,0.0002403577280892799,0.8876100847142054,0.8876803546530799,7.026993887448985e-05
0.8020000000000006,0.5756075238969458,0.5758481549670978,0.000240631070152042,0.887887253224865,0.8879571506788695,6.989745400454161e-05
0.8030000000000006,0.5758310603022881,0.5760719644382926,0.00024090413600441618,0.8881637382004431,0.888233264578998,6.952637855484056e-05
0.8040000000000006,0.5760540454370642,0.5762952223624115,0.0002411769253473084,0.8884395413266429,0.8885086980344844,6.915670784146677e-05
0.8050000000000006,0.5762764806607814,0.5765179300986664,0.0002414494378849552,0.8887146642850094,0.8887834527222044,6.878843719493322e-05
0.8060000000000006,0.5764983673295951,0.5767400890029193,0.00024172167332414674,0.888989108752942,0.8890575303149013,6.84215619592976e-05
0.8070000000000006,0.5767197067963161,0.5769617004276909,0.0002419936313747817,0.8892628764037014,0.8893309324811953,6.805607749393872e-05
0.8080000000000006,0.5769405004104182,0.577182765722169,0.0002422653117507556,0.889535968906422,0.889603660885595,6.769197917300129e-05
0.8090000000000006,0.5771607495180482,0.5774032862322162,0.0002425367141679624,0.8898083879261229,0.8898757171885059,6.732926238295356e-05
0.8100000000000006,0.5773804554620324,0.5776232633003784,0.00024280783834595976,0.8900801351237154,0.8901471030462417,6.696792252625094e-05
0.8110000000000006,0.5775996195818858,0.5778426982658931,0.00024307868400730293,0.8903512121560139,0.8904178201110343,6.660795502044792e-05
0.8120000000000006,0.5778182432138197,0.5780615924646973,0.0002433492508776558,0.8906216206757483,0.890687870031043,6.624935529464526e-05
0.8130000000000006,0.5780363276907503,0.5782799472294359,0.00024361953868556885,0.8908913623315717,0.8909572544503657,6.589211879393098e-05
0.8140000000000006,0.5782538743423069,0.5784977638894695,0.00024388954716259015,0.8911604387680702,0.8912259750090481,6.553624097793698e-05
0.8150000000000006,0.578470884494839,0.5787150437708827,0.00024415927604370946,0.8914288516257755,0.8914940333430941,6.518171731861866e-05
0.8160000000000006,0.5786873594714259,0.5789317881964923,0.00024442872506635904,0.8916966025411722,0.8917614310844755,6.48285433032525e-05
0.8170000000000006,0.5789033005918833,0.5791479984858545,0.0002446978939711908,0.891963693146709,0.892028169861142,6.447671443299274e-05
0.8180000000000006,0.5791187091727726,0.5793636759552746,0.00024496678250196524,0.8922301250708087,0.8922942512970313,6.412622622264941e-05
0.8190000000000006,0.5793335865274081,0.5795788219178135,0.0002452353904054405,0.8924958999378775,0.8925596770120792,6.377707420168743e-05
0.8200000000000006,0.5795479339658653,0.5797934376832962,0.0002455037174308172,0.8927610193683166,0.8928244486222283,6.34292539116732e-05
0.8210000000000006,0.579761752794989,0.5800075245583198,0.0002457717633308487,0.8930254849785293,0.8930885677394397,6.308276091038234e-05
0.8220000000000006,0.5799750443184006,0.5802210838462617,0.00024603952786106387,0.8932892983809333,0.8933520359717009,6.27375907675809e-05
0.8230000000000006,0.5801878098365074,0.5804341168472869,0.00024630701077943407,0.8935524611839694,0.8936148549230372,6.239373906780088e-05
0.8240000000000006,0.5804000506465091,0.5806466248583567,0.0002465742118475944,0.893814974992112,0.8938770261935202,6.205120140811982e-05
0.8250000000000006,0.5806117680424066,0.5808586091732358,0.0002468411308292895,0.8940768414058776,0.8941385513792788,6.170997340115836e-05
0.8260000000000006,0.5808229633150093,0.5810700710825011,0.0002471077674918165,0.8943380620218356,0.8943994320725075,6.137005067186063e-05
0.8270000000000006,0.5810336377519436,0.5812810118735486,0.00024737412160502625,0.8945986384326191,0.8946596698614774,6.10314288582714e-05
0.8280000000000006,0.5812437926376602,0.5814914328306017,0.000247640192941434,0.8948585722269317,0.8949192663305451,6.069410361342342e-05
0.8290000000000006,0.5814534292534425,0.5817013352347192,0.00024790598127677477,0.8951178649895594,0.8951782230601626,6.0358070603228064e-05
0.8300000000000006,0.5816625488774134,0.581910720363803,0.000248171486389559,0.8953765183013798,0.8954365416268868,6.002332550703038e-05
0.8310000000000006,0.5818711527845446,0.5821195894926051,0.00024843670806051765,0.8956345337393729,0.8956942236033895,5.968986401660992e-05
0.8320000000000006,0.582079242246663,0.5823279438927369,0.0002487016460739344,0.8958919128766268,0.8959512705584662,5.935768183940038e-05
0.8330000000000006,0.582286818532459,0.5825357848326755,0.00024896630021653543,0.8961486572823516,0.8962076840570466,5.902677469504791e-05
0.8340000000000006,0.5824938829074944,0.5827431135777723,0.00024923067027793344,0.8964047685218887,0.8964634656602035,5.869713831485601e-05
0.8350000000000006,0.5827004366342099,0.5829499313902602,0.0002494947560502947,0.8966602481567152,0.8967186169251623,5.836876844711458e-05
0.8360000000000006,0.5829064809719327,0.5831562395292614,0.00024975855732878305,0.8969150977444621,0.8969731394053108,5.8041660848662247e-05
0.8370000000000006,0.5831120171768845,0.5833620392507957,0.00025002207391111586,0.8971693188389144,0.8972270346502086,5.7715811294212216e-05
0.8380000000000006,0.5833170465021891,0.5835673318077869,0.00025028530559778606,0.8974229129900282,0.8974803042055964,5.7391215568247667e-05
0.8390000000000006,0.5835215701978793,0.5837721184500715,0.00025054825219217314,0.8976758817439349,0.8977329496134054,5.706786947057285e-05
0.8400000000000006,0.5837255895109061,0.5839764004244061,0.0002508109134999881,0.8979282266429546,0.8979849724117669,5.67457688123163e-05
0.8410000000000006,0.5839291056851443,0.5841801789744745,0.0002510732893301615,0.8981799492256034,0.8982363741350216,5.642490941815126e-05
0.8420000000000006,0.584132119961402,0.5843834553408956,0.0002513353794936224,0.8984310510266003,0.8984871563137286,5.61052871282941e-05
0.8430000000000006,0.5843346335774268,0.5845862307612313,0.00025159718380451945,0.8986815335768845,0.8987373204746748,5.578689779028867e-05
0.8440000000000006,0.5845366477679138,0.5847885064699934,0.00025185870207955485,0.898931398403614,0.8989868681408854,5.5469737271329755e-05
0.8450000000000006,0.5847381637645135,0.5849902836986512,0.00025211993413776224,0.8991806470301855,0.899235800831631,5.515380144549553e-05
0.8460000000000006,0.5849391827958389,0.5851915636756401,0.00025238087980117285,0.8994292809762348,0.8994841200624388,5.483908620407263e-05
0.8470000000000006,0.5851397060874727,0.5853923476263669,0.00025264153889426044,0.899677301757652,0.8997318273451008,5.4525587448783774e-05
0.8480000000000006,0.5853397348619755,0.5855926367732196,0.00025290191124405226,0.8999247108865879,0.8999789241876832,5.4213301095340505e-05
0.8490000000000006,0.585539270338893,0.5857924323355732,0.0002531619966802401,0.9001715098714643,0.9002254120945357,5.3902223071333744e-05
0.8500000000000006,0.5857383137347629,0.585991735529798,0.00025342179503506923,0.9004177002169835,0.9004712925663008,5.3592349317233e-05
0.8510000000000006,0.5859368662631229,0.5861905475692667,0.0002536813061437826,0.9006632834241352,0.9007165670999223,5.328367578716353e-05
0.8520000000000006,0.5861349291345183,0.5863888696643615,0.0002539405298432884,0.9009082609902093,0.9009612371886555,5.2976198446241796e-05
0.8530000000000006,0.5863325035565086,0.5865867030224823,0.00025419946597371457,0.901152634408802,0.9012053043220751,5.2669913273128977e-05
0.8540000000000006,0.5865295907336752,0.5867840488480528,0.00025445811437763144,0.9013964051698259,0.9014487699860851,5.236481625925382e-05
0.8550000000000006,0.5867261918676294,0.5869809083425293,0.00025471647489982985,0.9016395747595197,0.9016916356629274,5.206090340770242e-05
0.8560000000000006,0.5869223081570187,0.5871772827044066,0.00025497454738787617,0.901882144660456,0.9019339028311915,5.175817073543865e-05
0.8570000000000007,0.5871179407975348,0.5873731731292268,0.0002552323316920013,0.9021241163515522,0.9021755729658224,5.1456614270195544e-05
0.8580000000000007,0.5873130909819204,0.5875685808095849,0.0002554898276644346,0.9023654913080779,0.9024166475381303,5.115623005247372e-05
0.8590000000000007,0.5875077598999767,0.5877635069351373,0.000255747035160625,0.9026062710016631,0.9026571280158,5.08570141368736e-05
0.8600000000000007,0.5877019487385711,0.5879579526926086,0.0002560039540375758,0.9028464569003108,0.9028970158628986,5.05589625877656e-05
0.8610000000000007,0.5878956586816438,0.5881519192657991,0.00025626058415528785,0.9030860504684015,0.9031363125398857,5.026207148417505e-05
0.8620000000000007,0.5880888909102151,0.5883454078355912,0.0002565169253760935,0.9033250531667061,0.9033750195036211,4.996633691500829e-05
0.8630000000000007,0.5882816466023929,0.5885384195799578,0.0002567729775648786,0.9035634664523909,0.9036131382073748,4.967175498382659e-05
0.8640000000000007,0.5884739269333796,0.5887309556739685,0.0002570287405888605,0.9038012917790315,0.9038506701008351,4.937832180362811e-05
0.8650000000000007,0.5886657330754796,0.5889230172897971,0.00025728421431747694,0.9040385305966148,0.9040876166301176,4.908603350284313e-05
0.8660000000000007,0.5888570661981058,0.5891146055967291,0.00025753939862327435,0.9042751843515551,0.9043239792377742,4.879488621911676e-05
0.8670000000000007,0.589047927467788,0.5893057217611678,0.0002577942933797983,0.904511254486698,0.9045597593628016,4.850487610363885e-05
0.8680000000000007,0.5892383180481781,0.5894963669466425,0.0002580488984644802,0.9047467424413308,0.9047949584406505,4.8215999319700664e-05
0.8690000000000007,0.589428239100059,0.5896865423138153,0.0002583032137563057,0.9049816496511917,0.9050295779032337,4.7928252042028774e-05
0.8700000000000007,0.5896176917813507,0.5898762490204874,0.00025855723913670303,0.9052159775484786,0.9052636191789353,4.764163045667402e-05
0.8710000000000007,0.5898066772471178,0.5900654882216074,0.00025881097448965384,0.9054497275618553,0.9054970836926192,4.735613076389811e-05
0.8720000000000007,0.5899951966495761,0.5902542610692774,0.00025906441970124927,0.9056829011164649,0.9057299728656381,4.707174917317758e-05
0.8730000000000007,0.5901832511381,0.59044256871276,0.0002593175746600229,0.9059154996339337,0.9059622881158416,4.6788481907866775e-05
0.8740000000000007,0.5903708418592295,0.5906304122984862,0.00025957043925672885,0.906147524532383,0.9061940308575853,4.650632520231124e-05
0.8750000000000007,0.5905579699566768,0.5908177929700613,0.0002598230133845636,0.9063789772264376,0.9064252025017392,4.622527530162568e-05
0.8760000000000007,0.5907446365713338,0.5910047118682726,0.00026007529693883313,0.9066098591272307,0.9066558044556963,4.594532846557975e-05
0.8770000000000007,0.5909308428412785,0.5911911701310959,0.00026032728981739695,0.9068401716424196,0.9068858381233813,4.566648096171466e-05
0.8780000000000007,0.5911165899017827,0.591377168893703,0.00026057899192022393,0.9070699161761856,0.9071153049052588,4.5388729073225775e-05
0.8790000000000007,0.5913018788853179,0.5915627092884674,0.00026083040314950345,0.9072990941292505,0.9073442061983427,4.511206909219023e-05
0.8800000000000007,0.5914867109215635,0.591747792444973,0.0002610815234095343,0.9075277068988804,0.9075725433962032,4.4836497322786606e-05
0.8810000000000007,0.5916710871374121,0.5919324194900192,0.00026133235260705767,0.9077557558788943,0.907800317888977,4.456201008262717e-05
0.8820000000000007,0.5918550086569779,0.5921165915476292,0.0002615828906512574,0.9079832424596764,0.9080275310633743,4.428860369787291e-05
0.8830000000000007,0.5920384766016026,0.5923003097390558,0.0002618331374532046,0.9082101680281798,0.9082541843026883,4.40162745085626e-05
0.8840000000000007,0.5922214920898625,0.5924835751827885,0.00026208309292596876,0.9084365339679379,0.9084802789868032,4.374501886528215e-05
0.8850000000000007,0.5924040562375755,0.5926663889945609,0.00026233275698539504,0.9086623416590719,0.9087058164922024,4.3474833130496826e-05
0.8860000000000007,0.5925861701578075,0.5928487522873567,0.0002625821295492159,0.9088875924782996,0.9089307981919771,4.320571367744108e-05
0.8870000000000007,0.5927678349608796,0.5930306661714169,0.0002628312105372732,0.9091122877989444,0.9091552254558348,4.293765689045159e-05
0.8880000000000007,0.5929490517543747,0.5932121317542463,0.0002630799998715183,0.9093364289909401,0.9093790996501074,4.267065916729873e-05
0.8890000000000007,0.5931298216431442,0.5933931501406208,0.00026332849747656706,0.909560017420846,0.9096024221377598,4.2404716913746476e-05
0.8900000000000007,0.5933101457293146,0.5935737224325932,0.0002635767032785896,0.9097830544518467,0.9098251942783976,4.213982655087989e-05
0.8910000000000007,0.593490025112295,0.593753849729501,0.0002638246172059766,0.91000554144377,0.9100474174282763,4.187598450633434e-05
0.8920000000000007,0.5936694608887823,0.593933533127972,0.0002640722391897832,0.9102274797530854,0.9102690929403084,4.1613187223066284e-05
0.8930000000000007,0.5938484541527697,0.5941127737219318,0.0002643195691621747,0.9104488707329204,0.9104902221640732,4.135143115280293e-05
0.8940000000000007,0.5940270059955517,0.5942915726026102,0.0002645666070585362,0.9106697157330634,0.9107108064458231,4.1090712759705994e-05
0.8950000000000007,0.5942051175057323,0.5944699308585478,0.0002648133528154739,0.9108900160999757,0.9109308471284936,4.083102851792919e-05
0.8960000000000007,0.5943827897692301,0.5946478495756026,0.0002650598063724807,0.9111097731767968,0.9111503455517103,4.057237491350563e-05
0.8970000000000007,0.5945600238692861,0.5948253298369565,0.0002653059676703817,0.9113289883033538,0.9113693030517973,4.0314748443459614e-05
0.8980000000000007,0.5947368208864698,0.5950023727231221,0.0002655518366522225,0.9115476628161707,0.9115877209617859,4.005814561514054e-05
0.8990000000000007,0.5949131818986859,0.5951789793119494,0.00026579741326349104,0.9117657980484739,0.9118056006114219,3.980256294799922e-05
0.9000000000000007,0.5950891079811809,0.5953551506786321,0.00026604269745122977,0.9119833953302031,0.9120229433271745,3.954799697136746e-05
0.9010000000000007,0.5952646002065491,0.5955308878957143,0.00026628768916514556,0.9122004559880181,0.9122397504322434,3.92944442252352e-05
0.9020000000000007,0.5954396596447404,0.5957061920330969,0.0002665323883564996,0.9124169813453051,0.9124560232465678,3.9041901262693024e-05
0.9030000000000007,0.5956142873630657,0.5958810641580441,0.00026677679497844053,0.9126329727221895,0.9126717630868341,3.879036464460306e-05
0.9040000000000007,0.5957884844262034,0.5960555053351899,0.0002670209089865594,0.9128484314355384,0.9128869712664837,3.8539830945261144e-05
0.9050000000000007,0.5959622518962069,0.596229516626545,0.0002672647303381126,0.9130633587989734,0.9131016490957211,3.8290296747733876e-05
0.9060000000000007,0.5961355908325101,0.5964030990915026,0.000267508258992466,0.913277756122875,0.9133157978815223,3.8041758647300306e-05
0.9070000000000007,0.5963085022919342,0.5965762537868453,0.00026775149491109485,0.9134916247143926,0.913529418927642,3.779421324934251e-05
0.9080000000000007,0.5964809873286943,0.5967489817667514,0.00026799443805713974,0.9137049658774523,0.913742513534622,3.754765716967867e-05
0.9090000000000007,0.5966530469944051,0.5969212840828012,0.00026823708839607274,0.9139177809127647,0.9139550829997994,3.73020870347851e-05
0.9100000000000007,0.5968246823380889,0.597093161783984,0.00026847944589503125,0.9141300711178316,0.914167128617314,3.7057499482351375e-05
0.9110000000000007,0.5969958944061802,0.5972646159167031,0.00026872151052292903,0.9143418377869555,0.9143786516781162,3.6813891160614176e-05
0.9120000000000007,0.5971666842425327,0.597435647524784,0.00026896328225123334,0.9145530822112471,0.9145896534699749,3.65712587278022e-05
0.9130000000000007,0.5973370528884264,0.5976062576494793,0.00026920476105285474,0.9147638056786334,0.9148001352774858,3.6329598852469225e-05
0.9140000000000007,0.5975070013825732,0.5977764473294759,0.0002694459469027022,0.9149740094738634,0.9150100983820786,3.608890821515942e-05
0.9150000000000007,0.5976765307611231,0.5979462176009007,0.000269686839777572,0.9151836948785205,0.9152195440620253,3.5849183504854665e-05
0.9160000000000007,0.597845642057671,0.5981155694973275,0.00026992743965648103,0.9153928631710248,0.9154284735924476,3.5610421422860306e-05
0.9170000000000007,0.5980143363032631,0.5982845040497826,0.0002701677465195562,0.9156015156266459,0.9156368882453246,3.537261867869734e-05
0.9180000000000007,0.5981826145264024,0.5984530222867518,0.0002704077603493671,0.9158096535175064,0.9158447892895012,3.5135771994765364e-05
0.9190000000000007,0.5983504777530557,0.5986211252341864,0.0002706474811307036,0.9160172781125937,0.9160521779906949,3.4899878101235515e-05
0.9200000000000007,0.5985179270066598,0.5987888139155093,0.00027088690884946587,0.9162243906777634,0.9162590556115047,3.4664933741268555e-05
0.9210000000000007,0.5986849633081273,0.598956089351621,0.00027112604349377456,0.9164309924757505,0.9164654234114171,3.443093566657396e-05
0.9220000000000007,0.5988515876758531,0.5991229525609065,0.0002713648850534156,0.9166370847661767,0.9166712826468155,3.4197880638853206e-05
0.9230000000000007,0.5990178011257208,0.5992894045592412,0.0002716034335203954,0.9168426688055555,0.916876634570987,3.396576543146512e-05
0.9240000000000007,0.5991836046711088,0.5994554463599965,0.00027184168888771953,0.9170477458473038,0.91708148043413,3.3734586826206225e-05
0.9250000000000007,0.5993489993228955,0.5996210789740473,0.0002720796511517243,0.9172523171417453,0.9172858214833615,3.350434161619731e-05
0.9260000000000007,0.5995139860894676,0.5997863034097763,0.0002723173203087459,0.9174563839361206,0.9174896589627258,3.3275026605217306e-05
0.9270000000000007,0.5996785659767243,0.5999511206730822,0.0002725546963578962,0.9176599474745963,0.9176929941132013,3.3046638604927736e-05
0.9280000000000007,0.5998427399880839,0.6001155317673841,0.0002727917793001744,0.9178630089982679,0.9178958281727079,3.2819174439979726e-05
0.9290000000000007,0.6000065091244908,0.6002795376936286,0.00027302856913780094,0.9180655697451731,0.918098162376115,3.2592630941907785e-05
0.9300000000000007,0.6001698743844203,0.6004431394502957,0.00027326506587543875,0.9182676309502937,0.9182999979552485,3.2367004954791945e-05
0.9310000000000007,0.6003328367638856,0.6006063380334046,0.000273501269518972,0.9184691938455675,0.9185013361388991,3.214229333159402e-05
0.9320000000000007,0.6004953972564437,0.6007691344365199,0.0002737371800761723,0.9186702596598936,0.918702178152829,3.191849293537885e-05
0.9330000000000007,0.6006575568532013,0.6009315296507579,0.00027397279755658754,0.9188708296191406,0.9189025252197796,3.169560063898125e-05
0.9340000000000007,0.6008193165428206,0.6010935246647922,0.000274208121971542,0.9190709049461538,0.9191023785594793,3.147361332545007e-05
0.9350000000000007,0.6009806773115262,0.6012551204648602,0.00027444315333402525,0.9192704868607627,0.9193017393886502,3.125252788749311e-05
0.9360000000000007,0.6011416401431098,0.6014163180347688,0.00027467789165902534,0.91946957657979,0.9195006089210163,3.1032341226255866e-05
0.9370000000000007,0.6013022060189377,0.6015771183559001,0.00027491233696241846,0.9196681753170539,0.9196989883673105,3.0813050256539576e-05
0.9380000000000007,0.6014623759179553,0.6017375224072182,0.00027514648926296736,0.9198662842833834,0.9198968789352817,3.059465189836352e-05
0.9390000000000007,0.6016221508166943,0.6018975311652747,0.000275380348580323,0.920063904686619,0.920094281829703,3.0377143083959446e-05
0.9400000000000007,0.6017815316892783,0.6020571456042139,0.00027561391493557963,0.9202610377316225,0.9202911982523779,3.0160520755440068e-05
0.9410000000000007,0.601940519507428,0.6022163666957803,0.00027584718835227395,0.9204576846202853,0.9204876294021485,2.9944781863133763e-05
0.9420000000000007,0.6020991152404679,0.6023751954093233,0.000276080168855386,0.9206538465515338,0.9206835764749025,2.972992336869318e-05
0.9430000000000007,0.6022573198553323,0.6025336327118033,0.000276312856471006,0.9208495247213389,0.9208790406635804,2.9515942241542525e-05
0.9440000000000007,0.6024151343165703,0.6026916795677982,0.00027654525122788876,0.921044720322721,0.921074023158183,2.93028354619862e-05
0.9450000000000007,0.6025725595863531,0.6028493369395086,0.00027677735315545515,0.9212394345457577,0.9212685251457784,2.9090600020653667e-05
0.9460000000000007,0.6027295966244787,0.6030066057867636,0.00027700916228490247,0.9214336685775942,0.9214625478105093,2.8879232915057784e-05
0.9470000000000007,0.6028862463883777,0.6031634870670275,0.00027724067864975943,0.9216274236024454,0.9216560923336001,2.866873115470181e-05
0.9480000000000007,0.6030425098331201,0.6033199817354048,0.000277471902284665,0.9218207008016073,0.9218491598933647,2.8459091757415678e-05
0.9490000000000007,0.6031983879114204,0.6034760907446459,0.0002777028332254794,0.922013501353462,0.9220417516652126,2.825031175057724e-05
0.9500000000000007,0.6033538815736437,0.6036318150451541,0.00027793347151039427,0.9222058264334855,0.9222338688216569,2.804238817144533e-05
0.9510000000000007,0.6035089917678108,0.6037871555849897,0.00027816381717893357,0.9223976772142558,0.9224255125323215,2.7835318065716486e-05
0.9520000000000007,0.6036637194396053,0.6039421133098775,0.00027839387027217555,0.9225890548654581,0.9226166839639475,2.7629098489412307e-05
0.9530000000000007,0.6038180655323783,0.6040966891632108,0.0002786236308325307,0.9227799605538936,0.9228073842804008,2.742372650721414e-05
0.9540000000000007,0.6039720309871544,0.6042508840860586,0.000278853098904297,0.9229703954434849,0.922997614642679,2.7219199194128407e-05
0.9550000000000007,0.6041256167426376,0.6044046990171708,0.0002790822745331045,0.9231603606952862,0.923187376208919,2.7015513632822064e-05
0.9560000000000007,0.6042788237352167,0.6045581348929834,0.0002793111577666929,0.9233498574674868,0.9233766701344033,2.6812666916509187e-05
0.9570000000000007,0.6044316528989717,0.6047111926476252,0.00027953974865346787,0.9235388869154201,0.9235654975715673,2.6610656147174616e-05
0.9580000000000007,0.6045841051656788,0.6048638732129229,0.0002797680472440556,0.9237274501915701,0.9237538596700066,2.640947843646213e-05
0.9590000000000007,0.6047361814648161,0.6050161775184064,0.00027999605359030344,0.9239155484455802,0.9239417575764834,2.620913090323196e-05
0.9600000000000007,0.6048878827235699,0.6051681064913156,0.0002802237677457242,0.924103182824255,0.9241291924349344,2.600961067944496e-05
0.9610000000000007,0.6050392098668395,0.6053196610566045,0.0002804511897650519,0.9242903544715758,0.9243161653864769,2.58109149010588e-05
0.9620000000000007,0.6051901638172434,0.6054708421369486,0.0002806783197051299,0.9244770645286982,0.9245026775694158,2.5613040717686886e-05
0.9630000000000007,0.6053407454951252,0.6056216506527489,0.00028090515762368984,0.9246633141339662,0.9246887301192515,2.5415985285270892e-05
0.9640000000000007,0.6054909558185584,0.6057720875221384,0.0002811317035800176,0.9248491044229158,0.9248743241686853,2.521974576952246e-05
0.9650000000000007,0.6056407957033523,0.6059221536609878,0.0002813579576355085,0.9250344365282818,0.9250594608476278,2.502431934603422e-05
0.9660000000000007,0.6057902660630581,0.6060718499829101,0.00028158391985200204,0.9252193115800074,0.9252441412832045,2.482970319717115e-05
0.9670000000000007,0.6059393678089737,0.6062211773992676,0.0002818095902938911,0.9254037307052474,0.9254283665997638,2.463589451640047e-05
0.9680000000000007,0.60608810185015,0.606370136819176,0.00028203496902590164,0.9255876950283776,0.9256121379188829,2.4442890505294024e-05
0.9690000000000007,0.6062364690933957,0.606518729149511,0.00028226005611531324,0.9257712056710011,0.9257954563593751,2.4250688373972373e-05
0.9700000000000008,0.6063844704432833,0.6066669552949135,0.0002824848516302936,0.9259542637519543,0.9259783230372967,2.4059285342326042e-05
0.9710000000000008,0.6065321068021544,0.6068148161577945,0.00028270935564012056,0.9261368703873148,0.9261607390659533,2.3868678638461205e-05
0.9720000000000008,0.6066793790701257,0.6069623126383421,0.0002829335682164036,0.9263190266904083,0.9263427055559074,2.3678865499032753e-05
0.9730000000000008,0.6068262881450934,0.6071094456345248,0.00028315748943141816,0.9265007337718145,0.9265242236149841,2.3489843169577362e-05
0.9740000000000008,0.6069728349227403,0.6072562160420993,0.0002833811193589941,0.9266819927393738,0.9267052943482789,2.3301608905068605e-05
0.9750000000000008,0.6071190202965395,0.6074026247546139,0.0002836044580744046,0.9268628046981947,0.9268859188581636,2.3114159968917747e-05
0.9760000000000008,0.6072648451577611,0.6075486726634157,0.00028382750565458803,0.9270431707506608,0.9270660982442935,2.2927493632751705e-05
0.9770000000000008,0.607410310395477,0.6076943606576547,0.0002840502621777041,0.9272230919964369,0.9272458336036139,2.274160717696816e-05
0.9780000000000008,0.6075554168965667,0.6078396896242896,0.0002842727277229118,0.9274025695324752,0.927425126030367,2.255649789173475e-05
0.9790000000000008,0.6077001655457224,0.6079846604480938,0.00028449490237147934,0.9275816044530235,0.9276039766160982,2.2372163074657614e-05
0.9800000000000008,0.6078445572254547,0.60812927401166,0.0002847167862052302,0.9277601978496316,0.9277823864496627,2.2188600031114447e-05
0.9810000000000008,0.6079885928160975,0.6082735311954056,0.0002849383793080973,0.9279383508111555,0.9279603566172329,2.2005806077363133e-05
0.9820000000000008,0.6081322731958141,0.6084174328775793,0.00028515968176523465,0.9281160644237672,0.9281378882023041,2.1823778536989025e-05
0.9830000000000008,0.6082755992406019,0.6085609799342643,0.0002853806936623515,0.9282933397709605,0.9283149822857018,2.1642514741238017e-05
0.9840000000000008,0.6084185718242978,0.6087041732393854,0.0002856014150875996,0.9284701779335555,0.9284916399455874,2.146201203190312e-05
0.9850000000000008,0.6085611918185841,0.6088470136647138,0.00028582184612968575,0.9286465799897082,0.9286678622574659,2.1282267757660733e-05
0.9860000000000008,0.6087034600929933,0.6089895020798722,0.0002860419868789821,0.9288225470149155,0.9288436502941914,2.1103279275846987e-05
0.9870000000000008,0.608845377514913,0.6091316393523404,0.00028626183742741507,0.9289980800820216,0.9290190051259745,2.0925043952901845e-05
0.9880000000000008,0.6089869449495924,0.6092734263474598,0.0002864813978674663,0.9291731802612258,0.929193927820388,2.0747559162259677e-05
0.9890000000000008,0.6091281632601466,0.6094148639284404,0.00028670066829372676,0.9293478486200862,0.9293684194423741,2.057082228790197e-05
0.9900000000000008,0.6092690333075621,0.6095559529563637,0.0002869196488015646,0.9295220862235307,0.9295424810542507,2.0394830720027457e-05
0.9910000000000008,0.6094095559507022,0.6096966942901901,0.00028713833948790235,0.9296958941338592,0.9297161137157175,2.0219581858271773e-05
0.9920000000000008,0.6095497320463121,0.609837088786763,0.00028735674045088366,0.9298692734107519,0.9298893184838626,2.0045073110708245e-05
0.9930000000000008,0.6096895624490242,0.6099771373008138,0.0002875748517896515,0.9300422251112769,0.9300620964131694,1.9871301892515625e-05
0.9940000000000008,0.6098290480113628,0.6101168406849683,0.0002877926736054581,0.9302147502898935,0.9302344485555224,1.9698265628864675e-05
0.9950000000000008,0.6099681895837505,0.6102561997897502,0.000288010205999667,0.9303868499984631,0.9304063759602141,1.9525961751032384e-05
0.9960000000000008,0.6101069880145122,0.6103952154635879,0.0002882274490756398,0.9305585252862503,0.930577879673951,1.9354387700731834e-05
0.9970000000000008,0.6102454441498809,0.6105338885528189,0.0002884444029379596,0.9307297771999341,0.9307489607408603,1.9183540926226428e-05
0.9980000000000008,0.6103835588340025,0.6106722199016946,0.00028866106769209754,0.9309006067836114,0.9309196202024957,1.901341888432828e-05
0.9990000000000008,0.610521332908941,0.6108102103523864,0.0002888774434454122,0.9310710150788044,0.9310898590978447,1.8844019040287208e-05
1.0000000000000007,0.6106587672146844,0.6109478607449897,0.0002890935303053732,0.9312410031244668,0.9312596784633338,1.8675338867013558e-05
